Book Date,  Description,  Book Balance,  Credit,  Debit,  Value Date,  Ref/Chq NO,  Transaction Branch
1/1/2026,Opening balance,"-160,915,984.51",,,,,
, AUTO INTEREST PAYMENT ON WCDL AGAINST 572LN01253370003,,,"-1,613,836.00", 01/01/2026, 572LN01253370003, SECTOR-53
, ODEX INDIA SOL-1100B0226012139,,,"-92,526.16", 01/01/2026, HDFCH00707732288," NETBANK, MUMBAI"
, 601019028430CMR YES BANK,,,"-100,000.00", 01/01/2026, HDFCH00708794115," NETBANK, MUMBAI"
, FT601019028509-CMR NIKKEI INDIA PVT LTD 1274 FT-00930310001274,," 50,000,000.00",, 01/01/2026, 601019028509," NETBANK, MUMBAI"
, CHCEJB3172CW6G-CBICICEGATE,,,"-8,247,847.00", 01/01/2026, 601018646128," NETBANK, MUMBAI"
, CHCE7HG172DHVI-CBICICEGATE,,,"-8,102,330.00", 01/01/2026, 601018651203," NETBANK, MUMBAI"
1/2/2026,Opening balance,"-129,072,523.67",,,,,
, AUTO WCDL LIQUIDATED AGAINST 572LN01253370003,,,"-70,872,818.00", 02/01/2026, 572LN01253370003, SECTOR-53
, AUTO INTEREST PAYMENT ON WCDL AGAINST 572LN01253370003,,,"-54,658.00", 02/01/2026, 572LN01253370003, SECTOR-53
, IMPS CR ECMS-9211-CMRGR1100LCU101110-OMNAMOMETAL-922020066935237,," 282,000.00",, 02/01/2026, 600228343982, FARIDABAD HARYANA
, WCDL LIQUIDATED AGAINST 572LN01253370003,,,"-229,127,182.00", 02/01/2026, 572LN01253370003, FARIDABAD HARYANA
, COMM ON LIQD OF IMP COLL BILL,,,-177, 02/01/2026, 612BC05260020001," KUNDLI, SONEPAT"
, RTGS Cr ECMS-UTIB0000310-CMRLTD201LCU101189-KRISHNA METALS-924030074634765,," 2,950,000.00",, 02/01/2026, UTIBR62026010247570582, FORT
, 57500000342857-2857,,,"-7,300,000.00", 02/01/2026, 601029846844," NETBANK, MUMBAI"
, ODEX INDIA SOL-1100B0226012263,,,"-148,674.10", 02/01/2026, HDFCH00710467375," NETBANK, MUMBAI"
, ODEX INDIA SOL-1100B0226012264,,,"-279,539.64", 02/01/2026, HDFCH00710468104," NETBANK, MUMBAI"
, ODEX INDIA SOL-1100B0226012249,,,"-280,639.40", 02/01/2026, HDFCH00710471369," NETBANK, MUMBAI"
, CMA CGM AGENCI-1100B0226012261,,,"-19,666.52", 02/01/2026, HDFCH00710472664," NETBANK, MUMBAI"
, ODEX INDIA SOL-1100B0226012250,,,"-452,226.57", 02/01/2026, HDFCH00710470214," NETBANK, MUMBAI"
, ODEX INDIA SOL-1100B0226012262,,,"-280,639.40", 02/01/2026, HDFCH00710472774," NETBANK, MUMBAI"
, RTGS Cr-KKBK0000958-CMR Green Technologies Limited-CMR Green Technologies Limited-KKBKR52025123100466726,," 30,514,178.10",, 02/01/2026, KKBKR52025123100466726, FORT
, FT CR ECMS-CMRGR1100LCU101874-JSN RECYCLING-50200066284760,," 110,000.00",, 02/01/2026, 000396, ANSARI ROAD
, WCDL DISBURSED AGAINST 572LN01260020005,," 300,000,000.00",, 02/01/2026, 572LN01260020005, SECTOR-53
, FT Cr ECMS-CMRGR1100LCU101315-HERO MOTOCORP LIMITED 315-00030110000315,," 10,868,976.74",, 02/01/2026, 601029613091," NETBANK, MUMBAI"
, COMM ON LIQD OF IMP COLL BILL,,,-177, 02/01/2026, 612BC05260020004," KUNDLI, SONEPAT"
, NEFT Cr-KKBK0000958-Kotak Mahindra Bank-CMR GREEN TECHNOLOGIES LIMITED-KKBKH26002685712,," 5,225.36",, 02/01/2026, KKBKH26002685712, FORT
, FT Cr ECMS-CMRLTD202LCU100983-TOLA TRADING AND CASTING WORKS-50200035571033,," 655,500.00",, 02/01/2026, NBVOWCAMVTN3MHZO," NETBANK, MUMBAI"
, AUTO SWEEPOUT TO CMR GREEN TECHNOLOGI 57500000342857,," 188,012.90",, 02/01/2026,, FARIDABAD HARYANA
1/3/2026,Opening balance,"-92,315,028.20",,,,,
, RTGS Cr ECMS-MAHB0000782-CMRGR1100LCU101872-SHRI KRISHNA METAL EXTRUDERS P-00000060403068056,," 8,817,500.00",, 03/01/2026, MAHBR52026010322589437, FORT
, RTGS Cr ECMS-KKBK0000958-CMRGR1100LCU101760-NIA METALS-3347508444,," 280,000.00",, 03/01/2026, KKBKR52026010300731477, FORT
, NEFT Cr ECMS-ICIC0SF0002-CMRGR1100LCU101579-SHIVAANYA METAL - ALLOYS-032705008599,," 49,000.00",, 03/01/2026, IN42600353811650, FORT
, IMPS CR ECMS-9211-CMRGR1100LCU101769-NAEEMJAVED-919020035458367,," 8,000.00",, 03/01/2026, 600332497290, FARIDABAD HARYANA
, COMM ON EXPORT COLL BILL,,,-177, 03/01/2026, 612BC73260030016," KUNDLI, SONEPAT"
, COMM ON EXPORT COLL BILL,,,-177, 03/01/2026, 612BC63260030003," KUNDLI, SONEPAT"
, COMM ON EXPORT COLL BILL,,,-177, 03/01/2026, 612BC73260030017," KUNDLI, SONEPAT"
, COMM ON EXPORT COLL BILL,,,-177, 03/01/2026, 612BC63260030004," KUNDLI, SONEPAT"
, COMM ON EXPORT COLL BILL,,,-177, 03/01/2026, 612BC73260030018," KUNDLI, SONEPAT"
, COMM ON EXPORT COLL BILL,,,-177, 03/01/2026, 612BC63260030005," KUNDLI, SONEPAT"
, COMM ON EXPORT COLL BILL,,,-177, 03/01/2026, 612BC63260030006," KUNDLI, SONEPAT"
, RTGS Cr ECMS-BARB0BLYALI-CMRLTD201LCU100188-TAJ METALS-26880500003723,," 550,000.00",, 03/01/2026, BARBR52026010300905921, FORT
, FT CR ECMS-CMRGE1100LCU101955-JIO BRICKS-50200070195322,," 50,000.00",, 03/01/2026, 000062, HARIJ
, RTGS Cr ECMS-SBIN0004849-CMRGR1100LCU101784-ZINIC ENTERPRISES-42150693862,," 3,110,600.00",, 03/01/2026, SBINR12026010311669796, FORT
, FT Cr ECMS-CMRLTD201LCU100820-MOHINI INDUSTRIES-50200033588193,," 1,343,000.00",, 03/01/2026, NBFLZFIYSAMWVMOU," NETBANK, MUMBAI"
, RTGS Cr ECMS-BARB0BLYALI-CMRLTD201LCU100188-TAJ METALS-26880500003723,," 255,000.00",, 03/01/2026, BARBR52026010300932999, FORT
, FT- 1400508425 - 0023017416 - 57500000579710 -RICO AUTO INDUSTRIES LTD,," 10,949,538.92",, 03/01/2026, 1400508425, CBX Internet System Mumbai
, IMPS-600317552307-MARUTIS MARUTI SUZUKI INDIA LIMITED-KKBK-xxxxxxxxxx2754-KKBKTransfer,, 1.00,, 03/01/2026, 600317552307, FARIDABAD HARYANA
, IMPS-600317553410-MARUTIS MARUTI SUZUKI INDIA LIMITED-KKBK-xxxxxxxxxx2754-KKBKTransfer,, 1.00,, 03/01/2026, 600317553410, FARIDABAD HARYANA
, RTGS Cr-YESB0000403-TRADE CLEARING ACCOUNT-CMR GREEN TECHNOLOGIES LIMITED-YESBR52026010356919248,," 3,871,796.00",, 03/01/2026, YESBR52026010356919248, FORT
, RTGS Cr-YESB0000403-TRADE CLEARING ACCOUNT-CMR GREEN TECHNOLOGIES LIMITED-YESBR52026010356919200,," 6,255,407.00",, 03/01/2026, YESBR52026010356919200, FORT
, RTGS Cr-YESB0000403-TRADE CLEARING ACCOUNT-CMR GREEN TECHNOLOGIES LIMITED-YESBR52026010356918925,," 5,244,455.00",, 03/01/2026, YESBR52026010356918925, FORT
, RTGS Cr-YESB0000403-TRADE CLEARING ACCOUNT-CMR GREEN TECHNOLOGIES LIMITED-YESBR52026010356918944,," 6,214,325.00",, 03/01/2026, YESBR52026010356918944, FORT
1/4/2026,Opening balance,"-45,317,643.28",,,,,
, FT Cr ECMS-CMRGE1100LCU101958-ALF METALS-50200069457979,, 100.00,, 04/01/2026, HDFCEEF6A01C871A," NETBANK, MUMBAI"
1/5/2026,Opening balance,"-45,317,543.28",,,,,
, FT Cr ECMS-CMRGR1100LCU101079-PARTH METALS-50200114258927,," 2,997,200.00",, 05/01/2026, NBFOLPBSXNGQ9AVG," NETBANK, MUMBAI"
, RTGS Cr ECMS-KKBK0000958-CMRGR1100LCU101760-NIA METALS-3347508444,," 279,000.00",, 05/01/2026, KKBKR52026010500653223, FORT
, FT CR ECMS-CMRGR1100LCU101958-ALF METALS-50200069457979,," 883,200.00",, 05/01/2026, 000036, SECTOR 55 FARIDABAD
, FT Cr ECMS-CMRLTD201LCU100820-MOHINI INDUSTRIES-50200033588193,," 1,343,000.00",, 05/01/2026, NBSNR3X04ACCQZCI," NETBANK, MUMBAI"
, ODEX INDIA SOL-1100B0226012301,,,"-715,106.81", 05/01/2026, HDFCH00716575309," NETBANK, MUMBAI"
, ODEX INDIA SOL-1100B0226012303,,,"-2,267,240.20", 05/01/2026, HDFCH00716578751," NETBANK, MUMBAI"
, ODEX INDIA SOL-1100B0226012302,,,"-2,182,945.72", 05/01/2026, HDFCH00716571648," NETBANK, MUMBAI"
, COMM ON EXPORT COLL BILL,,,-177, 05/01/2026, 612BC73260050013," KUNDLI, SONEPAT"
, 601052365780Abhishek Gupta 11390,,,"-100,000.00", 05/01/2026, HDFCH00716600026," NETBANK, MUMBAI"
, FT Cr ECMS-CMRGR1100LCU101564-SUNLITE RECYCLING INDUSTRIES L-50200073104369,," 26,505,632.00",, 05/01/2026, 1402355380, CBX Internet System Mumbai
, COMM ON EXPORT COLL BILL,,,-177, 05/01/2026, 612BC73260050014," KUNDLI, SONEPAT"
, NEFT Cr ECMS-KKBK0000958-CMRGE1100LCU101962-URBAN METALS REPBIN COMPANY-6450815799,," 100,000.00",, 05/01/2026, KKBKH26005718877, FORT
, COMM ON EXPORT COLL BILL,,,-177, 05/01/2026, 612BC73260050017," KUNDLI, SONEPAT"
, RTGS Cr ECMS-ICIC0003581-CMRGR1100LSU102994-U P GREEN RECYCLING CO-358105500284,," 3,000,000.00",, 05/01/2026, ICICR52026010500445443, FORT
, 57500000863497-eco,,,"-90,000,000.00", 05/01/2026, 601052728702," NETBANK, MUMBAI"
, 12540310000177-177,,,"-20,300,000.00", 05/01/2026, 601052727680," NETBANK, MUMBAI"
," RTGS Dr-RATN0000990-CMRGreenTechnologiesLimited-NETBANK, MUM-HDFCR52026010553403177",,,"-322,192.00", 05/01/2026, HDFCR52026010553403177," NETBANK, MUMBAI"
, ODEX INDIA SOL-1100B0226012305,,,"-2,264,725.62", 05/01/2026, HDFCH00717318194," NETBANK, MUMBAI"
, Maersk Line In-1100B0226012308,,,"-484,497.38", 05/01/2026, HDFCH00717318198," NETBANK, MUMBAI"
, Deutsche Cars -1100B0226012313,,,"-18,850.00", 05/01/2026, 601052835840," NETBANK, MUMBAI"
, INW 030126I049900354 USD10601.05@90.245,," 956,691.76",, 05/01/2026, 050126222135," NETBANK, MUMBAI"
, 030126I049900354 DPO2600590448906 IGST,,,-951.02, 05/01/2026, 050126222142," NETBANK, MUMBAI"
, RTGS Cr ECMS-UBIN0551384-CMRLTD201LCU100856-M F METALS-513805010000059,," 9,000,000.00",, 05/01/2026, UBINR22026010501803087, FORT
, 00930310001264-1264,,,"-30,000,000.00", 05/01/2026, 601053370251," NETBANK, MUMBAI"
, FT601053368654-CMR NLM ECO ALUMINIUM P L 3497 FT-57500000863497,," 70,000,000.00",, 05/01/2026, 601053368654," NETBANK, MUMBAI"
, LIQUIDATION OF IMP COLL BILL,,,"-12,707,821.49", 05/01/2026, 612BC05253240002," KUNDLI, SONEPAT"
, LIQUIDATION OF IMP COLL BILL,,,"-4,740,505.97", 05/01/2026, 612BC05253400007," KUNDLI, SONEPAT"
, 0002369894-05 01 2026-HDFC6416,," 2,657,732.79",, 05/01/2026, 601053500566," NETBANK, MUMBAI"
, FT Cr ECMS-CMRLTD151LCU101331-J B TRADING-50200083168153,," 36,000.00",, 05/01/2026, HDFCE9B7A7101E94," NETBANK, MUMBAI"
, RTGS Cr ECMS-KKBK0000958-CMRLTD151LCU101407-GLOBAL METAL RECYCLERS-1145328738,," 520,817.00",, 05/01/2026, KKBKR52026010500871297, FORT
, AUTO SWEEPOUT TO CMR GREEN TECHNOLOGI 57500000342857,," 19,258,882.73",, 05/01/2026,, FARIDABAD HARYANA
, AUTO SWEEPOUT TO CMR GREEN TECHNOLOGI 12540310000177,," 336,592.07",, 05/01/2026,, SRIPERAMBUDUR
1/6/2026,Opening balance,"-73,548,162.14",,,,,
, RTGS Cr ECMS-ICIC0000011-CMRGR1100LCU101042-BHAWANA ENTERPRISES-140105001942,," 881,932.00",, 06/01/2026, ICICR42026010600501654, FORT
, RTGS Cr ECMS-KKBK0000958-CMRGR1100LCU101760-NIA METALS-3347508444,," 274,000.00",, 06/01/2026, KKBKR52026010600925074, FORT
, IMPS CR ECMS-9485-CMRGR1100LCU101760-NIA METALS-3347508444,," 5,000.00",, 06/01/2026, 600611715186, FARIDABAD HARYANA
, RTGS Cr ECMS-PUNB0107400-CMRLTD202LCU100256-INDIAN METAL SCRAP-08281131002695,," 322,000.00",, 06/01/2026, PUNBR52026010611468479, FORT
, Hyundai Mercha-1100B0226012329,,,"-179,102.29", 06/01/2026, HDFCH00719547393," NETBANK, MUMBAI"
, CMA CGM AGENCI-1100B0226012326,,,"-26,403.90", 06/01/2026, HDFCH00719548428," NETBANK, MUMBAI"
, ODEX INDIA SOL-1100B0226012328,,,"-1,985,968.32", 06/01/2026, HDFCH00719550159," NETBANK, MUMBAI"
, FT-BPCINC249027-Bharat Petroleum Corpn Ltd (Rewari),,,"-1,920,000.00", 06/01/2026, 601064060425," NETBANK, MUMBAI"
, FT Cr ECMS-CMRLTD201LCU100820-MOHINI INDUSTRIES-50200033588193,," 1,487,000.00",, 06/01/2026, NBL0NAU2YGJHYAS9," NETBANK, MUMBAI"
, RTGS Cr ECMS-UTIB0002437-CMRLTD151LCU101262-MAHAKAL ENTERPRISES-921020020261421,," 1,000,000.00",, 06/01/2026, UTIBR72026010600573868, FORT
, FT - 41160191-57500001719146-INDUS TOWERS LIMITED-IPA A/C,," 9,680.00",, 06/01/2026, 1404928863, CBX Internet System Mumbai
, NEFT Cr ECMS-BKID0000200-CMRGR1100LCU101880-AKHILESH FABRICATOR-673520110000226,," 520,000.00",, 06/01/2026, BKIDY26006381642, FORT
, Maersk Line In-1100B0226012384,,,"-131,286.80", 06/01/2026, HDFCH00720136549," NETBANK, MUMBAI"
, Maersk Line In-1100B0226012337,,,"-254,655.80", 06/01/2026, HDFCH00720135741," NETBANK, MUMBAI"
, Maersk Line In-1100B0226012336,,,"-306,162.80", 06/01/2026, HDFCH00720136585," NETBANK, MUMBAI"
, Hapag Lloyd In-1100B0226012385,,,"-17,700.00", 06/01/2026, HDFCH00720135013," NETBANK, MUMBAI"
, Hapag Lloyd In-1100B0226012387,,,"-8,850.00", 06/01/2026, HDFCH00720135750," NETBANK, MUMBAI"
, Hapag Lloyd In-1100B0226012388,,,"-8,850.00", 06/01/2026, HDFCH00720135067," NETBANK, MUMBAI"
, Hapag Lloyd In-1100B0226012386,,,"-17,700.00", 06/01/2026, HDFCH00720133494," NETBANK, MUMBAI"
, IMPS CR ECMS-9052-CMRGR1100LCU101769-AMAN ENTERPRISES-0667202500004701,," 33,000.00",, 06/01/2026, 600631467250, FARIDABAD HARYANA
, RTGS Cr-SBIN0004298-CMR TOYOTSU ALUMINIUM INDIA PVT LT-Century Metal Recycling Limited-SBINR12026010611982107,," 10,000,000.00",, 06/01/2026, SBINR12026010611982107, CMS TF WBO MUMBAI
, RTGS Cr-SBIN0004298-CMR TOYOTSU ALUMINIUM INDIA PVT LT-Century Metal Recycling Limited-SBINR12026010611982054,," 10,000,000.00",, 06/01/2026, SBINR12026010611982054, CMS TF WBO MUMBAI
, RTGS Cr-SBIN0004298-CMR TOYOTSU ALUMINIUM INDIA PVT LT-Century Metal Recycling Limited-SBINR12026010611982137,," 10,000,000.00",, 06/01/2026, SBINR12026010611982137, CMS TF WBO MUMBAI
, RTGS Cr-SBIN0004298-CMR TOYOTSU ALUMINIUM INDIA PVT LT-Century Metal Recycling Limited-SBINR12026010611982089,," 10,000,000.00",, 06/01/2026, SBINR12026010611982089, CMS TF WBO MUMBAI
, RTGS Cr-SBIN0004298-CMR TOYOTSU ALUMINIUM INDIA PVT LT-Century Metal Recycling Limited-SBINR12026010611982141,," 10,000,000.00",, 06/01/2026, SBINR12026010611982141, CMS TF WBO MUMBAI
, RTGS Cr-SBIN0004298-CMR TOYOTSU ALUMINIUM INDIA PVT LT-Century Metal Recycling Limited-SBINR12026010611982140,," 10,000,000.00",, 06/01/2026, SBINR12026010611982140, CMS TF WBO MUMBAI
, RTGS Cr-SBIN0004298-M s Century Metal Recycling Private-Century Metal Rceycling Pvt Ltd-SBINR12026010611983161,," 10,000,000.00",, 06/01/2026, SBINR12026010611983161, CMS TF WBO MUMBAI
, RTGS Cr-SBIN0004298-M s Century Metal Recycling Private-Century Metal Rceycling Pvt Ltd-SBINR12026010611983199,," 10,000,000.00",, 06/01/2026, SBINR12026010611983199, CMS TF WBO MUMBAI
, RTGS Cr-SBIN0004298-M s Century Metal Recycling Private-Century Metal Rceycling Pvt Ltd-SBINR12026010611983056,," 10,000,000.00",, 06/01/2026, SBINR12026010611983056, CMS TF WBO MUMBAI
, RTGS Cr-SBIN0004298-M s Century Metal Recycling Private-Century Metal Rceycling Pvt Ltd-SBINR12026010611983157,," 10,000,000.00",, 06/01/2026, SBINR12026010611983157, CMS TF WBO MUMBAI
, RTGS Cr-SBIN0004298-M s Century Metal Recycling Private-Century Metal Rceycling Pvt Ltd-SBINR12026010611983162,," 10,000,000.00",, 06/01/2026, SBINR12026010611983162, CMS TF WBO MUMBAI
, RTGS Cr-SBIN0004298-M s Century Metal Recycling Private-Century Metal Rceycling Pvt Ltd-SBINR12026010611983180,," 10,000,000.00",, 06/01/2026, SBINR12026010611983180, CMS TF WBO MUMBAI
, RTGS Cr-SBIN0004298-M s Century Metal Recycling Private-Century Metal Rceycling Pvt Ltd-SBINR12026010611983136,," 10,000,000.00",, 06/01/2026, SBINR12026010611983136, CMS TF WBO MUMBAI
, RTGS Cr-SBIN0004298-M s Century Metal Recycling Private-Century Metal Rceycling Pvt Ltd-SBINR12026010611983135,," 10,000,000.00",, 06/01/2026, SBINR12026010611983135, CMS TF WBO MUMBAI
, RTGS Cr-SBIN0004298-M s Century Metal Recycling Private-Century Metal Rceycling Pvt Ltd-SBINR12026010611983072,," 10,000,000.00",, 06/01/2026, SBINR12026010611983072, CMS TF WBO MUMBAI
, RTGS Cr-SBIN0004298-M s Century Metal Recycling Private-Century Metal Rceycling Pvt Ltd-SBINR12026010611983158,," 10,000,000.00",, 06/01/2026, SBINR12026010611983158, CMS TF WBO MUMBAI
, RTGS Cr-SBIN0004298-M s Century Metal Recycling Private-Century Metal Rceycling Pvt Ltd-SBINR12026010611983198,," 10,000,000.00",, 06/01/2026, SBINR12026010611983198, CMS TF WBO MUMBAI
, RTGS Cr-SBIN0004298-M s Century Metal Recycling Private-Century Metal Rceycling Pvt Ltd-SBINR12026010611983465,," 10,000,000.00",, 06/01/2026, SBINR12026010611983465, CMS TF WBO MUMBAI
, RTGS Cr-SBIN0004298-M s Century Metal Recycling Private-Century Metal Rceycling Pvt Ltd-SBINR12026010611983463,," 10,000,000.00",, 06/01/2026, SBINR12026010611983463, CMS TF WBO MUMBAI
, RTGS Cr-SBIN0004298-M s Century Metal Recycling Private-Century Metal Rceycling Pvt Ltd-SBINR12026010611983462,," 10,000,000.00",, 06/01/2026, SBINR12026010611983462, CMS TF WBO MUMBAI
, RTGS Cr-SBIN0004298-M s Century Metal Recycling Private-Century Metal Rceycling Pvt Ltd-SBINR12026010611983477,," 10,000,000.00",, 06/01/2026, SBINR12026010611983477, CMS TF WBO MUMBAI
, RTGS Cr-SBIN0004298-M s Century Metal Recycling Private-Century Metal Rceycling Pvt Ltd-SBINR12026010611983336,," 10,000,000.00",, 06/01/2026, SBINR12026010611983336, CMS TF WBO MUMBAI
, RTGS Cr-SBIN0004298-M s Century Metal Recycling Private-Century Metal Rceycling Pvt Ltd-SBINR12026010611983375,," 10,000,000.00",, 06/01/2026, SBINR12026010611983375, CMS TF WBO MUMBAI
, RTGS Cr-SBIN0004298-M s Century Metal Recycling Private-Century Metal Rceycling Pvt Ltd-SBINR12026010611983466,," 10,000,000.00",, 06/01/2026, SBINR12026010611983466, CMS TF WBO MUMBAI
, RTGS Cr-SBIN0004298-M s Century Metal Recycling Private-Century Metal Rceycling Pvt Ltd-SBINR12026010611983480,," 10,000,000.00",, 06/01/2026, SBINR12026010611983480, CMS TF WBO MUMBAI
, RTGS Cr-SBIN0004298-M s Century Metal Recycling Private-Century Metal Rceycling Pvt Ltd-SBINR12026010611983481,," 10,000,000.00",, 06/01/2026, SBINR12026010611983481, CMS TF WBO MUMBAI
, RTGS Cr-SBIN0004298-M s Century Metal Recycling Private-Century Metal Rceycling Pvt Ltd-SBINR12026010611983373,," 10,000,000.00",, 06/01/2026, SBINR12026010611983373, CMS TF WBO MUMBAI
, RTGS Cr-SBIN0004298-M s Century Metal Recycling Private-Century Metal Rceycling Pvt Ltd-SBINR12026010611983372,," 10,000,000.00",, 06/01/2026, SBINR12026010611983372, CMS TF WBO MUMBAI
, RTGS Cr-SBIN0004298-M s Century Metal Recycling Private-Century Metal Rceycling Pvt Ltd-SBINR12026010611983764,," 10,000,000.00",, 06/01/2026, SBINR12026010611983764, CMS TF WBO MUMBAI
, RTGS Cr-SBIN0004298-M s Century Metal Recycling Private-Century Metal Rceycling Pvt Ltd-SBINR12026010611983765,," 10,000,000.00",, 06/01/2026, SBINR12026010611983765, CMS TF WBO MUMBAI
, RTGS Cr-SBIN0004298-M s Century Metal Recycling Private-Century Metal Rceycling Pvt Ltd-SBINR12026010611983766,," 10,000,000.00",, 06/01/2026, SBINR12026010611983766, CMS TF WBO MUMBAI
, RTGS Cr-SBIN0004298-M s Century Metal Recycling Private-Century Metal Rceycling Pvt Ltd-SBINR12026010611983808,," 10,000,000.00",, 06/01/2026, SBINR12026010611983808, CMS TF WBO MUMBAI
, RTGS Cr-SBIN0004298-M s Century Metal Recycling Private-Century Metal Rceycling Pvt Ltd-SBINR12026010611983811,," 10,000,000.00",, 06/01/2026, SBINR12026010611983811, CMS TF WBO MUMBAI
, 12540310000177-177,,,"-4,600,000.00", 06/01/2026, 601064457146," NETBANK, MUMBAI"
, 57500000342857-2857,,,"-350,000,000.00", 06/01/2026, 601064456924," NETBANK, MUMBAI"
, IMPS CR ECMS-9052-CMRGR1100LCU101769-AMAN ENTERPRISES-0667202500004701,," 10,000.00",, 06/01/2026, 600631486553, FARIDABAD HARYANA
, INW 060126I049903940 USD306665.94@90.162,," 27,649,767.82",, 06/01/2026, 060126254963," NETBANK, MUMBAI"
, 060126I049903940 DPO2600691545191 IGST,,,"-5,786.96", 06/01/2026, 060126254970," NETBANK, MUMBAI"
, RTGS Cr-SCBL0036001-ENDURANCE TECHNOLOGIES LIMITED-CMR GREEN TECHNOLOGIES LIMITED-SCBLR12026010600816365,," 16,502,272.08",, 06/01/2026, SCBLR12026010600816365, FORT
, NEFT Cr ECMS-ICIC0SF0002-CMRGR1100LCU101579-SHIVAANYA METAL - ALLOYS-032705008599,," 49,000.00",, 06/01/2026, IN42600656311390, FORT
, COMM ON LIQD OF IMP COLL BILL,,,-177, 06/01/2026, 612BC05260060003," KUNDLI, SONEPAT"
," RTGS Dr-ICIC0006303-CENTURYMETALRECYCLINGLIMITED-NETBANK, MUM-HDFCR52026010654081670",,,"-60,000,000.00", 06/01/2026, HDFCR52026010654081670," NETBANK, MUMBAI"
, FCY OUTWARD REMITTANCE,,,"-316,069.93", 06/01/2026, 612FT01260060049," KUNDLI, SONEPAT"
, LIQUIDATION OF IMP COLL BILL,,,"-16,913,143.79", 06/01/2026, 612BC05253570001," KUNDLI, SONEPAT"
, LIQUIDATION OF IMP COLL BILL,,,"-7,225,219.67", 06/01/2026, 612BC05253290004," KUNDLI, SONEPAT"
, FT- 1405398909 - 0023017527 - 57500000579710 -RICO AUTO INDUSTRIES LTD,," 10,370,053.74",, 06/01/2026, 1405398909, CBX Internet System Mumbai
, LIQUIDATION OF IMP COLL BILL,,,"-7,319,489.22", 06/01/2026, 612BC05253280005," KUNDLI, SONEPAT"
, LIQUIDATION OF IMP COLL BILL,,,"-5,242,897.50", 06/01/2026, 612BC05253210002," KUNDLI, SONEPAT"
, RTGS Cr-YESB0000403-TRADE CLEARING ACCOUNT-CMR GREEN TECHNOLOGIES LIMITED-YESBR52026010656935909,," 5,317,533.00",, 06/01/2026, YESBR52026010656935909, FORT
, RTGS Cr ECMS-ICIC0000011-CMRLTD201LCU100931-SAVITA INDUSTRIES-140105001924,," 650,000.00",, 06/01/2026, ICICR42026010600581585, FORT
, RTGS Cr-YESB0000403-TRADE CLEARING ACCOUNT-CMR GREEN TECHNOLOGIES LIMITED-YESBR52026010656935365,," 4,650,092.00",, 06/01/2026, YESBR52026010656935365, FORT
, RTGS Cr-YESB0000403-TRADE CLEARING ACCOUNT-CMR GREEN TECHNOLOGIES LIMITED-YESBR52026010656935914,," 3,724,453.00",, 06/01/2026, YESBR52026010656935914, FORT
, CHCEYI717MLPJ4-CBICICEGATE,,,"-22,855.00", 06/01/2026, 601065348791," NETBANK, MUMBAI"
, RTGS Cr ECMS-KKBK0000958-CMRGR1100LCU101760-NIA METALS-3347508444,," 274,500.00",, 06/01/2026, KKBKR52026010600736269, FORT
, RTGS Cr ECMS-UTIB0000806-CMRGR1100LCU101508-SIDDHANATH JEWELLERS AND REFIN-923020003815564,," 2,500,000.00",, 06/01/2026, UTIBR62026010648457611, FORT
, NEFT Cr-YESB0000403-DEL WBCAD OUT TRFR-CMR GREEN TECHNOLOGIES LIMITED-YESB60062415586,," 98,630.15",, 06/01/2026, YESB60062415586, FORT
, NEFT Cr ECMS-UTIB0003112-CMRLTD151LCU101486-ADITYA ENTERPRISES-921020054868210,," 900,000.00",, 06/01/2026, AXOMB00602187029, FORT
1/7/2026,Opening balance,"-122,821,567.33",,,,,
, IMPS CR ECMS-9211-CMRLTD151LCU101262-MAHAKALENTERPRISES-921020020261421,," 100,000.00",, 07/01/2026, 600746103913, FARIDABAD HARYANA
, AUTO SWEEPOUT TO CMR GREEN TECHNOLOGI 57500000342857,," 10,897,734.20",, 06/01/2026,, FARIDABAD HARYANA
, AUTO SWEEPOUT TO CMR GREEN TECHNOLOGI 12540310000177,," 77,254.95",, 06/01/2026,, SRIPERAMBUDUR
, NEFT Cr ECMS-CNRB0000378-CMRGR1100LCU101132-JAIN AND BROTHERS-0378261050540,," 7,964,000.00",, 07/01/2026, CNRBH00101460267, FORT
, IMPS CR ECMS-9229-CMRLTD201LCU100931-SAVITA INDUSTRIES-140105001924,," 18,000.00",, 07/01/2026, 600709202471, FARIDABAD HARYANA
, FT-HDFC555122767-HAPPAY POOL ACCOUNT CMRG,,,"-91,068.80", 07/01/2026, 601064140455," NETBANK, MUMBAI"
, Pawan-1100B0226012354,,,"-3,750.00", 07/01/2026, 601064140487," NETBANK, MUMBAI"
, Amit Kumar Vis-1100B0226012347,,,-275, 07/01/2026, 601064140459," NETBANK, MUMBAI"
, Dipak Topiwala-1100B0226012360,,,-936, 07/01/2026, 601064140502," NETBANK, MUMBAI"
, Chandan Kumar-1100B0226012341,,,-510, 07/01/2026, 601064140541," NETBANK, MUMBAI"
, Sarvesh kumar-1100B0226012342,,,"-6,400.00", 07/01/2026, 601064140551," NETBANK, MUMBAI"
, Rupesh Prasad-1100B0226012346,,,"-1,716.21", 07/01/2026, 601064140563," NETBANK, MUMBAI"
, Yugal Kishor G-1100B0226012377,,,"-47,487.00", 07/01/2026, 601064140543," NETBANK, MUMBAI"
, Naveen Kumar Y-1100B0226012357,,,"-1,450.00", 07/01/2026, 601064140496," NETBANK, MUMBAI"
, Ashish Jasvant-1100B0226012369,,,"-4,077.50", 07/01/2026, HDFCH00722495935," NETBANK, MUMBAI"
, Rishabh Khalia-1100B0226012371,,,-736.47, 07/01/2026, HDFCH00722495936," NETBANK, MUMBAI"
, Bhabani Sankar-1100B0226012364,,,"-1,790.00", 07/01/2026, HDFCH00722490049," NETBANK, MUMBAI"
, KALPIT KUMAR D-1100B0226012358,,,-610, 07/01/2026, HDFCH00722499497," NETBANK, MUMBAI"
, Utkarsh Nigam-1100B0226012374,,,-910, 07/01/2026, HDFCH00722490050," NETBANK, MUMBAI"
, Lalit Kumar Gu-1100B0226012355,,,"-13,688.00", 07/01/2026, HDFCH00722490059," NETBANK, MUMBAI"
, Manoj kumar-1100B0226012368,,,-570, 07/01/2026, HDFCH00722498547," NETBANK, MUMBAI"
, Devendra Kumar-1100B0226012362,,,-940, 07/01/2026, HDFCH00722497829," NETBANK, MUMBAI"
, Suneel Kumar-1100B0226012353,,,"-1,157.00", 07/01/2026, HDFCH00722499574," NETBANK, MUMBAI"
, Ram Gopal-1100B0226012348,,,"-1,877.00", 07/01/2026, HDFCH00722497878," NETBANK, MUMBAI"
, Prdeep Kumar-1100B0226012351,,,"-1,151.00", 07/01/2026, HDFCH00722496673," NETBANK, MUMBAI"
, Sumit Kamalesh-1100B0226012359,,,"-4,130.00", 07/01/2026, HDFCH00722490074," NETBANK, MUMBAI"
, Deen Mohammad-1100B0226012340,,,"-1,550.00", 07/01/2026, HDFCH00722498827," NETBANK, MUMBAI"
, Ishan Aggarwal-1100B0226012367,,,-191.87, 07/01/2026, HDFCH00722490078," NETBANK, MUMBAI"
, Rahul Verma-1100B0226012379,,,"-1,054.75", 07/01/2026, HDFCH00722496001," NETBANK, MUMBAI"
, Rudra Narayan -1100B0226012375,,,"-2,493.00", 07/01/2026, HDFCH00722490080," NETBANK, MUMBAI"
, Ankit Mittal-1100B0226012366,,,-386, 07/01/2026, HDFCH00722498875," NETBANK, MUMBAI"
, Abhishek Soam-1100B0226012345,,,-140, 07/01/2026, HDFCH00722490081," NETBANK, MUMBAI"
, VISHAL CHAUHAN-1100B0226012370,,,"-8,058.00", 07/01/2026, HDFCH00722496689," NETBANK, MUMBAI"
, Ashutosh Anand-1100B0226012356,,,"-9,074.00", 07/01/2026, HDFCH00722498888," NETBANK, MUMBAI"
, Naveen Kumar-1100B0226012344,,,"-2,347.00", 07/01/2026, HDFCH00722496690," NETBANK, MUMBAI"
, Vikas Kumar Mi-1100B0226012373,,,"-10,196.09", 07/01/2026, HDFCH00722498973," NETBANK, MUMBAI"
, Piyush Jain-1100B0226012363,,,-711, 07/01/2026, HDFCH00722499013," NETBANK, MUMBAI"
, Rishabh Saini-1100B0226012361,,,"-2,098.00", 07/01/2026, HDFCH00722499022," NETBANK, MUMBAI"
, Jaswant Sharma-1100B0226012339,,,"-7,000.00", 07/01/2026, HDFCH00722498324," NETBANK, MUMBAI"
, Narendra Das-1100B0226012343,,,"-27,534.25", 07/01/2026, HDFCH00722499065," NETBANK, MUMBAI"
, Bhanu Bhardwaj-1100B0226012378,,,"-13,243.00", 07/01/2026, HDFCH00722499758," NETBANK, MUMBAI"
, Lovekesh Kumar-1100B0226012376,,,"-3,566.18", 07/01/2026, HDFCH00722496786," NETBANK, MUMBAI"
, Sanjay Dubey-1100B0226012365,,,"-4,048.00", 07/01/2026, HDFCH00722496278," NETBANK, MUMBAI"
, Ayush kumar-1100B0226012372,,,-943, 07/01/2026, HDFCH00722496336," NETBANK, MUMBAI"
, Mukesh Kumar J-1100B0226012349,,,"-13,840.50", 07/01/2026, HDFCH00722499082," NETBANK, MUMBAI"
, Rajesh Kumar K-1100B0226012352,,,"-13,000.00", 07/01/2026, HDFCH00722490089," NETBANK, MUMBAI"
, parth parekh-1100B0226012350,,,"-5,900.00", 07/01/2026, HDFCH00722496902," NETBANK, MUMBAI"
, 601065253223Vinod Kumr Giri 10022,,,"-61,792.20", 07/01/2026, HDFCH00722520237," NETBANK, MUMBAI"
, 601065248737Amogh Anand 15966,,,"-27,257.91", 07/01/2026, HDFCH00722519043," NETBANK, MUMBAI"
, 601065242424Shiv Shanker 15083,,,"-111,810.00", 07/01/2026, HDFCH00722521098," NETBANK, MUMBAI"
, 601065245732Sony Sharma 15715,,,"-14,554.00", 07/01/2026, HDFCH00722522492," NETBANK, MUMBAI"
, 601065250659Kapil Kumar15798,,,"-91,733.00", 07/01/2026, HDFCH00722518209," NETBANK, MUMBAI"
, 50100316116418-Shekhar Singh 15712,,,"-18,282.00", 07/01/2026, 601065254629," NETBANK, MUMBAI"
, 50100403294822-Vivek Giri 15973,,,"-37,492.00", 07/01/2026, 601065256173," NETBANK, MUMBAI"
, RTGS Cr ECMS-KKBK0000958-CMRLTD151LCU101407-GLOBAL METAL RECYCLERS-1145328738,," 518,300.00",, 07/01/2026, KKBKR52026010700780834, FORT
, IMPS CR ECMS-7217-CMRGR1100LCU101748-N F METALS RECYCLING-053126900000091,," 216,907.00",, 07/01/2026, 600730680435, FARIDABAD HARYANA
, RTGS Cr ECMS-ICIC0000011-CMRGR1100LCU101579-SHIVAANYA METAL ALLOYS-032705008599,," 2,900,000.00",, 07/01/2026, ICICR42026010700507545, FORT
, FT CR ECMS-CMRGR1100LCU101958-ALF METALS-50200069457979,," 509,733.00",, 07/01/2026, 000037, SECTOR 55 FARIDABAD
," RTGS Dr-UTIB0001609-AXISBANKLTD-NETBANK, MUM-HDFCR52026010754157605",,,"-1,110,000.00", 07/01/2026, HDFCR52026010754157605," NETBANK, MUMBAI"
, CBDT/Bank Reference No:Y2600744142306/CIN No:26010600578421HDFC/Online,,,"-4,418,967.00", 07/01/2026, 260106160060052," NETBANK, MUMBAI"
, ODEX INDIA SOL-1100B0226012419,,,"-1,198,679.40", 07/01/2026, HDFCH00722889963," NETBANK, MUMBAI"
, VANCMRG2H-1100B0226012416,,,"-22,549.00", 07/01/2026, HDFCH00722890018," NETBANK, MUMBAI"
, CBDT/Bank Reference No:Y2600744149916/CIN No:26010600210295HDFC/Online,,,"-1,027,934.00", 07/01/2026, 260106120061308," NETBANK, MUMBAI"
, CBDT/Bank Reference No:Y2600744149712/CIN No:26010600202247HDFC/Online,,,"-39,889.00", 07/01/2026, 260106120054283," NETBANK, MUMBAI"
, CBDT/Bank Reference No:Y2600744149713/CIN No:26010600214325HDFC/Online,,,"-826,306.00", 07/01/2026, 260106120064810," NETBANK, MUMBAI"
, CBDT/Bank Reference No:Y2600744150054/CIN No:26010600184251HDFC/Online,,,"-6,102,682.00", 07/01/2026, 260106120038604," NETBANK, MUMBAI"
, CBDT/Bank Reference No:Y2600744150137/CIN No:26010600195529HDFC/Online,,,"-3,822,950.00", 07/01/2026, 260106120048402," NETBANK, MUMBAI"
, FT Cr ECMS-CMRLTD201LCU100820-MOHINI INDUSTRIES-50200033588193,," 1,487,000.00",, 07/01/2026, NBOEXB5LHDO69WUU," NETBANK, MUMBAI"
, RTGS Cr ECMS-KKBK0000958-CMRGR1100LCU101249-WHITEROCK-9945250938,," 2,550,000.00",, 07/01/2026, KKBKR12026010700847120, FORT
, IMPS CR ECMS-9211-CMRGE1100LCU101960-EDMANTIUMPRIVATELIMITED-925020031773647,," 50,000.00",, 07/01/2026, 600747968293, FARIDABAD HARYANA
, RTGS Cr ECMS-UTIB0000806-CMRGR1100LCU101508-SIDDHANATH JEWELLERS AND REFIN-923020003815564,," 7,000,000.00",, 07/01/2026, UTIBR62026010748559831, FORT
, FT Cr ECMS-CMRGR1100LCU101958-ALF METALS-50200069457979,," 43,131.00",, 07/01/2026, HDFCE298EC8437ED," NETBANK, MUMBAI"
, RTGS Cr ECMS-UTIB0000806-CMRGR1100LCU101508-SIDDHANATH JEWELLERS AND REFIN-922030054149128,," 500,000.00",, 07/01/2026, UTIBR62026010748588174, FORT
, RTGS Cr ECMS-UTIB0000806-CMRGR1100LCU101508-SIDDHANATH JEWELLERS AND REFIN-922030054149128,," 1,000,000.00",, 07/01/2026, UTIBR62026010748611138, FORT
, RTGS Cr ECMS-ICIC0000011-cmrltd201lcu100720-OM SAI TRADING CASTING WORKS-661305500656,," 536,310.00",, 07/01/2026, ICICR42026010700546599, FORT
, FT-PARM36CHE-SINOKOR MERCHANT MARINE CO LTD,,,"-4,956.00", 07/01/2026, 601075902846," NETBANK, MUMBAI"
, RTGS Cr-SBIN0004298-CMR TOYOTSU ALUMINIUM INDIA PVT LT-Century Metal Recycling Limited-SBINR12026010712130978,," 10,000,000.00",, 07/01/2026, SBINR12026010712130978, CMS TF WBO MUMBAI
, RTGS Cr-SBIN0004298-CMR TOYOTSU ALUMINIUM INDIA PVT LT-Century Metal Recycling Limited-SBINR12026010712131018,," 10,000,000.00",, 07/01/2026, SBINR12026010712131018, CMS TF WBO MUMBAI
, RTGS Cr-SBIN0004298-CMR TOYOTSU ALUMINIUM INDIA PVT LT-Century Metal Recycling Limited-SBINR12026010712130979,," 10,000,000.00",, 07/01/2026, SBINR12026010712130979, CMS TF WBO MUMBAI
, RTGS Cr-SBIN0004298-CMR TOYOTSU ALUMINIUM INDIA PVT LT-Century Metal Recycling Limited-SBINR12026010712130974,," 10,000,000.00",, 07/01/2026, SBINR12026010712130974, CMS TF WBO MUMBAI
, RTGS Cr-SBIN0004298-CMR TOYOTSU ALUMINIUM INDIA PVT LT-Century Metal Recycling Limited-SBINR12026010712131038,," 10,000,000.00",, 07/01/2026, SBINR12026010712131038, CMS TF WBO MUMBAI
, COMM ON LIQD OF IMP COLL BILL,,,-177, 07/01/2026, 612BC05260070001," KUNDLI, SONEPAT"
, INW 311225I049902802 USD2500.0@89.7,," 224,250.00",, 07/01/2026, 070126189845," NETBANK, MUMBAI"
, 311225I049902802 DPO2600798394463 IGST,,,-291.83, 07/01/2026, 070126189852," NETBANK, MUMBAI"
, 10237NMCSALDEC25,,,"-25,317.00", 07/01/2026, 601065219058," NETBANK, MUMBAI"
, 10134NMCSALDEC25,,,"-21,143.00", 07/01/2026, 601065219060," NETBANK, MUMBAI"
, 10271NMCSALDEC25,,,"-26,437.00", 07/01/2026, 601065219068," NETBANK, MUMBAI"
, 14569NMCSALDEC25,,,"-15,058.00", 07/01/2026, 601065219047," NETBANK, MUMBAI"
, 10238NMCSALDEC25,,,"-27,832.00", 07/01/2026, 601065219055," NETBANK, MUMBAI"
, 14884NMCSALDEC25,,,"-11,204.27", 07/01/2026, 601065218969," NETBANK, MUMBAI"
, 15535NMCSALDEC25,,,"-13,547.00", 07/01/2026, HDFCH00725070031," NETBANK, MUMBAI"
, 15696NMCSALDEC25,,,"-12,979.00", 07/01/2026, HDFCH00725070033," NETBANK, MUMBAI"
, 13783NMCSALDEC25,,,"-18,902.00", 07/01/2026, HDFCH00725070034," NETBANK, MUMBAI"
, 10491NMCSALDEC25,,,"-20,758.00", 07/01/2026, HDFCH00725070035," NETBANK, MUMBAI"
, 13028NMCSALDEC25,,,"-19,527.00", 07/01/2026, HDFCH00725070036," NETBANK, MUMBAI"
, 15684NMCSALDEC25,,,"-12,594.02", 07/01/2026, HDFCH00725070037," NETBANK, MUMBAI"
, 15685NMCSALDEC25,,,"-12,573.02", 07/01/2026, HDFCH00725070038," NETBANK, MUMBAI"
, 80007NMCSALDEC25,,,"-17,172.48", 07/01/2026, HDFCH00725070039," NETBANK, MUMBAI"
, 10233NMCSALDEC25,,,"-13,650.37", 07/01/2026, HDFCH00725070041," NETBANK, MUMBAI"
, 15748NMCSALDEC25,,,"-15,083.00", 07/01/2026, HDFCH00725070043," NETBANK, MUMBAI"
, 14528NMCSALDEC25,,,"-22,176.00", 07/01/2026, HDFCH00725070045," NETBANK, MUMBAI"
, 12978NMCSALDEC25,,,"-22,286.00", 07/01/2026, HDFCH00725070046," NETBANK, MUMBAI"
, 14705NMCSALDEC25,,,"-16,409.00", 07/01/2026, HDFCH00725070047," NETBANK, MUMBAI"
, 10104NMCSALDEC25,,,"-29,005.00", 07/01/2026, HDFCH00725070049," NETBANK, MUMBAI"
, 10105NMCSALDEC25,,,"-30,144.00", 07/01/2026, HDFCH00725070050," NETBANK, MUMBAI"
, 10174NMCSALDEC25,,,"-22,614.00", 07/01/2026, HDFCH00725070051," NETBANK, MUMBAI"
, 10227NMCSALDEC25,,,"-21,552.00", 07/01/2026, HDFCH00725070052," NETBANK, MUMBAI"
, 10103NMCSALDEC25,,,"-30,307.00", 07/01/2026, HDFCH00725070053," NETBANK, MUMBAI"
, 10048NMCSALDEC25,,,"-24,054.77", 07/01/2026, HDFCH00725070054," NETBANK, MUMBAI"
, 10175NMCSALDEC25,,,"-28,298.00", 07/01/2026, HDFCH00725070055," NETBANK, MUMBAI"
, 10226NMCSALDEC25,,,"-28,574.00", 07/01/2026, HDFCH00725070057," NETBANK, MUMBAI"
, 15584NMCSALDEC25,,,"-14,136.00", 07/01/2026, HDFCH00725070058," NETBANK, MUMBAI"
, 15586NMCSALDEC25,,,"-13,493.00", 07/01/2026, HDFCH00725070059," NETBANK, MUMBAI"
, 13396NMCSALDEC25,,,"-13,933.00", 07/01/2026, HDFCH00725070060," NETBANK, MUMBAI"
, 15841NMCSALDEC25,,,"-16,402.00", 07/01/2026, HDFCH00725070061," NETBANK, MUMBAI"
, 14524NMCSALDEC25,,,"-14,344.00", 07/01/2026, HDFCH00725070062," NETBANK, MUMBAI"
, 13822NMCSALDEC25,,,"-18,904.00", 07/01/2026, HDFCH00725070063," NETBANK, MUMBAI"
, 12652NMCSALDEC25,,,"-18,155.70", 07/01/2026, HDFCH00725070065," NETBANK, MUMBAI"
, 10230NMCSALDEC25,,,"-31,549.80", 07/01/2026, HDFCH00725070066," NETBANK, MUMBAI"
, 10785NMCSALDEC25,,,"-26,118.70", 07/01/2026, HDFCH00725070067," NETBANK, MUMBAI"
, 10275NMCSALDEC25,,,"-26,503.95", 07/01/2026, HDFCH00725070068," NETBANK, MUMBAI"
, 13876NMCSALDEC25,,,"-18,155.87", 07/01/2026, HDFCH00725070069," NETBANK, MUMBAI"
, 15275NMCSALDEC25,,,"-13,766.32", 07/01/2026, HDFCH00725070070," NETBANK, MUMBAI"
, 80012NMCSALDEC25,,,"-15,932.80", 07/01/2026, HDFCH00725070071," NETBANK, MUMBAI"
, 14743NMCSALDEC25,,,"-17,871.90", 07/01/2026, HDFCH00725070072," NETBANK, MUMBAI"
, 14861NMCSALDEC25,,,"-20,259.85", 07/01/2026, HDFCH00725070073," NETBANK, MUMBAI"
, 14760NMCSALDEC25,,,"-19,204.75", 07/01/2026, HDFCH00725070074," NETBANK, MUMBAI"
, 14808NMCSALDEC25,,,"-17,561.75", 07/01/2026, HDFCH00725070076," NETBANK, MUMBAI"
, 14832NMCSALDEC25,,,"-16,147.55", 07/01/2026, HDFCH00725070077," NETBANK, MUMBAI"
, 10225NMCSALDEC25,,,"-25,853.00", 07/01/2026, HDFCH00725070079," NETBANK, MUMBAI"
, 10222NMCSALDEC25,,,"-23,858.71", 07/01/2026, HDFCH00725070080," NETBANK, MUMBAI"
, 10106NMCSALDEC25,,,"-31,747.00", 07/01/2026, HDFCH00725070081," NETBANK, MUMBAI"
, 10223NMCSALDEC25,,,"-27,288.00", 07/01/2026, HDFCH00725070083," NETBANK, MUMBAI"
, 10136NMCSALDEC25,,,"-28,194.75", 07/01/2026, HDFCH00725070084," NETBANK, MUMBAI"
, 10017NMCSALDEC25,,,"-38,277.00", 07/01/2026, HDFCH00725070085," NETBANK, MUMBAI"
, 10151NMCSALDEC25,,,"-31,092.70", 07/01/2026, HDFCH00725070087," NETBANK, MUMBAI"
, 10137NMCSALDEC25,,,"-22,061.00", 07/01/2026, HDFCH00725070088," NETBANK, MUMBAI"
, 14750NMCSALDEC25,,,"-17,666.15", 07/01/2026, HDFCH00725070089," NETBANK, MUMBAI"
, 14740NMCSALDEC25,,,"-17,132.00", 07/01/2026, HDFCH00725070090," NETBANK, MUMBAI"
, 14476NMCSALDEC25,,,"-21,909.00", 07/01/2026, HDFCH00725070091," NETBANK, MUMBAI"
, 14940NMCSALDEC25,,,"-18,046.25", 07/01/2026, HDFCH00725070092," NETBANK, MUMBAI"
, 14587NMCSALDEC25,,,"-15,244.78", 07/01/2026, HDFCH00725070094," NETBANK, MUMBAI"
, 14576NMCSALDEC25,,,"-18,524.00", 07/01/2026, HDFCH00725070095," NETBANK, MUMBAI"
, 14593NMCSALDEC25,,,"-17,050.70", 07/01/2026, HDFCH00725070096," NETBANK, MUMBAI"
, 14553NMCSALDEC25,,,"-16,921.13", 07/01/2026, HDFCH00725070097," NETBANK, MUMBAI"
, 14736NMCSALDEC25,,,"-17,004.94", 07/01/2026, HDFCH00725070098," NETBANK, MUMBAI"
, 13265NMCSALDEC25,,,"-20,987.70", 07/01/2026, HDFCH00725070099," NETBANK, MUMBAI"
, 14606NMCSALDEC25,,,"-18,204.70", 07/01/2026, HDFCH00725070101," NETBANK, MUMBAI"
, 14814NMCSALDEC25,,,"-41,863.00", 07/01/2026, HDFCH00725070102," NETBANK, MUMBAI"
, 10009NMCSALDEC25,,,"-34,196.20", 07/01/2026, HDFCH00725070103," NETBANK, MUMBAI"
, 10006NMCSALDEC25,,,"-22,051.00", 07/01/2026, HDFCH00725070104," NETBANK, MUMBAI"
, 10126NMCSALDEC25,,,"-43,057.52", 07/01/2026, HDFCH00725070105," NETBANK, MUMBAI"
, 10010NMCSALDEC25,,,"-45,788.00", 07/01/2026, HDFCH00725070106," NETBANK, MUMBAI"
, 14789NMCSALDEC25,,,"-31,376.00", 07/01/2026, HDFCH00725070107," NETBANK, MUMBAI"
, 14813NMCSALDEC25,,,"-38,478.00", 07/01/2026, HDFCH00725070108," NETBANK, MUMBAI"
, 80201NMCSALDEC25,,,"-18,934.00", 07/01/2026, HDFCH00725070109," NETBANK, MUMBAI"
, 80202NMCSALDEC25,,,"-26,993.00", 07/01/2026, HDFCH00725070110," NETBANK, MUMBAI"
, 80203NMCSALDEC25,,,"-21,934.10", 07/01/2026, HDFCH00725070111," NETBANK, MUMBAI"
, 80206NMCSALDEC25,,,"-26,326.00", 07/01/2026, HDFCH00725070114," NETBANK, MUMBAI"
, 14821NMCSALDEC25,,,"-27,756.00", 07/01/2026, HDFCH00725070115," NETBANK, MUMBAI"
, 10026NMCSALDEC25,,,"-35,667.00", 07/01/2026, HDFCH00725070116," NETBANK, MUMBAI"
, 10133NMCSALDEC25,,,"-16,081.00", 07/01/2026, HDFCH00725070117," NETBANK, MUMBAI"
, 10005NMCSALDEC25,,,"-39,889.00", 07/01/2026, HDFCH00725070119," NETBANK, MUMBAI"
, 10187NMCSALDEC25,,,"-15,859.95", 07/01/2026, HDFCH00725070120," NETBANK, MUMBAI"
, 15636NMCSALDEC25,,,"-22,269.00", 07/01/2026, HDFCH00725070121," NETBANK, MUMBAI"
, 601075831216KARMVEER SINGH 15179,,,"-14,187.00", 07/01/2026, HDFCH00725090449," NETBANK, MUMBAI"
, Kenbar Auto Pv-1100B0226012452,,,"-150,000.00", 07/01/2026, 601077071179," NETBANK, MUMBAI"
, RTGS Cr-SBIN0004298-M s Century Metal Recycling Private-Century Metal Rceycling Pvt Ltd-SBINR12026010712158085,," 10,000,000.00",, 07/01/2026, SBINR12026010712158085, CMS TF WBO MUMBAI
, RTGS Cr-SBIN0004298-M s Century Metal Recycling Private-Century Metal Rceycling Pvt Ltd-SBINR12026010712158031,," 10,000,000.00",, 07/01/2026, SBINR12026010712158031, CMS TF WBO MUMBAI
, RTGS Cr-SBIN0004298-M s Century Metal Recycling Private-Century Metal Rceycling Pvt Ltd-SBINR12026010712158052,," 10,000,000.00",, 07/01/2026, SBINR12026010712158052, CMS TF WBO MUMBAI
, RTGS Cr-SBIN0004298-M s Century Metal Recycling Private-Century Metal Rceycling Pvt Ltd-SBINR12026010712158029,," 10,000,000.00",, 07/01/2026, SBINR12026010712158029, CMS TF WBO MUMBAI
, RTGS Cr-SBIN0004298-M s Century Metal Recycling Private-Century Metal Rceycling Pvt Ltd-SBINR12026010712158028,," 10,000,000.00",, 07/01/2026, SBINR12026010712158028, CMS TF WBO MUMBAI
, RTGS Cr-SBIN0004298-M s Century Metal Recycling Private-Century Metal Rceycling Pvt Ltd-SBINR12026010712158034,," 10,000,000.00",, 07/01/2026, SBINR12026010712158034, CMS TF WBO MUMBAI
, RTGS Cr-SBIN0004298-M s Century Metal Recycling Private-Century Metal Rceycling Pvt Ltd-SBINR12026010712158053,," 10,000,000.00",, 07/01/2026, SBINR12026010712158053, CMS TF WBO MUMBAI
, RTGS Cr-SBIN0004298-M s Century Metal Recycling Private-Century Metal Rceycling Pvt Ltd-SBINR12026010712158027,," 10,000,000.00",, 07/01/2026, SBINR12026010712158027, CMS TF WBO MUMBAI
, RTGS Cr-SBIN0004298-M s Century Metal Recycling Private-Century Metal Rceycling Pvt Ltd-SBINR12026010712158050,," 10,000,000.00",, 07/01/2026, SBINR12026010712158050, CMS TF WBO MUMBAI
, RTGS Cr-SBIN0004298-M s Century Metal Recycling Private-Century Metal Rceycling Pvt Ltd-SBINR12026010712158032,," 10,000,000.00",, 07/01/2026, SBINR12026010712158032, CMS TF WBO MUMBAI
, RTGS Cr-SBIN0004298-M s Century Metal Recycling Private-Century Metal Rceycling Pvt Ltd-SBINR12026010712158026,," 10,000,000.00",, 07/01/2026, SBINR12026010712158026, CMS TF WBO MUMBAI
, RTGS Cr-SBIN0004298-CMR NIKKEI INDIA PVT LTD-Century Metal Recycling Limited-SBINR12026010712158312,," 10,000,000.00",, 07/01/2026, SBINR12026010712158312, CMS TF WBO MUMBAI
, RTGS Cr-SBIN0004298-CMR NIKKEI INDIA PVT LTD-Century Metal Recycling Limited-SBINR12026010712158332,," 10,000,000.00",, 07/01/2026, SBINR12026010712158332, CMS TF WBO MUMBAI
, RTGS Cr-SBIN0004298-CMR NIKKEI INDIA PVT LTD-Century Metal Recycling Limited-SBINR12026010712158313,," 10,000,000.00",, 07/01/2026, SBINR12026010712158313, CMS TF WBO MUMBAI
, RTGS Cr-SBIN0004298-CMR NIKKEI INDIA PVT LTD-Century Metal Recycling Limited-SBINR12026010712158333,," 10,000,000.00",, 07/01/2026, SBINR12026010712158333, CMS TF WBO MUMBAI
, RTGS Cr-SBIN0004298-CMR NIKKEI INDIA PVT LTD-Century Metal Recycling Limited-SBINR12026010712158366,," 10,000,000.00",, 07/01/2026, SBINR12026010712158366, CMS TF WBO MUMBAI
, RTGS Cr-SBIN0004298-CMR NIKKEI INDIA PVT LTD-Century Metal Recycling Limited-SBINR12026010712158334,," 10,000,000.00",, 07/01/2026, SBINR12026010712158334, CMS TF WBO MUMBAI
, RTGS Cr-SBIN0004298-CMR TOYOTSU ALUMINIUM INDIA PVT LT-Century Metal Recycling Limited-SBINR12026010712158790,," 10,000,000.00",, 07/01/2026, SBINR12026010712158790, CMS TF WBO MUMBAI
, RTGS Cr-SBIN0004298-CMR TOYOTSU ALUMINIUM INDIA PVT LT-Century Metal Recycling Limited-SBINR12026010712158739,," 10,000,000.00",, 07/01/2026, SBINR12026010712158739, CMS TF WBO MUMBAI
, RTGS Cr-SBIN0004298-CMR TOYOTSU ALUMINIUM INDIA PVT LT-Century Metal Recycling Limited-SBINR12026010712158807,," 10,000,000.00",, 07/01/2026, SBINR12026010712158807, CMS TF WBO MUMBAI
, RTGS Cr-SBIN0004298-CMR TOYOTSU ALUMINIUM INDIA PVT LT-Century Metal Recycling Limited-SBINR12026010712158791,," 10,000,000.00",, 07/01/2026, SBINR12026010712158791, CMS TF WBO MUMBAI
, RTGS Cr-SBIN0004298-CMR TOYOTSU ALUMINIUM INDIA PVT LT-Century Metal Recycling Limited-SBINR12026010712158820,," 10,000,000.00",, 07/01/2026, SBINR12026010712158820, CMS TF WBO MUMBAI
, RTGS Cr-SBIN0004298-CMR TOYOTSU ALUMINIUM INDIA PVT LT-Century Metal Recycling Limited-SBINR12026010712158806,," 10,000,000.00",, 07/01/2026, SBINR12026010712158806, CMS TF WBO MUMBAI
, RTGS Cr-SBIN0004298-CMR TOYOTSU ALUMINIUM INDIA PVT LT-Century Metal Recycling Limited-SBINR12026010712158810,," 10,000,000.00",, 07/01/2026, SBINR12026010712158810, CMS TF WBO MUMBAI
, RTGS Cr-SBIN0004298-CMR TOYOTSU ALUMINIUM INDIA PVT LT-Century Metal Recycling Limited-SBINR12026010712158792,," 10,000,000.00",, 07/01/2026, SBINR12026010712158792, CMS TF WBO MUMBAI
, 57500000342857-2857,,,"-200,000,000.00", 07/01/2026, 601077435328," NETBANK, MUMBAI"
, 57500000342857-2857,,,"-90,000,000.00", 07/01/2026, 601077429558," NETBANK, MUMBAI"
, Sandeep Singh-1100Sal10067Dec-2025,,,"-60,311.00", 07/01/2026, HDFCH00725578194," NETBANK, MUMBAI"
, Narendra Das-1100Sal10168Dec-2025,,,"-49,393.00", 07/01/2026, HDFCH00725571982," NETBANK, MUMBAI"
, Mohan Shyam Sh-1100Sal10034Dec-2025,,,"-106,218.00", 07/01/2026, HDFCH00725576972," NETBANK, MUMBAI"
, Pawan Chaurash-1100Sal10037Dec-2025,,,"-54,085.00", 07/01/2026, HDFCH00725577684," NETBANK, MUMBAI"
, Sunil Kumar-1100Sal10072Dec-2025,,,"-26,766.00", 07/01/2026, HDFCH00725577096," NETBANK, MUMBAI"
, Himanshu Gupta-1100Sal10147Dec-2025,,,"-80,221.00", 07/01/2026, HDFCH00725579231," NETBANK, MUMBAI"
, Virender Shima-1100Sal10043Dec-2025,,,"-173,178.00", 07/01/2026, HDFCH00725578231," NETBANK, MUMBAI"
, Parasnath Yada-1100Sal10155Dec-2025,,,"-95,290.00", 07/01/2026, HDFCH00725580191," NETBANK, MUMBAI"
, Deen Mohammad-1100Sal10058Dec-2025,,,"-88,403.00", 07/01/2026, HDFCH00725573815," NETBANK, MUMBAI"
, Ashish Chandra-1100Sal10078Dec-2025,,,"-39,489.00", 07/01/2026, HDFCH00725581218," NETBANK, MUMBAI"
, Sachin Dudeja-1100Sal10074Dec-2025,,,"-109,530.00", 07/01/2026, HDFCH00725573834," NETBANK, MUMBAI"
, Himanshu Pradh-1100Sal10146Dec-2025,,,"-53,564.00", 07/01/2026, HDFCH00725578025," NETBANK, MUMBAI"
, Sourabh Singh-1100Sal10121Dec-2025,,,"-154,121.00", 07/01/2026, HDFCH00725579602," NETBANK, MUMBAI"
, Ravindra Singh-1100Sal10046Dec-2025,,,"-149,279.00", 07/01/2026, HDFCH00725581224," NETBANK, MUMBAI"
, Ishwar Das Hal-1100Sal10118Dec-2025,,,"-68,451.00", 07/01/2026, HDFCH00725581229," NETBANK, MUMBAI"
, Bhagat Singh-1100Sal10039Dec-2025,,,"-84,731.00", 07/01/2026, HDFCH00725580374," NETBANK, MUMBAI"
, Jeetendra Sing-1100Sal10050Dec-2025,,,"-61,681.00", 07/01/2026, HDFCH00725580376," NETBANK, MUMBAI"
, Dinesh Kumar-1100Sal10060Dec-2025,,,"-109,285.00", 07/01/2026, HDFCH00725582246," NETBANK, MUMBAI"
, Naveen Singh-1100Sal10116Dec-2025,,,"-44,380.00", 07/01/2026, HDFCH00725578686," NETBANK, MUMBAI"
, Vikas Kumar-1100Sal10073Dec-2025,,,"-61,030.00", 07/01/2026, HDFCH00725581581," NETBANK, MUMBAI"
, Narandra Kumar-1100Sal10092Dec-2025,,,"-45,026.00", 07/01/2026, HDFCH00725580535," NETBANK, MUMBAI"
, Dayaram Thakur-1100Sal10135Dec-2025,,,"-55,973.00", 07/01/2026, HDFCH00725583182," NETBANK, MUMBAI"
, Rakesh Sharma-1100Sal10038Dec-2025,,,"-68,902.00", 07/01/2026, HDFCH00725580598," NETBANK, MUMBAI"
, Hemant Yadav-1100Sal10148Dec-2025,,,"-162,900.00", 07/01/2026, HDFCH00725573955," NETBANK, MUMBAI"
, Mahesh Kumar T-1100Sal10016Dec-2025,,,"-67,991.00", 07/01/2026, HDFCH00725580657," NETBANK, MUMBAI"
, Raghav Agarwal-1100Sal10004Dec-2025,,,"-341,747.00", 07/01/2026, HDFCH00725578991," NETBANK, MUMBAI"
, Chitrasen Vash-1100Sal10020Dec-2025,,,"-68,753.00", 07/01/2026, HDFCH00725584486," NETBANK, MUMBAI"
, Chandan Kumar-1100Sal10142Dec-2025,,,"-89,687.00", 07/01/2026, 601075554269," NETBANK, MUMBAI"
, Jaswant Sharma-1100Sal10030Dec-2025,,,"-190,914.00", 07/01/2026, HDFCH00725583576," NETBANK, MUMBAI"
, Narender Kumar-1100Sal10019Dec-2025,,,"-73,440.00", 07/01/2026, HDFCH00725584646," NETBANK, MUMBAI"
, RAGHVENDRA SIN-1100Sal10079Dec-2025,,,"-95,960.00", 07/01/2026, 601075554099," NETBANK, MUMBAI"
, Vijay Kumar-1100Sal10112Dec-2025,,,"-48,107.00", 07/01/2026, HDFCH00725574038," NETBANK, MUMBAI"
, Sanjay Chauhan-1100Sal10143Dec-2025,,,"-43,830.00", 07/01/2026, HDFCH00725580910," NETBANK, MUMBAI"
, Deepak Sharma-1100Sal10077Dec-2025,,,"-56,178.00", 07/01/2026, HDFCH00725585204," NETBANK, MUMBAI"
, Sarvesh Kumar-1100Sal10161Dec-2025,,,"-61,917.00", 07/01/2026, 601075554282," NETBANK, MUMBAI"
, Suresh Verma-1100Sal10101Dec-2025,,,"-41,258.00", 07/01/2026, HDFCH00725585117," NETBANK, MUMBAI"
, Data Ram Deshw-1100Sal10029Dec-2025,,,"-240,017.00", 07/01/2026, HDFCH00725585265," NETBANK, MUMBAI"
, SUDHEER SINGH-1100Sal10140Dec-2025,,,"-56,194.00", 07/01/2026, 601075554267," NETBANK, MUMBAI"
, Gauri Aggarwal-1100Sal10001Dec-2025,,,"-314,072.00", 07/01/2026, HDFCH00725587548," NETBANK, MUMBAI"
, Inderjeet .-1100Sal10163Dec-2025,,,"-32,586.00", 07/01/2026, HDFCH00725589548," NETBANK, MUMBAI"
, Mohan Agarwal-1100Sal10002Dec-2025,,,"-1,158,875.00", 07/01/2026, HDFCH00725586460," NETBANK, MUMBAI"
, Dharmender Dag-1100Sal10127Dec-2025,,,"-93,028.00", 07/01/2026, HDFCH00725588683," NETBANK, MUMBAI"
, Ashok Kumar-1100Sal10094Dec-2025,,,"-44,215.00", 07/01/2026, HDFCH00725589580," NETBANK, MUMBAI"
, Lalit Kumar-1100Sal10102Dec-2025,,,"-75,212.00", 07/01/2026, HDFCH00725588796," NETBANK, MUMBAI"
, Naresh Kumar-1100Sal10463Dec-2025,,,"-111,276.00", 07/01/2026, HDFCH00725585945," NETBANK, MUMBAI"
, Rishi Tiwari-1100Sal10420Dec-2025,,,"-102,674.00", 07/01/2026, HDFCH00725591243," NETBANK, MUMBAI"
, Suresh Kumar Y-1100Sal10320Dec-2025,,,"-45,715.00", 07/01/2026, HDFCH00725588411," NETBANK, MUMBAI"
, Yashwant-1100Sal10611Dec-2025,,,"-56,265.00", 07/01/2026, HDFCH00725589843," NETBANK, MUMBAI"
, Hemant Kumar-1100Sal10516Dec-2025,,,"-71,402.00", 07/01/2026, HDFCH00725588519," NETBANK, MUMBAI"
, Tulsi Ram Yada-1100Sal10024Dec-2025,,,"-62,750.00", 07/01/2026, HDFCH00725592613," NETBANK, MUMBAI"
, Suchit Chouhan-1100Sal11693Dec-2025,,,"-11,800.00", 07/01/2026, HDFCH00725589900," NETBANK, MUMBAI"
, Ravi Gupta-1100Sal11385Dec-2025,,,"-62,674.00", 07/01/2026, HDFCH00725594963," NETBANK, MUMBAI"
, Ram Gopal-1100Sal10950Dec-2025,,,"-51,876.00", 07/01/2026, HDFCH00725595080," NETBANK, MUMBAI"
, Narender Singh-1100Sal10858Dec-2025,,,"-26,502.00", 07/01/2026, HDFCH00725595192," NETBANK, MUMBAI"
, Jitendra Kumar-1100Sal11665Dec-2025,,,"-45,397.00", 07/01/2026, HDFCH00725594127," NETBANK, MUMBAI"
, Rajat Kumar-1100Sal11391Dec-2025,,,"-44,589.00", 07/01/2026, HDFCH00725589960," NETBANK, MUMBAI"
, Manbir Singh R-1100Sal10025Dec-2025,,,"-87,242.00", 07/01/2026, HDFCH00725595231," NETBANK, MUMBAI"
, Dheeraj Sharma-1100Sal11498Dec-2025,,,"-52,177.00", 07/01/2026, HDFCH00725594343," NETBANK, MUMBAI"
, Akshay Agarwal-1100Sal10003Dec-2025,,,"-197,688.00", 07/01/2026, HDFCH00725593825," NETBANK, MUMBAI"
, Harsh Bisht-1100Sal10587Dec-2025,,,"-58,998.00", 07/01/2026, HDFCH00725597574," NETBANK, MUMBAI"
, Satyawan Singh-1100Sal10671Dec-2025,,,"-32,256.00", 07/01/2026, HDFCH00725595640," NETBANK, MUMBAI"
, Harish Tripath-1100Sal10805Dec-2025,,,"-93,027.00", 07/01/2026, HDFCH00725598621," NETBANK, MUMBAI"
, Patel Pathik-1100Sal11249Dec-2025,,,"-50,672.00", 07/01/2026, HDFCH00725594544," NETBANK, MUMBAI"
, Vinod Kumar Gi-1100Sal10022Dec-2025,,,"-38,963.00", 07/01/2026, HDFCH00725594600," NETBANK, MUMBAI"
, Mithilesh Kuma-1100Sal10087Dec-2025,,,"-36,220.00", 07/01/2026, HDFCH00725596614," NETBANK, MUMBAI"
, Pritesh Kumari-1100Sal11807Dec-2025,,,"-35,994.00", 07/01/2026, HDFCH00725596636," NETBANK, MUMBAI"
, Neeraj Bansal-1100Sal10523Dec-2025,,,"-226,524.00", 07/01/2026, HDFCH00725598173," NETBANK, MUMBAI"
, Lalit Kumar-1100Sal11403Dec-2025,,,"-48,256.00", 07/01/2026, 601075554382," NETBANK, MUMBAI"
, Naveen Kumar S-1100Sal10186Dec-2025,,,"-32,084.00", 07/01/2026, HDFCH00725596707," NETBANK, MUMBAI"
, Abhishek Gupta-1100Sal11390Dec-2025,,,"-58,666.00", 07/01/2026, HDFCH00725595831," NETBANK, MUMBAI"
, Gautam Singh-1100Sal10871Dec-2025,,,"-34,316.00", 07/01/2026, 601075554341," NETBANK, MUMBAI"
, Chandan Singh-1100Sal11256Dec-2025,,,"-42,356.00", 07/01/2026, HDFCH00725590069," NETBANK, MUMBAI"
, Shatrughan Pat-1100Sal10197Dec-2025,,,"-42,962.00", 07/01/2026, 601075554294," NETBANK, MUMBAI"
, Mukesh Kumar J-1100Sal11214Dec-2025,,,"-32,215.00", 07/01/2026, HDFCH00725590070," NETBANK, MUMBAI"
, MAHESHRAM-1100Sal11799Dec-2025,,,"-28,094.00", 07/01/2026, HDFCH00725599326," NETBANK, MUMBAI"
, Amit Kumar Vis-1100Sal10931Dec-2025,,,"-35,469.00", 07/01/2026, 601075554343," NETBANK, MUMBAI"
, Sudhir Kumar-1100Sal10462Dec-2025,,,"-77,126.00", 07/01/2026, HDFCH00725599329," NETBANK, MUMBAI"
, FARHAN JAVED-1100Sal11180Dec-2025,,,"-47,703.00", 07/01/2026, 601075554357," NETBANK, MUMBAI"
, Vijay Pal-1100Sal10603Dec-2025,,,"-103,933.00", 07/01/2026, HDFCH00725595883," NETBANK, MUMBAI"
, Sachin Sharma-1100Sal11290Dec-2025,,,"-36,562.00", 07/01/2026, HDFCH00725600727," NETBANK, MUMBAI"
, Anil Kumar Sha-1100Sal10217Dec-2025,,,"-31,998.00", 07/01/2026, HDFCH00725598921," NETBANK, MUMBAI"
, Mandakini Agar-1100Sal11735Dec-2025,,,"-126,532.00", 07/01/2026, 601075554395," NETBANK, MUMBAI"
, Manoj Kumar Ya-1100Sal10768Dec-2025,,,"-49,647.00", 07/01/2026, HDFCH00725601701," NETBANK, MUMBAI"
, Amit Mishra-1100Sal11172Dec-2025,,,"-53,227.00", 07/01/2026, HDFCH00725598975," NETBANK, MUMBAI"
, Trilok Chand-1100Sal11404Dec-2025,,,"-46,765.00", 07/01/2026, 601075554384," NETBANK, MUMBAI"
, Deepak Kumar G-1100Sal10023Dec-2025,,,"-257,018.00", 07/01/2026, HDFCH00725602673," NETBANK, MUMBAI"
, Pradeep Kumar-1100Sal11091Dec-2025,,,"-29,388.00", 07/01/2026, HDFCH00725602694," NETBANK, MUMBAI"
, Rajesh Singh-1100Sal10934Dec-2025,,,"-32,540.00", 07/01/2026, 601075554345," NETBANK, MUMBAI"
, Tinku Sharma-1100Sal10842Dec-2025,,,"-57,694.00", 07/01/2026, HDFCH00725602032," NETBANK, MUMBAI"
, Rupesh prasad-1100Sal10696Dec-2025,,,"-66,125.00", 07/01/2026, 601075554326," NETBANK, MUMBAI"
, Krishan Mohan -1100Sal10829Dec-2025,,,"-47,757.00", 07/01/2026, HDFCH00725590446," NETBANK, MUMBAI"
, Satender-1100Sal10946Dec-2025,,,"-68,395.00", 07/01/2026, HDFCH00725602735," NETBANK, MUMBAI"
, SUKHVIR SHARMA-1100Sal11369Dec-2025,,,"-39,409.00", 07/01/2026, 601075554371," NETBANK, MUMBAI"
, Umesh Kumar-1100Sal11810Dec-2025,,,"-39,179.00", 07/01/2026, HDFCH00725590488," NETBANK, MUMBAI"
, Abhishek Soam-1100Sal10270Dec-2025,,,"-56,338.00", 07/01/2026, HDFCH00725590500," NETBANK, MUMBAI"
, Soma Sharma-1100Sal11522Dec-2025,,,"-87,775.00", 07/01/2026, 601075554389," NETBANK, MUMBAI"
, Ratipal Yadav-1100Sal11248Dec-2025,,,"-122,134.00", 07/01/2026, 601075554361," NETBANK, MUMBAI"
, VISHAL PANDEY-1100Sal10177Dec-2025,,,"-56,776.00", 07/01/2026, 601075554290," NETBANK, MUMBAI"
, RAKESH-1100Sal10266Dec-2025,,,"-90,624.00", 07/01/2026, 601075554298," NETBANK, MUMBAI"
, Shubham Bharga-1100Sal11300Dec-2025,,,"-57,566.00", 07/01/2026, 601075554369," NETBANK, MUMBAI"
, 12540310000177-177,,,"-1,700,000.00", 07/01/2026, 601077460571," NETBANK, MUMBAI"
, Anuj Kumar Mis-1100Sal14717Dec-2025,,,"-30,321.00", 07/01/2026, 601075553741," NETBANK, MUMBAI"
, Geetanjali Phu-1100Sal14899Dec-2025,,,"-61,899.00", 07/01/2026, 601075553778," NETBANK, MUMBAI"
, Priyanka Kapil-1100Sal14574Dec-2025,,,"-154,663.00", 07/01/2026, 601075553723," NETBANK, MUMBAI"
, Pawan Bhadri-1100Sal14898Dec-2025,,,"-93,241.00", 07/01/2026, 601075553776," NETBANK, MUMBAI"
, Uday Tiwari-1100Sal14764Dec-2025,,,"-163,102.00", 07/01/2026, 601075553747," NETBANK, MUMBAI"
, Harmeet Singh-1100Sal12552Dec-2025,,,"-37,666.00", 07/01/2026, 601075553694," NETBANK, MUMBAI"
, Sunil Kumar-1100Sal14840Dec-2025,,,"-41,704.00", 07/01/2026, 601075553753," NETBANK, MUMBAI"
, Jalaluddin .-1100Sal14127Dec-2025,,,"-58,351.00", 07/01/2026, 601075553708," NETBANK, MUMBAI"
, Arun Verma-1100Sal12197Dec-2025,,,"-105,162.00", 07/01/2026, 601075553679," NETBANK, MUMBAI"
, Vadodariya Aja-1100Sal11949Dec-2025,,,"-67,487.00", 07/01/2026, 601075553675," NETBANK, MUMBAI"
, Sandeep Bhadau-1100Sal14881Dec-2025,,,"-86,307.00", 07/01/2026, 601075553766," NETBANK, MUMBAI"
, Amit Kumar-1100Sal14882Dec-2025,,,"-39,213.00", 07/01/2026, 601075553768," NETBANK, MUMBAI"
, Amit Arora-1100Sal12613Dec-2025,,,"-241,844.00", 07/01/2026, 601075553696," NETBANK, MUMBAI"
, Ram Milan-1100Sal12806Dec-2025,,,"-32,393.00", 07/01/2026, HDFCH00725611713," NETBANK, MUMBAI"
, Rajesh Kumar-1100Sal14746Dec-2025,,,"-178,520.00", 07/01/2026, HDFCH00725607126," NETBANK, MUMBAI"
, Nitin Soni-1100Sal12750Dec-2025,,,"-72,719.00", 07/01/2026, HDFCH00725611780," NETBANK, MUMBAI"
, Kuvar Bahadur -1100Sal14598Dec-2025,,,"-35,003.00", 07/01/2026, HDFCH00725607176," NETBANK, MUMBAI"
, Suneel Kumar-1100Sal14887Dec-2025,,,"-50,769.00", 07/01/2026, HDFCH00725607205," NETBANK, MUMBAI"
, Vikram Singh B-1100Sal12254Dec-2025,,,"-45,003.00", 07/01/2026, HDFCH00725612704," NETBANK, MUMBAI"
, Kuldeep Dagar-1100Sal14513Dec-2025,,,"-54,815.00", 07/01/2026, HDFCH00725610832," NETBANK, MUMBAI"
, Utkarsh Srivas-1100Sal14865Dec-2025,,,"-43,055.00", 07/01/2026, HDFCH00725611805," NETBANK, MUMBAI"
, NAVEEN YADAV-1100Sal14888Dec-2025,,,"-25,977.00", 07/01/2026, HDFCH00725607310," NETBANK, MUMBAI"
, Aditi Singh-1100Sal14873Dec-2025,,,"-45,391.00", 07/01/2026, HDFCH00725612798," NETBANK, MUMBAI"
, Parekh Parth D-1100Sal12050Dec-2025,,,"-53,430.00", 07/01/2026, HDFCH00725607372," NETBANK, MUMBAI"
, Abhay Sharma-1100Sal14905Dec-2025,,,"-55,212.00", 07/01/2026, HDFCH00725609116," NETBANK, MUMBAI"
, Prdeep Kumar-1100Sal12778Dec-2025,,,"-95,706.00", 07/01/2026, HDFCH00725610044," NETBANK, MUMBAI"
, Lalit Gupta-1100Sal14902Dec-2025,,,"-42,070.00", 07/01/2026, HDFCH00725612165," NETBANK, MUMBAI"
, Bhagat Singh-1100Sal14447Dec-2025,,,"-93,309.00", 07/01/2026, HDFCH00725612916," NETBANK, MUMBAI"
, Mohd Rafique-1100Sal14838Dec-2025,,,"-51,109.00", 07/01/2026, HDFCH00725609162," NETBANK, MUMBAI"
, Pankaj Gahlot-1100Sal14632Dec-2025,,,"-155,656.00", 07/01/2026, HDFCH00725610220," NETBANK, MUMBAI"
, Santosh Kumar-1100Sal12332Dec-2025,,,"-42,035.00", 07/01/2026, HDFCH00725610947," NETBANK, MUMBAI"
, Vishal Rameshc-1100Sal11906Dec-2025,,,"-39,246.00", 07/01/2026, HDFCH00725610326," NETBANK, MUMBAI"
, GOPAL BHASKAR-1100Sal12340Dec-2025,,,"-72,350.00", 07/01/2026, HDFCH00725607498," NETBANK, MUMBAI"
, Vinod Verma-1100Sal14727Dec-2025,,,"-74,577.00", 07/01/2026, HDFCH00725607560," NETBANK, MUMBAI"
, Rajkishore Dub-1100Sal14645Dec-2025,,,"-165,590.00", 07/01/2026, HDFCH00725609451," NETBANK, MUMBAI"
, Krishan Kumar -1100Sal14470Dec-2025,,,"-34,836.00", 07/01/2026, HDFCH00725610420," NETBANK, MUMBAI"
, NEERAJ-1100Sal14695Dec-2025,,,"-30,264.00", 07/01/2026, HDFCH00725613176," NETBANK, MUMBAI"
, Jagat Singh-1100Sal14625Dec-2025,,,"-31,169.00", 07/01/2026, HDFCH00725610462," NETBANK, MUMBAI"
, Ashok Kumar-1100Sal14890Dec-2025,,,"-24,974.00", 07/01/2026, HDFCH00725611418," NETBANK, MUMBAI"
, Meenu Bansal-1100Sal14657Dec-2025,,,"-62,366.00", 07/01/2026, HDFCH00725610549," NETBANK, MUMBAI"
, Ankit Sharma-1100Sal14807Dec-2025,,,"-42,436.00", 07/01/2026, HDFCH00725609582," NETBANK, MUMBAI"
, Omvir Singh Ch-1100Sal14853Dec-2025,,,"-31,519.00", 07/01/2026, HDFCH00725611430," NETBANK, MUMBAI"
, Rajat Kumar-1100Sal12343Dec-2025,,,"-52,956.00", 07/01/2026, HDFCH00725613224," NETBANK, MUMBAI"
, Sanjay Singh-1100Sal14468Dec-2025,,,"-366,936.00", 07/01/2026, HDFCH00725610639," NETBANK, MUMBAI"
, Prabhash Singh-1100Sal14608Dec-2025,,,"-32,053.00", 07/01/2026, HDFCH00725614285," NETBANK, MUMBAI"
, Sanjeet Kumar -1100Sal12198Dec-2025,,,"-31,376.00", 07/01/2026, HDFCH00725614290," NETBANK, MUMBAI"
, Ankur Singh-1100Sal12931Dec-2025,,,"-248,185.00", 07/01/2026, HDFCH00725613266," NETBANK, MUMBAI"
, BHANWAR SINGH-1100Sal13877Dec-2025,,,"-37,738.00", 07/01/2026, HDFCH00725613271," NETBANK, MUMBAI"
, Yash Singh-1100Sal14869Dec-2025,,,"-37,524.00", 07/01/2026, HDFCH00725614812," NETBANK, MUMBAI"
, Alok Ram-1100Sal14523Dec-2025,,,"-30,583.00", 07/01/2026, HDFCH00725612621," NETBANK, MUMBAI"
, JITENDRA SINGH-1100Sal15225Dec-2025,,,"-38,568.00", 07/01/2026, 601075553869," NETBANK, MUMBAI"
, Avnish Pal-1100Sal15022Dec-2025,,,"-36,129.00", 07/01/2026, 601075553808," NETBANK, MUMBAI"
, Naveen Kumar Y-1100Sal14968Dec-2025,,,"-47,797.00", 07/01/2026, 601075553794," NETBANK, MUMBAI"
, Srishti Saxena-1100Sal15268Dec-2025,,,"-105,758.00", 07/01/2026, 601075553887," NETBANK, MUMBAI"
, Ashish Gupta-1100Sal15007Dec-2025,,,"-37,559.00", 07/01/2026, 601075553806," NETBANK, MUMBAI"
, Parveen .-1100Sal15131Dec-2025,,,"-32,698.00", 07/01/2026, 601075553835," NETBANK, MUMBAI"
, Aman Kesarwani-1100Sal15257Dec-2025,,,"-75,234.00", 07/01/2026, 601075553885," NETBANK, MUMBAI"
, Rahul Jayant-1100Sal15006Dec-2025,,,"-95,799.00", 07/01/2026, 601075553802," NETBANK, MUMBAI"
, Ekas Agarwal-1100Sal15288Dec-2025,,,"-126,532.00", 07/01/2026, 601075553889," NETBANK, MUMBAI"
, Dipak Topiwala-1100Sal15243Dec-2025,,,"-125,132.00", 07/01/2026, 601075553879," NETBANK, MUMBAI"
, Manish Agrahar-1100Sal15053Dec-2025,,,"-32,125.00", 07/01/2026, 601075553816," NETBANK, MUMBAI"
, Pradeep Chauha-1100Sal15121Dec-2025,,,"-44,302.00", 07/01/2026, HDFCH00725628564," NETBANK, MUMBAI"
, Ashutosh Anand-1100Sal14914Dec-2025,,,"-50,333.00", 07/01/2026, HDFCH00725624402," NETBANK, MUMBAI"
, Meenu Siwal-1100Sal15135Dec-2025,,,"-51,130.00", 07/01/2026, HDFCH00725628568," NETBANK, MUMBAI"
, Deepanshi Bhat-1100Sal15150Dec-2025,,,"-32,589.00", 07/01/2026, HDFCH00725629532," NETBANK, MUMBAI"
, Gaurav Sharma-1100Sal15162Dec-2025,,,"-44,422.00", 07/01/2026, HDFCH00725629536," NETBANK, MUMBAI"
, Pradeep Chaudh-1100Sal15246Dec-2025,,,"-201,349.00", 07/01/2026, HDFCH00725629616," NETBANK, MUMBAI"
, Himanshu Pangh-1100Sal15163Dec-2025,,,"-22,296.00", 07/01/2026, HDFCH00725624533," NETBANK, MUMBAI"
, SURAJ SINGH-1100Sal14932Dec-2025,,,"-31,423.00", 07/01/2026, HDFCH00725632116," NETBANK, MUMBAI"
, Kajal Goyal-1100Sal15110Dec-2025,,,"-50,725.00", 07/01/2026, HDFCH00725632223," NETBANK, MUMBAI"
, Piyush Sharma-1100Sal15172Dec-2025,,,"-45,603.00", 07/01/2026, HDFCH00725624667," NETBANK, MUMBAI"
, Hitesh Pant-1100Sal15142Dec-2025,,,"-40,869.00", 07/01/2026, HDFCH00725624672," NETBANK, MUMBAI"
, Surya Pratap-1100Sal15244Dec-2025,,,"-66,759.00", 07/01/2026, HDFCH00725632404," NETBANK, MUMBAI"
, Ritik-1100Sal15195Dec-2025,,,"-22,318.00", 07/01/2026, HDFCH00725633619," NETBANK, MUMBAI"
, Ankush Gupta-1100Sal15087Dec-2025,,,"-29,967.00", 07/01/2026, HDFCH00725627491," NETBANK, MUMBAI"
, Mukesh Tiwari-1100Sal15032Dec-2025,,,"-59,066.00", 07/01/2026, HDFCH00725633774," NETBANK, MUMBAI"
, Anuj Kumar-1100Sal15050Dec-2025,,,"-29,498.00", 07/01/2026, HDFCH00725632870," NETBANK, MUMBAI"
, Shreyansh Dwiv-1100Sal14999Dec-2025,,,"-32,635.00", 07/01/2026, HDFCH00725636460," NETBANK, MUMBAI"
, Nidhi Arora-1100Sal15042Dec-2025,,,"-40,099.00", 07/01/2026, HDFCH00725636485," NETBANK, MUMBAI"
, Harsh Kumar-1100Sal15160Dec-2025,,,"-39,802.00", 07/01/2026, HDFCH00725638670," NETBANK, MUMBAI"
, Nikita Jain-1100Sal15315Dec-2025,,,"-49,707.00", 07/01/2026, HDFCH00725636517," NETBANK, MUMBAI"
, Vedprakash Pra-1100Sal14944Dec-2025,,,"-138,912.00", 07/01/2026, HDFCH00725636233," NETBANK, MUMBAI"
, Vandana Patel-1100Sal15325Dec-2025,,,"-50,942.00", 07/01/2026, HDFCH00725639816," NETBANK, MUMBAI"
, Rishabh Sajwan-1100Sal15134Dec-2025,,,"-33,146.00", 07/01/2026, HDFCH00725639026," NETBANK, MUMBAI"
, Deepak Bhardwa-1100Sal14950Dec-2025,,,"-156,279.00", 07/01/2026, HDFCH00725641747," NETBANK, MUMBAI"
, Nitin Singh-1100Sal15227Dec-2025,,,"-36,441.00", 07/01/2026, HDFCH00725641746," NETBANK, MUMBAI"
, Krishan Kumar-1100Sal15143Dec-2025,,,"-33,244.00", 07/01/2026, HDFCH00725641790," NETBANK, MUMBAI"
, Arunesh Kumar-1100Sal15217Dec-2025,,,"-107,784.00", 07/01/2026, HDFCH00725637858," NETBANK, MUMBAI"
, Rohit Sharma-1100Sal15196Dec-2025,,,"-16,304.00", 07/01/2026, HDFCH00725637871," NETBANK, MUMBAI"
, Ganesh Raj-1100Sal15106Dec-2025,,,"-48,054.00", 07/01/2026, HDFCH00725640916," NETBANK, MUMBAI"
, Vipul Saini-1100Sal15154Dec-2025,,,"-37,945.00", 07/01/2026, HDFCH00725639263," NETBANK, MUMBAI"
, Anil Goenka-1100Sal15241Dec-2025,,,"-188,963.00", 07/01/2026, HDFCH00725641868," NETBANK, MUMBAI"
, Mohit Singla-1100Sal15164Dec-2025,,,"-17,856.00", 07/01/2026, HDFCH00725636945," NETBANK, MUMBAI"
, Ajay Singh-1100Sal14996Dec-2025,,,"-51,753.00", 07/01/2026, HDFCH00725639328," NETBANK, MUMBAI"
, Kalpit Kumar P-1100Sal15180Dec-2025,,,"-43,608.00", 07/01/2026, HDFCH00725641956," NETBANK, MUMBAI"
, LADVA KRUSHNKA-1100Sal15074Dec-2025,,,"-44,915.00", 07/01/2026, HDFCH00725638024," NETBANK, MUMBAI"
, Mohit Singh-1100Sal14982Dec-2025,,,"-33,319.00", 07/01/2026, HDFCH00725638082," NETBANK, MUMBAI"
, Sanjay Singh-1100Sal15068Dec-2025,,,"-75,929.00", 07/01/2026, HDFCH00725641975," NETBANK, MUMBAI"
, Mohd Khizar-1100Sal15081Dec-2025,,,"-32,104.00", 07/01/2026, HDFCH00725642017," NETBANK, MUMBAI"
, Ankit Saxena-1100Sal15430Dec-2025,,,"-44,126.00", 07/01/2026, HDFCH00725638197," NETBANK, MUMBAI"
, Vishal Chauhan-1100Sal15596Dec-2025,,,"-15,991.00", 07/01/2026, HDFCH00725642150," NETBANK, MUMBAI"
, Omkar Yadav-1100Sal15550Dec-2025,,,"-81,878.00", 07/01/2026, HDFCH00725643689," NETBANK, MUMBAI"
, Rishabh Chaudh-1100Sal15517Dec-2025,,,"-39,921.00", 07/01/2026, HDFCH00725638252," NETBANK, MUMBAI"
, Shivam Dubey-1100Sal15340Dec-2025,,,"-49,037.00", 07/01/2026, HDFCH00725644617," NETBANK, MUMBAI"
, Riya Rawat-1100Sal15345Dec-2025,,,"-84,302.00", 07/01/2026, HDFCH00725644694," NETBANK, MUMBAI"
, Piyush Jain-1100Sal15375Dec-2025,,,"-84,914.00", 07/01/2026, HDFCH00725641504," NETBANK, MUMBAI"
, Rakesh Sadashi-1100Sal15404Dec-2025,,,"-41,596.00", 07/01/2026, HDFCH00725643872," NETBANK, MUMBAI"
, Rakesh Kumar-1100Sal15591Dec-2025,,,"-98,402.00", 07/01/2026, HDFCH00725638320," NETBANK, MUMBAI"
, Devendra Tiwar-1100Sal15349Dec-2025,,,"-44,909.00", 07/01/2026, HDFCH00725645515," NETBANK, MUMBAI"
, Premkumar Pimp-1100Sal15551Dec-2025,,,"-82,083.00", 07/01/2026, HDFCH00725637335," NETBANK, MUMBAI"
, Rishabh Khalia-1100Sal15638Dec-2025,,,"-43,873.00", 07/01/2026, HDFCH00725642822," NETBANK, MUMBAI"
, Shirshendu Lah-1100Sal15422Dec-2025,,,"-48,726.00", 07/01/2026, HDFCH00725644004," NETBANK, MUMBAI"
, Mukesh Almiya-1100Sal15354Dec-2025,,,"-58,846.00", 07/01/2026, HDFCH00725638509," NETBANK, MUMBAI"
, Puneesh Lamba-1100Sal15390Dec-2025,,,"-355,365.00", 07/01/2026, HDFCH00725646541," NETBANK, MUMBAI"
, Ashish Raval-1100Sal15565Dec-2025,,,"-139,091.00", 07/01/2026, HDFCH00725645567," NETBANK, MUMBAI"
, Mantu Mandal-1100Sal15635Dec-2025,,,"-27,919.00", 07/01/2026, HDFCH00725644966," NETBANK, MUMBAI"
, Lakshya Varshn-1100Sal15536Dec-2025,,,"-41,802.00", 07/01/2026, HDFCH00725647532," NETBANK, MUMBAI"
, Gaurav Parihar-1100Sal15401Dec-2025,,,"-40,850.00", 07/01/2026, HDFCH00725646605," NETBANK, MUMBAI"
, Shubham-1100Sal15522Dec-2025,,,"-32,299.00", 07/01/2026, HDFCH00725646653," NETBANK, MUMBAI"
, Sanjay Dubey-1100Sal15440Dec-2025,,,"-61,475.00", 07/01/2026, HDFCH00725644048," NETBANK, MUMBAI"
, Neetu Choudhar-1100Sal15567Dec-2025,,,"-40,000.00", 07/01/2026, HDFCH00725644064," NETBANK, MUMBAI"
, Ishan Aggarwal-1100Sal15521Dec-2025,,,"-22,434.00", 07/01/2026, HDFCH00725647780," NETBANK, MUMBAI"
, Amit Singh-1100Sal15450Dec-2025,,,"-58,884.00", 07/01/2026, 601075553951," NETBANK, MUMBAI"
, Charu Arora-1100Sal15479Dec-2025,,,"-44,362.00", 07/01/2026, HDFCH00725647785," NETBANK, MUMBAI"
, Sanjeev Kumar-1100Sal15397Dec-2025,,,"-37,898.00", 07/01/2026, 601075553926," NETBANK, MUMBAI"
, Prerna Yadav-1100Sal15355Dec-2025,,,"-69,736.00", 07/01/2026, HDFCH00725645147," NETBANK, MUMBAI"
, Suraj Kumar-1100Sal15353Dec-2025,,,"-57,710.00", 07/01/2026, HDFCH00725646814," NETBANK, MUMBAI"
, Dhananjay Sing-1100Sal15611Dec-2025,,,"-31,839.00", 07/01/2026, 601075554000," NETBANK, MUMBAI"
, Mohit Singh-1100Sal15496Dec-2025,,,"-46,172.00", 07/01/2026, HDFCH00725644274," NETBANK, MUMBAI"
, Saloni Dewan-1100Sal15595Dec-2025,,,"-43,013.00", 07/01/2026, HDFCH00725643070," NETBANK, MUMBAI"
, Vaibhav Vyas-1100Sal15554Dec-2025,,,"-76,914.00", 07/01/2026, 601075553982," NETBANK, MUMBAI"
, Deepak Kumar-1100Sal15236Dec-2025,,,"-61,302.00", 07/01/2026, HDFCH00725645298," NETBANK, MUMBAI"
, Sachin .-1100Sal15335Dec-2025,,,"-37,606.00", 07/01/2026, HDFCH00725644282," NETBANK, MUMBAI"
, Sejal Bhatnaga-1100Sal15548Dec-2025,,,"-44,765.00", 07/01/2026, 601075553975," NETBANK, MUMBAI"
, Surya Prakash-1100Sal15493Dec-2025,,,"-33,884.00", 07/01/2026, HDFCH00725645350," NETBANK, MUMBAI"
, Rajeev Mahto-1100Sal15563Dec-2025,,,"-82,089.00", 07/01/2026, 601075553984," NETBANK, MUMBAI"
, Ravi-1100Sal15398Dec-2025,,,"-64,195.00", 07/01/2026, HDFCH00725643333," NETBANK, MUMBAI"
, Manjeet-1100Sal15338Dec-2025,,,"-35,491.00", 07/01/2026, HDFCH00725643375," NETBANK, MUMBAI"
, Vijay Giri-1100Sal15402Dec-2025,,,"-37,414.00", 07/01/2026, HDFCH00725645802," NETBANK, MUMBAI"
, Pritam Gupta-1100Sal15452Dec-2025,,,"-28,761.00", 07/01/2026, 601075553953," NETBANK, MUMBAI"
, Ankit Mittal-1100Sal15508Dec-2025,,,"-49,291.00", 07/01/2026, HDFCH00725645809," NETBANK, MUMBAI"
, Manoj Kumar-1100Sal15537Dec-2025,,,"-53,853.00", 07/01/2026, 601075553973," NETBANK, MUMBAI"
, Sachin Mahale-1100Sal15624Dec-2025,,,"-33,503.00", 07/01/2026, HDFCH00725644364," NETBANK, MUMBAI"
, Rishabh Saini-1100Sal15341Dec-2025,,,"-50,263.00", 07/01/2026, HDFCH00725648131," NETBANK, MUMBAI"
, Akash Bhargav-1100Sal15359Dec-2025,,,"-82,275.00", 07/01/2026, HDFCH00725644368," NETBANK, MUMBAI"
, Praveen Aggarw-1100Sal15623Dec-2025,,,"-55,173.00", 07/01/2026, HDFCH00725649546," NETBANK, MUMBAI"
, Suraj Singh-1100Sal15581Dec-2025,,,"-34,537.00", 07/01/2026, HDFCH00725648598," NETBANK, MUMBAI"
, Apoorva Tiwari-1100Sal15417Dec-2025,,,"-82,708.00", 07/01/2026, HDFCH00725649731," NETBANK, MUMBAI"
, Vishal Mishra-1100Sal15420Dec-2025,,,"-47,162.00", 07/01/2026, HDFCH00725649742," NETBANK, MUMBAI"
, Suman Bala-1100Sal15407Dec-2025,,,"-90,862.00", 07/01/2026, HDFCH00725650728," NETBANK, MUMBAI"
, Deepak Yadav-1100Sal15642Dec-2025,,,"-24,075.00", 07/01/2026, HDFCH00725647231," NETBANK, MUMBAI"
, Vivek Tiwari-1100Sal15648Dec-2025,,,"-39,169.00", 07/01/2026, HDFCH00725648462," NETBANK, MUMBAI"
, Monika .-1100Sal15649Dec-2025,,,"-31,312.00", 07/01/2026, HDFCH00725646111," NETBANK, MUMBAI"
, Hemant Kumar-1100Sal15764Dec-2025,,,"-39,908.00", 07/01/2026, HDFCH00725649996," NETBANK, MUMBAI"
, Akanksha Tripa-1100Sal15761Dec-2025,,,"-98,622.00", 07/01/2026, HDFCH00725651058," NETBANK, MUMBAI"
, Sharmistha Muk-1100Sal15777Dec-2025,,,"-18,800.00", 07/01/2026, HDFCH00725650010," NETBANK, MUMBAI"
, Ayush Kumar-1100Sal15779Dec-2025,,,"-18,719.00", 07/01/2026, HDFCH00725647318," NETBANK, MUMBAI"
, Dikshant Pal-1100Sal15762Dec-2025,,,"-33,596.00", 07/01/2026, HDFCH00725651112," NETBANK, MUMBAI"
, Rahul Sharma-1100Sal15778Dec-2025,,,"-19,353.00", 07/01/2026, HDFCH00725647383," NETBANK, MUMBAI"
, Kuldeep Kumar-1100Sal15772Dec-2025,,,"-19,883.00", 07/01/2026, HDFCH00725650219," NETBANK, MUMBAI"
, Ajay Prajapati-1100Sal15657Dec-2025,,,"-156,000.00", 07/01/2026, 601075554026," NETBANK, MUMBAI"
, Mukesh Kumar-1100Sal15752Dec-2025,,,"-40,630.00", 07/01/2026, 601075554068," NETBANK, MUMBAI"
, Utkarsh Shukla-1100Sal15640Dec-2025,,,"-33,215.00", 07/01/2026, 601075554012," NETBANK, MUMBAI"
, Deepak Tiwari-1100Sal15701Dec-2025,,,"-31,375.00", 07/01/2026, 601075554039," NETBANK, MUMBAI"
, Raju Singh-1100Sal15710Dec-2025,,,"-36,744.00", 07/01/2026, 601075554041," NETBANK, MUMBAI"
, Muskan Garg-1100Sal15817Dec-2025,,,"-65,758.00", 07/01/2026, 601075554110," NETBANK, MUMBAI"
, Shreechandra R-1100Sal15651Dec-2025,,,"-706,244.00", 07/01/2026, 601075554020," NETBANK, MUMBAI"
, Ravi Singh-1100Sal15821Dec-2025,,,"-37,637.00", 07/01/2026, 601075554116," NETBANK, MUMBAI"
, Arti Bisht-1100Sal15714Dec-2025,,,"-50,210.00", 07/01/2026, 601075554047," NETBANK, MUMBAI"
, Umesh Kuntal-1100Sal15713Dec-2025,,,"-26,574.00", 07/01/2026, HDFCH00725655651," NETBANK, MUMBAI"
, Amit Kumar-1100Sal15790Dec-2025,,,"-112,793.00", 07/01/2026, HDFCH00725652329," NETBANK, MUMBAI"
, Rahul Kumar-1100Sal15679Dec-2025,,,"-48,928.00", 07/01/2026, HDFCH00725657074," NETBANK, MUMBAI"
, Rohit Rohilla-1100Sal15711Dec-2025,,,"-45,773.00", 07/01/2026, HDFCH00725652394," NETBANK, MUMBAI"
, Abhimanyu Sing-1100Sal15690Dec-2025,,,"-23,371.00", 07/01/2026, HDFCH00725654047," NETBANK, MUMBAI"
, Hemant Singh-1100Sal15829Dec-2025,,,"-38,720.00", 07/01/2026, HDFCH00725653118," NETBANK, MUMBAI"
, Aditya Tiwari-1100Sal15746Dec-2025,,,"-15,417.00", 07/01/2026, HDFCH00725655802," NETBANK, MUMBAI"
, Vikas Mishra-1100Sal15806Dec-2025,,,"-149,538.00", 07/01/2026, HDFCH00725654992," NETBANK, MUMBAI"
, Ruchika Kandwa-1100Sal15735Dec-2025,,,"-16,883.00", 07/01/2026, HDFCH00725652437," NETBANK, MUMBAI"
, Nitin Verma-1100Sal15658Dec-2025,,,"-129,392.00", 07/01/2026, HDFCH00725655094," NETBANK, MUMBAI"
, Dolly Kathuria-1100Sal15802Dec-2025,,,"-40,698.00", 07/01/2026, HDFCH00725655098," NETBANK, MUMBAI"
, Maga Ram-1100Sal15788Dec-2025,,,"-26,866.00", 07/01/2026, HDFCH00725654098," NETBANK, MUMBAI"
, Anup Singh-1100Sal15655Dec-2025,,,"-252,363.00", 07/01/2026, HDFCH00725654112," NETBANK, MUMBAI"
, Dharamveer Man-1100Sal15800Dec-2025,,,"-40,362.00", 07/01/2026, HDFCH00725653286," NETBANK, MUMBAI"
, Rahul Kumar Dh-1100Sal15699Dec-2025,,,"-25,192.00", 07/01/2026, HDFCH00725653289," NETBANK, MUMBAI"
, Manish Choudha-1100Sal15815Dec-2025,,,"-60,360.00", 07/01/2026, HDFCH00725657707," NETBANK, MUMBAI"
, Prayag Raut-1100Sal15812Dec-2025,,,"-19,853.00", 07/01/2026, HDFCH00725654273," NETBANK, MUMBAI"
, Tubhyam Sharma-1100Sal15729Dec-2025,,,"-20,391.00", 07/01/2026, HDFCH00725657728," NETBANK, MUMBAI"
, Shivam Rauthan-1100Sal15830Dec-2025,,,"-45,958.00", 07/01/2026, HDFCH00725657729," NETBANK, MUMBAI"
, Adesh Sharma-1100Sal15716Dec-2025,,,"-49,078.00", 07/01/2026, HDFCH00725653341," NETBANK, MUMBAI"
, Vanshika Verma-1100Sal15820Dec-2025,,,"-39,508.00", 07/01/2026, HDFCH00725653357," NETBANK, MUMBAI"
, Shivam Sethi-1100Sal15741Dec-2025,,,"-19,487.00", 07/01/2026, HDFCH00725655926," NETBANK, MUMBAI"
, Anuparna Das-1100Sal15780Dec-2025,,,"-9,053.00", 07/01/2026, HDFCH00725655444," NETBANK, MUMBAI"
, Rathva Mohanbh-1100Sal15783Dec-2025,,,"-16,686.00", 07/01/2026, HDFCH00725658817," NETBANK, MUMBAI"
, Satyam Katiyar-1100Sal15819Dec-2025,,,"-43,711.00", 07/01/2026, HDFCH00725655453," NETBANK, MUMBAI"
, Vicky Kumar-1100Sal15749Dec-2025,,,"-33,208.00", 07/01/2026, HDFCH00725655944," NETBANK, MUMBAI"
, Rakesh Kumar-1100Sal15826Dec-2025,,,"-29,146.00", 07/01/2026, HDFCH00725659564," NETBANK, MUMBAI"
, Shrestha Ranja-1100Sal15789Dec-2025,,,"-64,813.00", 07/01/2026, HDFCH00725659565," NETBANK, MUMBAI"
, Lokesh-1100Sal15734Dec-2025,,,"-16,899.00", 07/01/2026, HDFCH00725653449," NETBANK, MUMBAI"
, Bale Singh-1100Sal15653Dec-2025,,,"-28,634.00", 07/01/2026, HDFCH00725653456," NETBANK, MUMBAI"
, Prince -1100Sal15733Dec-2025,,,"-16,067.00", 07/01/2026, HDFCH00725658353," NETBANK, MUMBAI"
, LIQUIDATION OF IMP COLL BILL,,,"-22,170,618.13", 07/01/2026, 612BC05253190003," KUNDLI, SONEPAT"
, Rahul Malake-1100Sal15955Dec-2025,,,"-45,410.00", 07/01/2026, 601075554204," NETBANK, MUMBAI"
, Vijay Kumar-1100Sal15983Dec-2025,,,"-141,212.00", 07/01/2026, 601075554229," NETBANK, MUMBAI"
, Beant Singh-1100Sal15858Dec-2025,,,"-46,644.00", 07/01/2026, 601075554138," NETBANK, MUMBAI"
, Rupam Kumari-1100Sal15844Dec-2025,,,"-52,752.00", 07/01/2026, 601075554134," NETBANK, MUMBAI"
, Mohit .-1100Sal15846Dec-2025,,,"-41,169.00", 07/01/2026, 601075554136," NETBANK, MUMBAI"
, Sanjeev Kumar-1100Sal15959Dec-2025,,,"-194,855.00", 07/01/2026, 601075554208," NETBANK, MUMBAI"
, Yugal Garg-1100Sal15923Dec-2025,,,"-453,649.00", 07/01/2026, 601075554179," NETBANK, MUMBAI"
, Vivek Giri-1100Sal15973Dec-2025,,,"-40,776.00", 07/01/2026, 601075554218," NETBANK, MUMBAI"
, Rajnish Kumar-1100Sal15958Dec-2025,,,"-34,469.00", 07/01/2026, 601075554206," NETBANK, MUMBAI"
, Ashwani Chaudh-1100Sal15993Dec-2025,,,"-24,449.00", 07/01/2026, HDFCH00725670615," NETBANK, MUMBAI"
, Kapil Kumar-1100Sal15930Dec-2025,,,"-24,737.00", 07/01/2026, HDFCH00725669612," NETBANK, MUMBAI"
, Vinay Mishra-1100Sal15878Dec-2025,,,"-45,205.00", 07/01/2026, HDFCH00725669789," NETBANK, MUMBAI"
, Abhay Singh-1100Sal15971Dec-2025,,,"-41,306.00", 07/01/2026, HDFCH00725669967," NETBANK, MUMBAI"
, Satyaveer Kara-1100Sal15931Dec-2025,,,"-38,987.00", 07/01/2026, HDFCH00725669972," NETBANK, MUMBAI"
, Soni-1100Sal15927Dec-2025,,,"-26,557.00", 07/01/2026, HDFCH00725668734," NETBANK, MUMBAI"
, Somya Singh-1100Sal15921Dec-2025,,,"-99,944.00", 07/01/2026, HDFCH00725671033," NETBANK, MUMBAI"
, Kapil Rana-1100Sal15976Dec-2025,,,"-75,606.00", 07/01/2026, HDFCH00725668800," NETBANK, MUMBAI"
, Ritikesh Devar-1100Sal15988Dec-2025,,,"-37,158.00", 07/01/2026, HDFCH00725670337," NETBANK, MUMBAI"
, Harsh Kumar-1100Sal15896Dec-2025,,,"-48,875.00", 07/01/2026, HDFCH00725671230," NETBANK, MUMBAI"
, Vishal Yadav-1100Sal15905Dec-2025,,,"-12,730.00", 07/01/2026, HDFCH00725672758," NETBANK, MUMBAI"
, Raj Verma-1100Sal15903Dec-2025,,,"-12,440.00", 07/01/2026, HDFCH00725667252," NETBANK, MUMBAI"
, Dharmendra Sin-1100Sal15978Dec-2025,,,"-30,482.00", 07/01/2026, HDFCH00725673126," NETBANK, MUMBAI"
, Manish Pandey-1100Sal15985Dec-2025,,,"-40,903.00", 07/01/2026, HDFCH00725669104," NETBANK, MUMBAI"
, Bhawna-1100Sal15898Dec-2025,,,"-43,156.00", 07/01/2026, HDFCH00725673263," NETBANK, MUMBAI"
, Anuj Mathur-1100Sal15982Dec-2025,,,"-166,068.00", 07/01/2026, HDFCH00725667494," NETBANK, MUMBAI"
, Shipra Aneja-1100Sal15950Dec-2025,,,"-103,444.00", 07/01/2026, HDFCH00725673894," NETBANK, MUMBAI"
, Lovekesh Soni-1100Sal15920Dec-2025,,,"-34,601.00", 07/01/2026, HDFCH00725674771," NETBANK, MUMBAI"
, Kishan Singh-1100Sal15885Dec-2025,,,"-45,390.00", 07/01/2026, HDFCH00725669290," NETBANK, MUMBAI"
, Shivam Gupta-1100Sal15897Dec-2025,,,"-54,026.00", 07/01/2026, HDFCH00725671877," NETBANK, MUMBAI"
, Utkarsh Nigam-1100Sal15840Dec-2025,,,"-67,339.00", 07/01/2026, HDFCH00725674868," NETBANK, MUMBAI"
, Pinaki Dhar-1100Sal15909Dec-2025,,,"-181,443.00", 07/01/2026, HDFCH00725674918," NETBANK, MUMBAI"
, Amit Dixit-1100Sal15951Dec-2025,,,"-45,777.00", 07/01/2026, HDFCH00725674920," NETBANK, MUMBAI"
, Bhanu Bhardwaj-1100Sal15953Dec-2025,,,"-152,234.00", 07/01/2026, HDFCH00725677066," NETBANK, MUMBAI"
, Rahul Verma-1100Sal15960Dec-2025,,,"-60,627.00", 07/01/2026, HDFCH00725674925," NETBANK, MUMBAI"
, Rudra Mishra-1100Sal15907Dec-2025,,,"-151,710.00", 07/01/2026, HDFCH00725674032," NETBANK, MUMBAI"
, Atul Singh-1100Sal15929Dec-2025,,,"-182,679.00", 07/01/2026, HDFCH00725678115," NETBANK, MUMBAI"
, Vikas Mishra-1100Sal15992Dec-2025,,,"-18,025.00", 07/01/2026, HDFCH00725678119," NETBANK, MUMBAI"
, Naresh Kumar-1100Sal15934Dec-2025,,,"-42,636.00", 07/01/2026, HDFCH00725677131," NETBANK, MUMBAI"
, Atish Kumar-1100Sal15866Dec-2025,,,"-39,581.00", 07/01/2026, HDFCH00725672047," NETBANK, MUMBAI"
, Avarnika Shree-1100Sal15948Dec-2025,,,"-56,146.00", 07/01/2026, HDFCH00725677217," NETBANK, MUMBAI"
, Durgesh Singh-1100Sal15862Dec-2025,,,"-104,720.00", 07/01/2026, HDFCH00725672053," NETBANK, MUMBAI"
, Amogh Anand-1100Sal15966Dec-2025,,,"-54,592.00", 07/01/2026, HDFCH00725678240," NETBANK, MUMBAI"
, Abhishek Yadav-1100Sal15865Dec-2025,,,"-40,224.00", 07/01/2026, HDFCH00725672125," NETBANK, MUMBAI"
, Anil Tiwari-1100Sal15979Dec-2025,,,"-32,060.00", 07/01/2026, HDFCH00725675102," NETBANK, MUMBAI"
, Jatin Chopra-1100Sal15984Dec-2025,,,"-45,020.00", 07/01/2026, HDFCH00725675121," NETBANK, MUMBAI"
, Rishikesh Yada-1100Sal15901Dec-2025,,,"-26,318.00", 07/01/2026, HDFCH00725672136," NETBANK, MUMBAI"
, Deepak Chauhan-1100Sal15860Dec-2025,,,"-79,103.00", 07/01/2026, HDFCH00725672137," NETBANK, MUMBAI"
, Prateek Rai-1100Sal15886Dec-2025,,,"-54,984.00", 07/01/2026, HDFCH00725676170," NETBANK, MUMBAI"
, Anil Kumar Gir-1100Sal15832Dec-2025,,,"-35,962.00", 07/01/2026, HDFCH00725675232," NETBANK, MUMBAI"
, Prabhakar Dube-1100Sal15949Dec-2025,,,"-52,757.00", 07/01/2026, HDFCH00725678564," NETBANK, MUMBAI"
, Bhiwa Ram-1100Sal16003Dec-2025,,,"-23,555.00", 07/01/2026, HDFCH00725683929," NETBANK, MUMBAI"
, Wrusham Ambada-1100Sal16004Dec-2025,,,"-23,114.00", 07/01/2026, HDFCH00725686148," NETBANK, MUMBAI"
, Suraj Pathak-1100Sal16001Dec-2025,,,"-19,461.00", 07/01/2026, HDFCH00725684929," NETBANK, MUMBAI"
, Jatin Sharma-1100Sal16005Dec-2025,,,"-15,031.00", 07/01/2026, HDFCH00725685546," NETBANK, MUMBAI"
, Pankaj Kaushik-1100Sal15994Dec-2025,,,"-39,040.00", 07/01/2026, HDFCH00725679803," NETBANK, MUMBAI"
, LIQUIDATION OF IMP COLL BILL,,,"-3,789,648.12", 07/01/2026, 612BC05253490002," KUNDLI, SONEPAT"
, 12806PIDEC25,,,"-1,201.00", 07/01/2026, HDFCH00725717983," NETBANK, MUMBAI"
, 14932PIDEC25,,,-544, 07/01/2026, HDFCH00725722737," NETBANK, MUMBAI"
, 10233PIDEC25,,,"-6,920.00", 07/01/2026, HDFCH00725724122," NETBANK, MUMBAI"
, 15832PIDEC25,,,"-4,000.00", 07/01/2026, HDFCH00725718049," NETBANK, MUMBAI"
, 15404PIDEC25,,,"-9,412.00", 07/01/2026, HDFCH00725724139," NETBANK, MUMBAI"
, 15748PIDEC25,,,"-9,290.00", 07/01/2026, HDFCH00725722873," NETBANK, MUMBAI"
, 15812PIDEC25,,,"-6,460.00", 07/01/2026, HDFCH00725725346," NETBANK, MUMBAI"
, 15611PIDEC25,,,"-2,012.00", 07/01/2026, 601077021139," NETBANK, MUMBAI"
, 14884PIDEC25,,,"-1,977.00", 07/01/2026, 601077021251," NETBANK, MUMBAI"
, 10238PIDEC25,,,"-9,083.00", 07/01/2026, 601077021164," NETBANK, MUMBAI"
, 14569PIDEC25,,,"-5,770.00", 07/01/2026, 601077021205," NETBANK, MUMBAI"
, 10134PIDEC25,,,"-6,963.00", 07/01/2026, 601077021160," NETBANK, MUMBAI"
, 10237PIDEC25,,,"-8,515.00", 07/01/2026, 601077021162," NETBANK, MUMBAI"
, 10222PIDEC25,,,"-8,363.00", 07/01/2026, HDFCH00725738346," NETBANK, MUMBAI"
, 14813PIDEC25,,,-455, 07/01/2026, HDFCH00725735497," NETBANK, MUMBAI"
, 15841PIDEC25,,,"-6,754.00", 07/01/2026, HDFCH00725737393," NETBANK, MUMBAI"
, 10223PIDEC25,,,"-9,773.00", 07/01/2026, HDFCH00725738360," NETBANK, MUMBAI"
, 14832PIDEC25,,,"-6,344.00", 07/01/2026, HDFCH00725738363," NETBANK, MUMBAI"
, 15535PIDEC25,,,"-4,852.00", 07/01/2026, HDFCH00725738397," NETBANK, MUMBAI"
, 14814PIDEC25,,,"-5,046.00", 07/01/2026, HDFCH00725738459," NETBANK, MUMBAI"
, 10048PIDEC25,,,"-8,836.00", 07/01/2026, HDFCH00725735590," NETBANK, MUMBAI"
, 14476PIDEC25,,,"-3,343.00", 07/01/2026, HDFCH00725740145," NETBANK, MUMBAI"
, 14705PIDEC25,,,"-9,957.00", 07/01/2026, HDFCH00725738532," NETBANK, MUMBAI"
, 15586PIDEC25,,,"-4,951.00", 07/01/2026, HDFCH00725736575," NETBANK, MUMBAI"
, 13783PIDEC25,,,"-5,724.00", 07/01/2026, HDFCH00725738541," NETBANK, MUMBAI"
, 15696PIDEC25,,,"-4,301.00", 07/01/2026, HDFCH00725739165," NETBANK, MUMBAI"
, 13396PIDEC25,,,"-4,401.00", 07/01/2026, HDFCH00725739166," NETBANK, MUMBAI"
, 15275PIDEC25,,,"-1,828.00", 07/01/2026, HDFCH00725739168," NETBANK, MUMBAI"
, 10104PIDEC25,,,"-2,498.00", 07/01/2026, HDFCH00725735746," NETBANK, MUMBAI"
, 13822PIDEC25,,,"-5,893.00", 07/01/2026, HDFCH00725735747," NETBANK, MUMBAI"
, 80206PIDEC25,,,"-1,800.00", 07/01/2026, HDFCH00725740337," NETBANK, MUMBAI"
, 10106PIDEC25,,,"-11,034.00", 07/01/2026, HDFCH00725740456," NETBANK, MUMBAI"
, 10225PIDEC25,,,"-9,285.00", 07/01/2026, HDFCH00725736681," NETBANK, MUMBAI"
, 10785PIDEC25,,,"-10,259.00", 07/01/2026, HDFCH00725735900," NETBANK, MUMBAI"
, 14740PIDEC25,,,"-2,187.00", 07/01/2026, HDFCH00725737816," NETBANK, MUMBAI"
, 12978PIDEC25,,,"-10,933.00", 07/01/2026, HDFCH00725737868," NETBANK, MUMBAI"
, 14524PIDEC25,,,"-5,619.00", 07/01/2026, HDFCH00725737937," NETBANK, MUMBAI"
, 14606PIDEC25,,,"-6,793.00", 07/01/2026, HDFCH00725736904," NETBANK, MUMBAI"
, 14789PIDEC25,,,"-4,339.00", 07/01/2026, HDFCH00725736977," NETBANK, MUMBAI"
, 10009PIDEC25,,,"-9,418.00", 07/01/2026, HDFCH00725740811," NETBANK, MUMBAI"
, 80201PIDEC25,,,"-2,327.00", 07/01/2026, HDFCH00725740813," NETBANK, MUMBAI"
, 13265PIDEC25,,,"-8,011.00", 07/01/2026, HDFCH00725738040," NETBANK, MUMBAI"
, 10230PIDEC25,,,"-10,821.00", 07/01/2026, HDFCH00725741227," NETBANK, MUMBAI"
, 10010PIDEC25,,,"-1,610.00", 07/01/2026, HDFCH00725740828," NETBANK, MUMBAI"
, 14736PIDEC25,,,"-5,574.00", 07/01/2026, HDFCH00725739345," NETBANK, MUMBAI"
, 10227PIDEC25,,,"-5,232.00", 07/01/2026, HDFCH00725740832," NETBANK, MUMBAI"
, 10105PIDEC25,,,"-4,390.00", 07/01/2026, HDFCH00725743235," NETBANK, MUMBAI"
, 10175PIDEC25,,,"-3,676.00", 07/01/2026, HDFCH00725742218," NETBANK, MUMBAI"
, 14821PIDEC25,,,"-3,210.00", 07/01/2026, HDFCH00725742219," NETBANK, MUMBAI"
, 10174PIDEC25,,,"-4,876.00", 07/01/2026, HDFCH00725743305," NETBANK, MUMBAI"
, 80025PIDEC25,,,"-3,667.00", 07/01/2026, HDFCH00725740842," NETBANK, MUMBAI"
, 15584PIDEC25,,,"-5,702.00", 07/01/2026, HDFCH00725742232," NETBANK, MUMBAI"
, 14940PIDEC25,,,"-7,282.00", 07/01/2026, HDFCH00725742241," NETBANK, MUMBAI"
, 10006PIDEC25,,,"-1,335.00", 07/01/2026, HDFCH00725742245," NETBANK, MUMBAI"
, 14528PIDEC25,,,"-6,812.00", 07/01/2026, HDFCH00725743347," NETBANK, MUMBAI"
, 14553PIDEC25,,,"-4,353.00", 07/01/2026, HDFCH00725744103," NETBANK, MUMBAI"
, 10103PIDEC25,,,"-11,638.00", 07/01/2026, HDFCH00725740850," NETBANK, MUMBAI"
, 10226PIDEC25,,,"-1,227.00", 07/01/2026, HDFCH00725739503," NETBANK, MUMBAI"
, 14576PIDEC25,,,"-7,610.00", 07/01/2026, HDFCH00725741487," NETBANK, MUMBAI"
, 14750PIDEC25,,,"-7,142.00", 07/01/2026, HDFCH00725741493," NETBANK, MUMBAI"
, 14760PIDEC25,,,"-7,151.00", 07/01/2026, HDFCH00725741494," NETBANK, MUMBAI"
, 14808PIDEC25,,,"-5,376.00", 07/01/2026, HDFCH00725744138," NETBANK, MUMBAI"
, 12652PIDEC25,,,"-6,694.00", 07/01/2026, HDFCH00725744141," NETBANK, MUMBAI"
, 10137PIDEC25,,,"-13,325.00", 07/01/2026, HDFCH00725742310," NETBANK, MUMBAI"
, 10005PIDEC25,,,"-13,861.00", 07/01/2026, HDFCH00725742315," NETBANK, MUMBAI"
, 10151PIDEC25,,,"-10,091.00", 07/01/2026, HDFCH00725743436," NETBANK, MUMBAI"
, 10136PIDEC25,,,"-13,542.00", 07/01/2026, HDFCH00725739724," NETBANK, MUMBAI"
, 80012PIDEC25,,,"-6,148.00", 07/01/2026, HDFCH00725743464," NETBANK, MUMBAI"
, 14587PIDEC25,,,"-5,241.00", 07/01/2026, HDFCH00725741617," NETBANK, MUMBAI"
, 10275PIDEC25,,,"-9,370.00", 07/01/2026, HDFCH00725742503," NETBANK, MUMBAI"
, 10026PIDEC25,,,"-11,385.00", 07/01/2026, HDFCH00725739742," NETBANK, MUMBAI"
, 13876PIDEC25,,,"-5,887.00", 07/01/2026, HDFCH00725739746," NETBANK, MUMBAI"
, 14593PIDEC25,,,"-6,057.00", 07/01/2026, HDFCH00725740929," NETBANK, MUMBAI"
, 14743PIDEC25,,,"-6,151.00", 07/01/2026, HDFCH00725739752," NETBANK, MUMBAI"
, 10017PIDEC25,,,"-17,490.00", 07/01/2026, HDFCH00725740939," NETBANK, MUMBAI"
, LIQUIDATION OF IMP COLL BILL,,,"-3,625,754.58", 07/01/2026, 612BC05253140006," KUNDLI, SONEPAT"
, 10187PIDEC25,,,"-13,470.00", 07/01/2026, HDFCH00725744372," NETBANK, MUMBAI"
, 14861PIDEC25,,,"-7,768.00", 07/01/2026, HDFCH00725739829," NETBANK, MUMBAI"
, 601076129068NMC SAL DEC25 80025,,,"-8,880.53", 07/01/2026, HDFCH00725754364," NETBANK, MUMBAI"
, 60107702464015179PIDEC25,,,"-5,706.00", 07/01/2026, HDFCH00725753383," NETBANK, MUMBAI"
, LIQUIDATION OF IMP COLL BILL,,,"-22,920,695.36", 07/01/2026, 612BC05253190005," KUNDLI, SONEPAT"
, RTGS Cr ECMS-UTIB0002437-CMRGR1100LCU101541-MEHAK TRADING CASTING WORKS-922020029366131,," 1,766,250.00",, 07/01/2026, UTIBR72026010700579229, FORT
, FT Cr ECMS-CMRGR1100LCU100963-HEAVEN TRADING COMPANY-50200074139709,," 906,960.00",, 07/01/2026, HDFCAF02ECBEF545," NETBANK, MUMBAI"
, AUTO SWEEPOUT TO CMR GREEN TECHNOLOGI 57500000342857,," 53,120,183.13",, 07/01/2026,, FARIDABAD HARYANA
, AUTO SWEEPOUT TO CMR GREEN TECHNOLOGI 12540310000177,," 1,700,000.00",, 07/01/2026,, SRIPERAMBUDUR
1/8/2026,Opening balance,"-119,982,445.88",,,,,
, FT Cr ECMS-CMRGR1100LCU101884-VIPUL TRADERS-50200076602625,," 1,850,000.00",, 08/01/2026, NBZC5GCMXD6X4PIJ," NETBANK, MUMBAI"
, RTGS Cr ECMS-UTIB0003202-CMRGR1100LCU101763-MATHURIA TRADERS-924020041901864,," 905,768.00",, 08/01/2026, UTIBR72026010800570133, FORT
, FT Cr ECMS-CMRGR1100LCU100963-HEAVEN TRADING COMPANY-50200074139709,," 722,231.00",, 08/01/2026, HDFC925D0129D474," NETBANK, MUMBAI"
, IMPS CR ECMS-9234-CMRGR1100LCU101587-RITIKA TRADING COMPANY-259716215100,," 96,506.00",, 08/01/2026, 600808938908, FARIDABAD HARYANA
, FT Cr ECMS-CMRGR1100LCU100963-HEAVEN TRADING COMPANY-50200074139709,," 348,006.00",, 08/01/2026, NBA698ULVEKSVMD7," NETBANK, MUMBAI"
, RTGS Cr ECMS-KVBL0002101-CMRGR1100LCU100305-SARA METAL-4204280000000512,," 280,000.00",, 08/01/2026, KVBLR52026010863169329, FORT
, IMPS CR ECMS-9015-CMRGE1100LCU100174-AARTI ENTERPRISES-8430201000281,, 1.00,, 08/01/2026, 600809392073, FARIDABAD HARYANA
, FT Cr ECMS-CMRGR1100LCU101958-ALF METALS-50200069457979,," 883,100.00",, 08/01/2026, HDFCD744C913FF59," NETBANK, MUMBAI"
, FT Cr ECMS-CMRGR1100LCU101564-SUNLITE RECYCLING INDUSTRIES L-50200073104369,," 24,069,593.00",, 08/01/2026, 1410348147, CBX Internet System Mumbai
, IMPS CR ECMS-9015-CMRGE1100LCU100174-AARTI ENTERPRISES-8430201000281,," 100,000.00",, 08/01/2026, 600811415225, FARIDABAD HARYANA
, RTGS Cr ECMS-ICIC0003581-CMRGR1100LSU102994-U P GREEN RECYCLING CO-358105500284,," 2,500,000.00",, 08/01/2026, ICICR52026010800679749, FORT
, Hyundai Mercha-1100B0226012464,,,"-60,618.30", 08/01/2026, HDFCH00727279565," NETBANK, MUMBAI"
, FT Cr ECMS-CMRLTD201LCU100820-MOHINI INDUSTRIES-50200033588193,," 1,343,000.00",, 08/01/2026, NBTNOREEOHCN4GC6," NETBANK, MUMBAI"
, FT Cr ECMS-CMRGR1100LCU101935-TS ENTERPRISES-50200092311919,," 950,000.00",, 08/01/2026, HDFCE0A1E8BD364D," NETBANK, MUMBAI"
, COMM ON EXPORT COLL BILL,,,-177, 08/01/2026, 612BC73260080014," KUNDLI, SONEPAT"
, NEFT Cr ECMS-MAHB0000782-CMRGR1100LCU101872-SHRI KRISHNA METAL EXTRUDERS P-00000060403068056,," 10,000,000.00",, 08/01/2026, MAHBH00837378042, FORT
, 12540310000177-177,,,"-6,800,000.00", 08/01/2026, 601088520342," NETBANK, MUMBAI"
, 57500000863497-ECO,,,"-40,000,000.00", 08/01/2026, 601088519525," NETBANK, MUMBAI"
, RTGS Cr ECMS-ICIC0000011-CMRGR1100LCU101579-SHIVAANYA METAL ALLOYS-032705008599,," 2,678,000.00",, 08/01/2026, ICICR42026010800564464, FORT
, RTGS Cr ECMS-ICIC0000011-CMRLTD201LCU101100-NIDHI METAL CASTING-140105001959,," 865,000.00",, 08/01/2026, ICICR42026010800580649, FORT
, AUTO SWEEPOUT TO CMR GREEN TECHNOLOGI 12540310000177,," 1,786,708.10",, 08/01/2026,, SRIPERAMBUDUR
1/9/2026,Opening balance,"-117,465,328.08",,,,,
, FT Cr ECMS-CMRGR1100LCU100963-HEAVEN TRADING COMPANY-50200074139709,," 795,000.00",, 09/01/2026, HDFCF1406C381AA2," NETBANK, MUMBAI"
, RTGS Cr ECMS-UJVN0002204-CMRLTD201LCU100121-MORYA TRADERS-2204230040000019,," 906,000.00",, 09/01/2026, UJVNR92026010900376707, FORT
, RTGS Cr ECMS-KVBL0002101-CMRGR1100LCU100305-SARA METAL-4204280000000512,," 265,000.00",, 09/01/2026, KVBLR52026010963191074, FORT
, FT Cr ECMS-CMRGR1100LCU101935-TS ENTERPRISES-50200092311919,," 79,000.00",, 09/01/2026, HDFC28D6FED38ADC," NETBANK, MUMBAI"
, IMPS CR ECMS-9751-cmrgr1100lcu101943-MR TRADING CO-89650005280,," 395,010.00",, 09/01/2026, 600910162547, FARIDABAD HARYANA
, RTGS Cr ECMS-UTIB0000672-CMRGR1100LCU101960-EDMANTIUM PRIVATE LIMITED-925020031773647,," 540,956.00",, 09/01/2026, UTIBR62026010948987223, FORT
, NEFT Cr ECMS-IDFB0021314-cmrgr1100lcu101943-M.R. TRADING CO.-89650005280,," 500,000.00",, 09/01/2026, IDFB600959389688, FORT
, IMPS CR ECMS-9015-CMRGR1100LCU100174-AARTI ENTERPRISES-8430201000281,, 1.00,, 09/01/2026, 600911686437, FARIDABAD HARYANA
, RTGS Cr ECMS-UTIB0001789-CMRLTD201LCU100948-SARASWATI METAL ALLOY-918020073990370,," 515,000.00",, 09/01/2026, UTIBR72026010900571985, FORT
," RTGS Dr-UTIB0000039-CENTURYMETALRECYCLINGPVTLTD-NETBANK, MUM-HDFCR52026010955089612",,,"-15,000,000.00", 09/01/2026, HDFCR52026010955089612," NETBANK, MUMBAI"
, GST/Bank Reference No: E2600969480620/CIN No: HDFC26010800028852,,,"-2,330,964.00", 09/01/2026,," NETBANK, MUMBAI"
, GST/Bank Reference No: E2600969480621/CIN No: HDFC26010500009830,,,"-182,153.00", 09/01/2026,," NETBANK, MUMBAI"
, IMPS CR ECMS-9052-CMRGR1100LCU101769-AMAN ENTERPRISES-0667202500004701,," 53,000.00",, 09/01/2026, 600932139881, FARIDABAD HARYANA
, ODEX INDIA SOL-1100B0226012518,,,"-1,086,775.28", 09/01/2026, HDFCH00730298707," NETBANK, MUMBAI"
, MAKE MY TRIP -1100B0226012500,,,"-118,703.02", 09/01/2026, HDFCH00730298329," NETBANK, MUMBAI"
, APR FOREX PRIV-1100B0226012507,,,"-90,758.07", 09/01/2026, HDFCH00730296250," NETBANK, MUMBAI"
, RTGS Cr ECMS-UTIB0000066-CMRLTD201LCU100869-K K STEELS-912020036209778,," 17,281,100.00",, 09/01/2026, UTIBR52026010900357871, FORT
, COMM ON EXPORT COLL BILL,,,-177, 09/01/2026, 612BC73260090014," KUNDLI, SONEPAT"
, COMM ON EXPORT COLL BILL,,,-177, 09/01/2026, 612BC73260090015," KUNDLI, SONEPAT"
, COMM ON EXPORT COLL BILL,,,-177, 09/01/2026, 612BC63260090006," KUNDLI, SONEPAT"
, COMM ON LIQD OF IMP COLL BILL,,,-177, 09/01/2026, 612BC05260090001," KUNDLI, SONEPAT"
, COMM ON LIQD OF IMP COLL BILL,,,-177, 09/01/2026, 612BC05260090002," KUNDLI, SONEPAT"
, 12540310000177-177,,,"-1,700,000.00", 09/01/2026, 601099897877," NETBANK, MUMBAI"
, 57500000863497-ECO,,,"-30,000,000.00", 09/01/2026, 601099906414," NETBANK, MUMBAI"
, 57500000342857-2857,,,"-7,300,000.00", 09/01/2026, 601099899693," NETBANK, MUMBAI"
," RTGS Dr-RATN0000990-CMRGreenTechnologiesLimited-NETBANK, MUM-HDFCR52026010955258455",,,"-341,260.00", 09/01/2026, HDFCR52026010955258455," NETBANK, MUMBAI"
, GST/Bank Reference No: E2600969483453/CIN No: HDFC26010600024166,,,"-3,676,383.00", 09/01/2026,," NETBANK, MUMBAI"
, GST/Bank Reference No: E2600969483454/CIN No: HDFC26012400055121,,,"-7,204,516.00", 09/01/2026,," NETBANK, MUMBAI"
, FT Cr ECMS-CMRGR1100LCU101314-HERO MOTOCORP LIMITED 315-00030110000315,," 246,044,575.60",, 09/01/2026, 601099644874," NETBANK, MUMBAI"
, FT Cr ECMS-CMRGR1100LCU101319-HERO MOTOCORP LIMITED 315-00030110000315,," 2,308,154.16",, 09/01/2026, 601099644876," NETBANK, MUMBAI"
, IMPS CR ECMS-9015-CMRGR1100LCU101497-Mithun-125008337385,," 450,000.00",, 09/01/2026, 600916790799, FARIDABAD HARYANA
, ODEX INDIA SOL-1100B0226012528,,,"-267,791.56", 09/01/2026, HDFCH00731058220," NETBANK, MUMBAI"
, COMM ON LIQD OF IMP COLL BILL,,,-177, 09/01/2026, 612BC05260090004," KUNDLI, SONEPAT"
, VANNUMBERCMRTT-1100B0226012519,,,"-148,968.00", 09/01/2026, HDFCH00731264097," NETBANK, MUMBAI"
, GABA PROJECTS -1100B0226012520,,,"-237,600.00", 09/01/2026, HDFCH00731259575," NETBANK, MUMBAI"
, FT- 1412842261 - 3600052480 - 00030120000170 - SHRIRAM PISTONS and RINGS LTD.,," 8,010,482.21",, 09/01/2026, 1412842261, CBX Internet System Mumbai
, FT601090591974-CMR GREEN TECHNOLOGIES L57FT-57500000342857,," 280,000,000.00",, 09/01/2026, 601090591974," NETBANK, MUMBAI"
," RTGS Dr-SBIN0004298-CENTURYMETALRECYCLINGPVTLTD-NETBANK, MUM-HDFCR52026010955477646",,,"-310,000,000.00", 09/01/2026, HDFCR52026010955477646," NETBANK, MUMBAI"
, 00930310001264-CMRT,,,"-50,000,000.00", 09/01/2026, 601090413381," NETBANK, MUMBAI"
, 57500000863497-eco,,,"-20,000,000.00", 09/01/2026, 601090424435," NETBANK, MUMBAI"
," RTGS Dr-ICIC0000083-CMRAluminiumPrivateLimited-NETBANK, MUM-HDFCR52026010955429342",,,"-170,000,000.00", 09/01/2026, HDFCR52026010955429342," NETBANK, MUMBAI"
, RTGS Cr ECMS-UTIB0002437-CMRLTD151LCU101262-MAHAKAL ENTERPRISES-921020020261421,," 500,000.00",, 09/01/2026, UTIBR72026010900578358, FORT
, RTGS Cr ECMS-UTIB0002437-CMRGR1100LCU101541-MEHAK TRADING CASTING WORKS-922020029366131,," 1,745,000.00",, 09/01/2026, UTIBR72026010900579052, FORT
, RTGS Cr ECMS-UTIB0001263-cmrltd201lcu100835-R S ENTERPRISES-918020096600427,," 2,000,000.00",, 09/01/2026, UTIBR72026010900579124, FORT
, FT Cr ECMS-CMRGR1100LCU101902-PRATEEK TRADERS-01532320000994,," 480,000.00",, 09/01/2026, NBIXFJXUFEZIY0IZ," NETBANK, MUMBAI"
, RTGS Cr ECMS-ICIC0000011-CMRLTD151LCU101618-MAHAKALESHWAR ENTERPRISES-779405000110,," 572,000.00",, 09/01/2026, ICICR42026010900583541, FORT
, AUTO SWEEPOUT TO CMR GREEN TECHNOLOGI 57500000342857,," 76,209,126.23",, 09/01/2026,, FARIDABAD HARYANA
, AUTO SWEEPOUT TO CMR GREEN TECHNOLOGI 12540310000177,," 80,438.66",, 09/01/2026,, SRIPERAMBUDUR
1/10/2026,Opening balance,"-97,422,418.15",,,,,
, RTGS Cr ECMS-KKBK0000958-CMRGR1100LCU101691-VEDANSH TRADING-3850190839,," 2,646,000.00",, 10/01/2026, KKBKR52026011000716982, FORT
, RTGS Cr ECMS-CNRB0008423-CMRGR1100LCU101497-M S MISHKA-125008337385,," 750,000.00",, 10/01/2026, CNRBR52026011074603687, FORT
, RTGS Cr ECMS-YESB0000001-CMRGR1100LCU101888-MOREY TRADERS-053161900012080,," 862,864.00",, 10/01/2026, YESBR12026011000006968, FORT
, RTGS Cr ECMS-MAHB0000782-CMRGR1100LCU101872-SHRI KRISHNA METAL EXTRUDERS P-00000060403068056,," 10,945,000.00",, 10/01/2026, MAHBR52026011022660165, FORT
, RTGS Cr ECMS-KKBK0000958-CMRGR1100LCU100496-GMC ENTERPRISES-0747497392,," 1,100,000.00",, 10/01/2026, KKBKR12026011000742681, FORT
, RTGS Cr ECMS-BARB0ALIGAR-CMRGR1100LCU100496-GMC ENTERPRISES-05830200000426,," 1,909,000.00",, 10/01/2026, BARBR52026011000785114, FORT
, RTGS Cr ECMS-UTIB0001263-cmrltd201lcu100835-R S ENTERPRISES-918020096600427,," 2,000,000.00",, 10/01/2026, UTIBR72026011000571072, FORT
, IMPS CR ECMS-9052-CMRGR1100LCU101769-AMAN ENTERPRISES-0667202500004701,," 43,000.00",, 10/01/2026, 601032362089, FARIDABAD HARYANA
, IMPS CR ECMS-9211-CMRLTD151LCU101262-MAHAKALENTERPRISES-921020020261421,," 10,000.00",, 10/01/2026, 601060895327, FARIDABAD HARYANA
, FT Cr ECMS-CMRLTD201LCU100820-MOHINI INDUSTRIES-50200033588193,," 1,343,000.00",, 10/01/2026, NBUBGPCYEOIODIUS," NETBANK, MUMBAI"
, FT Cr ECMS-CMRGR1100LSU101873 -SHRI BALAJI METAL-50200081806063,," 1,002,000.00",, 10/01/2026, 1414859600, CBX Internet System Mumbai
1/11/2026,Opening balance,"-74,811,554.15",,,,,
, RTGS Cr ECMS-UTIB0001263-cmrltd201lcu100835-R S ENTERPRISES-918020096600427,," 2,000,000.00",, 11/01/2026, UTIBR72026011100570608, FORT
, IMPS CR ECMS-9015-CMRGR1100LCU101497-Mithun-125008337385,," 400,000.00",, 11/01/2026, 601111229619, FARIDABAD HARYANA
, FT Cr ECMS-CMRGR1100LSU101802-SAI TRADING CO-50200094276693,," 1,000,000.00",, 11/01/2026, NBCUU7ULGCTVRQGU," NETBANK, MUMBAI"
, IMPS CR ECMS-9757-CMRGR1100LCU101951-ZOYA METALS-4467120020000154,," 2,606.00",, 11/01/2026, 601114173488, FARIDABAD HARYANA
, RTGS Cr ECMS-ICIC0000011-CMRLTD201LCU100931-SAVITA INDUSTRIES-140105001924,," 668,000.00",, 11/01/2026, ICICR42026011100507160, FORT
, FT Cr ECMS-CMRGR1100LCU101902-PRATEEK TRADERS-01532320000994,," 482,000.00",, 11/01/2026, NBFIJSIPQ3ZOORUM," NETBANK, MUMBAI"
1/12/2026,Opening balance,"-70,258,948.15",,,,,
, RTGS Cr-SCBL0036001-SUNBEAM LIGHTWEIGHTING SOLUTIONS PR-CMR GREEN TECHNOLOGIES LIMITED-SCBLR12026011200800827,," 49,997,592.57",, 12/01/2026, SCBLR12026011200800827, FORT
, RTGS Cr ECMS-UTIB0001789-CMRLTD201LCU100948-SARASWATI METAL ALLOY-918020073990370,," 605,000.00",, 12/01/2026, UTIBR72026011200570199, FORT
, RTGS Cr ECMS-ICIC0000011-CMRGR1100LCU101807-BANSAL TRADERS-235451000005,," 7,165,102.00",, 12/01/2026, ICICR42026011200504177, FORT
, RTGS Cr ECMS-KVBL0002101-CMRGR1100LCU100305-SARA METAL-4204280000000512,," 286,000.00",, 12/01/2026, KVBLR52026011263247961, FORT
, IMPS CR ECMS-9211-CMRLTD151LCU101497-MSMISHKAENTERPRISES-922020029366005,," 252,000.00",, 12/01/2026, 601268091267, FARIDABAD HARYANA
, NEFT Cr ECMS-CNRB0000378-CMRGR1100LCU101132-JAIN AND BROTHERS-0378261050540,," 4,800,000.00",, 12/01/2026, CNRBH00102875019, FORT
, NEFT Cr ECMS-UTIB0001263-cmrltd201lcu100835-R S ENTERPRISES-918020096600427,," 200,000.00",, 12/01/2026, AXOMB01202022227, FORT
, FT Cr ECMS-CMRLTD151LCU101352-J H MANUFACTURING CO-50200031159428,," 8,300,000.00",, 12/01/2026, 601121889109," NETBANK, MUMBAI"
, RTGS Cr ECMS-UTIB0001530-CMRLTD151LSU104497-MARUTI RECYCLING-919030050040168,," 16,608,500.00",, 12/01/2026, UTIBR62026011249401208, FORT
, NEFT Cr-ICIC0SF0002-APR FOREX PRIVATE LIMITED-CMR GREEN TECHNOLOGIES LTD-IN42601251948667,," 121,259.00",, 12/01/2026, IN42601251948667, FORT
, NEFT Cr-ICIC0SF0002-APR FOREX PRIVATE LIMITED-CMR GREEN TECHNOLOGIES LTD-IN42601251947642,," 153,284.00",, 12/01/2026, IN42601251947642, FORT
, IMPS CR ECMS-9757-CMRGR1100LCU101951-ZOYA METALS-4467120020000154,," 200,000.00",, 12/01/2026, 601211182964, FARIDABAD HARYANA
, IMPS CR ECMS-9015-CMRGR1100LCU101132-JAINANDBROTHERS-0378261050540,," 20,000.00",, 12/01/2026, 601211436960, FARIDABAD HARYANA
, IMPS CR ECMS-9015-CMRGR1100LCU100174-AARTI ENTERPRISES-8430201000281,, 10.00,, 12/01/2026, 601211440776, FARIDABAD HARYANA
, ODEX INDIA SOL-1100B0226012579,,,"-2,204,123.18", 12/01/2026, HDFCH00734788152," NETBANK, MUMBAI"
, ODEX INDIA SOL-1100B0226012580,,,"-1,092,307.12", 12/01/2026, HDFCH00734783938," NETBANK, MUMBAI"
, MARUTI SUZUKI -1100B0226012573,,,"-1,031,000.00", 12/01/2026, HDFCH00734794978," NETBANK, MUMBAI"
, MARUTI SUZUKI -1100B0226012572,,,"-25,000.00", 12/01/2026, HDFCH00734794979," NETBANK, MUMBAI"
, APR FOREX PRIV-1100B0226012557,,,"-116,540.00", 12/01/2026, HDFCH00734791867," NETBANK, MUMBAI"
, FT Cr ECMS-CMRGR1100LCU101564-SUNLITE RECYCLING INDUSTRIES L-50200073104369,," 24,069,593.00",, 12/01/2026, 1415893615, CBX Internet System Mumbai
, IMPS CR ECMS-9229-CMRGR1100LCU101916-LUCKY METAL MFG & TR-624405502599,," 300,000.00",, 12/01/2026, 601212440325, FARIDABAD HARYANA
, IMPS CR ECMS-9229-CMRGR1100LCU101916-LUCKY METAL MFG & TR-624405502599,," 200,000.00",, 12/01/2026, 601212455965, FARIDABAD HARYANA
, RTGS Cr ECMS-UTIB0000510-CMRGR1100LCU101452-BMZ METAL LLP-922020007969730,," 1,465,000.00",, 12/01/2026, UTIBR62026011249432707, FORT
, RTGS Cr-UTIB0000039-CMR GREEN TECHNOLOGIES LIMITED FORMERLY-CENTURY METAL RECYCLING LIMITE-UTIBR62026011249449250,," 70,000,000.00",, 12/01/2026, UTIBR62026011249449250, CMS TF WBO MUMBAI
, RTGS Cr-SBIN0004298-CMR TOYOTSU ALUMINIUM INDIA PVT LT-Century Metal Recycling Limited-SBINR12026011212574620,," 10,000,000.00",, 12/01/2026, SBINR12026011212574620, CMS TF WBO MUMBAI
, RTGS Cr-SBIN0004298-CMR TOYOTSU ALUMINIUM INDIA PVT LT-Century Metal Recycling Limited-SBINR12026011212574656,," 10,000,000.00",, 12/01/2026, SBINR12026011212574656, CMS TF WBO MUMBAI
, RTGS Cr-SBIN0004298-CMR TOYOTSU ALUMINIUM INDIA PVT LT-Century Metal Recycling Limited-SBINR12026011212574525,," 10,000,000.00",, 12/01/2026, SBINR12026011212574525, CMS TF WBO MUMBAI
, RTGS Cr-SBIN0004298-CMR TOYOTSU ALUMINIUM INDIA PVT LT-Century Metal Recycling Limited-SBINR12026011212574640,," 10,000,000.00",, 12/01/2026, SBINR12026011212574640, CMS TF WBO MUMBAI
, RTGS Cr-SBIN0004298-CMR TOYOTSU ALUMINIUM INDIA PVT LT-Century Metal Recycling Limited-SBINR12026011212574601,," 10,000,000.00",, 12/01/2026, SBINR12026011212574601, CMS TF WBO MUMBAI
, RTGS Cr-SBIN0004298-M s Century Metal Recycling Private-Century Metal Rceycling Pvt Ltd-SBINR12026011212576593,," 10,000,000.00",, 12/01/2026, SBINR12026011212576593, CMS TF WBO MUMBAI
, RTGS Cr-SBIN0004298-M s Century Metal Recycling Private-Century Metal Rceycling Pvt Ltd-SBINR12026011212576718,," 10,000,000.00",, 12/01/2026, SBINR12026011212576718, CMS TF WBO MUMBAI
, RTGS Cr-SBIN0004298-M s Century Metal Recycling Private-Century Metal Rceycling Pvt Ltd-SBINR12026011212576715,," 10,000,000.00",, 12/01/2026, SBINR12026011212576715, CMS TF WBO MUMBAI
, RTGS Cr-SBIN0004298-M s Century Metal Recycling Private-Century Metal Rceycling Pvt Ltd-SBINR12026011212576592,," 10,000,000.00",, 12/01/2026, SBINR12026011212576592, CMS TF WBO MUMBAI
, RTGS Cr-SBIN0004298-M s Century Metal Recycling Private-Century Metal Rceycling Pvt Ltd-SBINR12026011212576716,," 10,000,000.00",, 12/01/2026, SBINR12026011212576716, CMS TF WBO MUMBAI
, RTGS Cr-SBIN0004298-M s Century Metal Recycling Private-Century Metal Rceycling Pvt Ltd-SBINR12026011212576666,," 10,000,000.00",, 12/01/2026, SBINR12026011212576666, CMS TF WBO MUMBAI
, RTGS Cr-SBIN0004298-M s Century Metal Recycling Private-Century Metal Rceycling Pvt Ltd-SBINR12026011212576720,," 10,000,000.00",, 12/01/2026, SBINR12026011212576720, CMS TF WBO MUMBAI
, RTGS Cr-SBIN0004298-M s Century Metal Recycling Private-Century Metal Rceycling Pvt Ltd-SBINR12026011212576643,," 10,000,000.00",, 12/01/2026, SBINR12026011212576643, CMS TF WBO MUMBAI
, RTGS Cr-SBIN0004298-M s Century Metal Recycling Private-Century Metal Rceycling Pvt Ltd-SBINR12026011212576717,," 10,000,000.00",, 12/01/2026, SBINR12026011212576717, CMS TF WBO MUMBAI
, RTGS Cr-SBIN0004298-M s Century Metal Recycling Private-Century Metal Rceycling Pvt Ltd-SBINR12026011212576668,," 10,000,000.00",, 12/01/2026, SBINR12026011212576668, CMS TF WBO MUMBAI
, 57500000342857-2857,,,"-360,000,000.00", 12/01/2026, 601122137738," NETBANK, MUMBAI"
, 57500000863497-1240 to 3497,,,"-50,000,000.00", 12/01/2026, 601121897686," NETBANK, MUMBAI"
, NEFT Cr ECMS-KVBL0002101-CMRGR1100LCU100777-S.K.J.METALSCO-3101280000000322,," 3,040,000.00",, 12/01/2026, KVBLH00252691989, FORT
, FT- CFPT/277799-00030310016166 - HERO FINCORP LIMITED- CORPORATE DISBURSA -,," 3,088,259.75",, 12/01/2026, 1416138389, CBX Internet System Mumbai
, 57500000478667-1240 TO 8667,,,"-370,000.00", 12/01/2026, 601122366968," NETBANK, MUMBAI"
, CHCER7W1894BVD-CBICICEGATE,,,"-2,727,968.00", 12/01/2026, 601122420378," NETBANK, MUMBAI"
, ODEX INDIA SOL-1100B0226012589,,,"-1,354,197.50", 12/01/2026, HDFCH00735755622," NETBANK, MUMBAI"
, RTGS Cr ECMS-ICIC0000011-CMRGR1100LCU101901-SHREE KRISHANA RECYCLING INDIA-125705001461,," 1,500,000.00",, 12/01/2026, ICICR42026011200566493, FORT
, RTGS Cr ECMS-ICIC0000011-CMRGR1100LCU101901-SHREE KRISHANA RECYCLING INDIA-125705001461,," 1,485,400.00",, 12/01/2026, ICICR42026011200567451, FORT
, 601122341495Vikram Bhudria 12254,,,"-200,000.00", 12/01/2026, HDFCH00735833074," NETBANK, MUMBAI"
, COMM ON LIQD OF IMP COLL BILL,,,-177, 12/01/2026, 612BC05260120010," KUNDLI, SONEPAT"
, IMPS CR ECMS-9015-CMRGR1100LCU100174-AARTI ENTERPRISES-8430201000281,," 400,000.00",, 12/01/2026, 601218580669, FARIDABAD HARYANA
, IMPS CR ECMS-9229-CMRGR1100LCU101916-LUCKY METAL MFG & TR-624405502599,," 125,000.00",, 12/01/2026, 601218450653, FARIDABAD HARYANA
, RTGS Cr-ICIC0099999-RICO AUTO INDUSTRIES LIMITED-CMR GREEN TECHNOLOGIES LIMITED-ICICR22026011213817369,," 10,117,358.76",, 12/01/2026, ICICR22026011213817369, FORT
, RTGS Cr-ICIC0099999-RICO AUTO INDUSTRIES LIMITED-CMR GREEN TECHNOLOGIES LIMITED-ICICR22026011213817468,," 8,396,422.36",, 12/01/2026, ICICR22026011213817468, FORT
, RTGS Cr ECMS-UTIB0001789-CMRLTD201LCU100948-SARASWATI METAL ALLOY-918020073990370,," 455,000.00",, 12/01/2026, UTIBR72026011200578822, FORT
, LIQUIDATION OF IMP COLL BILL,,,"-21,598,986.00", 12/01/2026, 612BC05253380002," KUNDLI, SONEPAT"
, LIQUIDATION OF IMP COLL BILL,,,"-21,051,404.56", 12/01/2026, 612BC05253380001," KUNDLI, SONEPAT"
, LIQUIDATION OF IMP COLL BILL,,,"-24,503,704.84", 12/01/2026, 612BC05253310002," KUNDLI, SONEPAT"
, RTGS Cr-UTIB0000039-CMR GREEN TECHNOLOGIES LIMITED FORMERLY-CENTURY METAL RECYCLING LIMITE-UTIBR62026011249634512,," 9,900,000.00",, 12/01/2026, UTIBR62026011249634512, CMS TF WBO MUMBAI
, RTGS Cr-UTIB0000039-CMR GREEN TECHNOLOGIES LIMITED FORMERLY-CENTURY METAL RECYCLING LIMITE-UTIBR62026011249634508,," 9,900,000.00",, 12/01/2026, UTIBR62026011249634508, CMS TF WBO MUMBAI
, RTGS Cr-UTIB0000039-CMR GREEN TECHNOLOGIES LIMITED FORMERLY-CENTURY METAL RECYCLING LIMITE-UTIBR62026011249634532,," 9,900,000.00",, 12/01/2026, UTIBR62026011249634532, CMS TF WBO MUMBAI
, RTGS Cr-UTIB0000039-CMR GREEN TECHNOLOGIES LIMITED FORMERLY-CENTURY METAL RECYCLING LIMITE-UTIBR62026011249634543,," 5,000,000.00",, 12/01/2026, UTIBR62026011249634543, CMS TF WBO MUMBAI
, RTGS Cr-UTIB0000039-CMR GREEN TECHNOLOGIES LIMITED FORMERLY-CENTURY METAL RECYCLING LIMITE-UTIBR62026011249634534,," 9,900,000.00",, 12/01/2026, UTIBR62026011249634534, CMS TF WBO MUMBAI
, RTGS Cr-UTIB0000039-CMR GREEN TECHNOLOGIES LIMITED FORMERLY-CENTURY METAL RECYCLING LIMITE-UTIBR62026011249634839,," 9,900,000.00",, 12/01/2026, UTIBR62026011249634839, CMS TF WBO MUMBAI
, NEFT Cr ECMS-INDB0000006-CMRGR1100LCU101587-RITIKA TRADING COMPANY-259716215100,," 48,253.00",, 12/01/2026, INDBH12017760027, FORT
, ADVANCE PAYMENT OF IMPORT BILL,,,"-63,602.96", 12/01/2026, 612BC09260120105," KUNDLI, SONEPAT"
, AUTO SWEEPOUT TO CMR GREEN TECHNOLOGI 57500000478667,, 516.00,, 12/01/2026,, FARIDABAD HARYANA
, AUTO SWEEPOUT TO CMR GREEN TECHNOLOGI 57500000342857,," 3,826,167.05",, 12/01/2026,, FARIDABAD HARYANA
1/13/2026,Opening balance,"-134,872,241.82",,,,,
, FT Cr ECMS-CMRGR1100LCU101958-ALF METALS-50200069457979,," 560,146.00",, 13/01/2026, HDFC6B2935ACE9A0," NETBANK, MUMBAI"
, RTGS Cr ECMS-DBSS0IN0811-CMRGR1100LCU101861-DBS ALLOYS-8138200000007511,," 3,122,000.00",, 13/01/2026, DBSSR52026011307750928, FORT
, RTGS Cr ECMS-ICIC0000011-CMRLTD201LCU100931-SAVITA INDUSTRIES-140105001924,," 1,000,000.00",, 13/01/2026, ICICR42026011300504084, FORT
, LIQUIDATION OF IMP COLL BILL,,,"-21,110,638.78", 13/01/2026, 612BC05253310001," KUNDLI, SONEPAT"
, FT Cr ECMS-CMRLTD152LCU101434-AMIT ALLOYS COMPANY-99997635077350,," 81,000.00",, 13/01/2026, HDFCF8527BEE3C85," NETBANK, MUMBAI"
, UNIFEEDER AGEN-1100B0226012614,,,"-219,835.37", 13/01/2026, 601133385714," NETBANK, MUMBAI"
, KOSMIK CARGO I-1100B0226012604,,,"-279,305.10", 13/01/2026, HDFCH00737615415," NETBANK, MUMBAI"
, KOSMIK CARGO I-1100B0226012605,,,"-495,156.42", 13/01/2026, HDFCH00737606642," NETBANK, MUMBAI"
, KOSMIK CARGO I-1100B0226012606,,,"-515,494.17", 13/01/2026, HDFCH00737616470," NETBANK, MUMBAI"
, RTGS Cr ECMS-UTIB0002437-CMRGR1100LCU101946-GAURAV ENTERPRISES-923020027564985,," 980,000.00",, 13/01/2026, UTIBR52026011300352115, FORT
, RTGS Cr ECMS-CNRB0019260-CMRGR1100LCU101620-RITIK TRADING COMPAN-120017944599,," 700,000.00",, 13/01/2026, CNRBR52026011374789279, FORT
, RTGS Cr ECMS-ICIC0003581-CMRGR1100LSU102994-U P GREEN RECYCLING CO-358105500284,," 1,500,000.00",, 13/01/2026, ICICR52026011300266756, FORT
, IMPS CR ECMS-9641-CMRGR1100LCU101861-DBS ALLOYS-8138200000007511,, 516.00,, 13/01/2026, 601314555914, FARIDABAD HARYANA
, 57500000863497-ECO,,,"-30,000,000.00", 13/01/2026, 601133710961," NETBANK, MUMBAI"
, ODEX INDIA SOL-1100B0226012627,,,"-1,014,902.66", 13/01/2026, HDFCH00738367507," NETBANK, MUMBAI"
, ANL SINGAPORE -1100B0226012634,,,"-9,361.12", 13/01/2026, HDFCH00738374695," NETBANK, MUMBAI"
, Hapag Lloyd In-1100B0226012630,,,"-23,600.00", 13/01/2026, HDFCH00738367516," NETBANK, MUMBAI"
, Hapag Lloyd In-1100B0226012629,,,"-17,700.00", 13/01/2026, HDFCH00738373123," NETBANK, MUMBAI"
, MSC MEDITERRAN-1100B0226012631,,,"-30,680.00", 13/01/2026, HDFCH00738370217," NETBANK, MUMBAI"
, ODEX INDIA SOL-1100B0226012635,,,"-296,970.60", 13/01/2026, HDFCH00738367535," NETBANK, MUMBAI"
, RTGS Cr-UTIB0000039-CMR GREEN TECHNOLOGIES LIMITED FORMERLY-CENTURY METAL RECYCLING LIMITE-UTIBR62026011349819396,," 40,000,000.00",, 13/01/2026, UTIBR62026011349819396, CMS TF WBO MUMBAI
, IMPS CR ECMS-9012-CMRGR1100LCU101696-KHUSHBUENTERPRISES-45590200000197,," 30,000.00",, 13/01/2026, 601316334824, FARIDABAD HARYANA
, RTGS Cr-SCBL0036001-ENDURANCE TECHNOLOGIES LIMITED-CMR GREEN TECHNOLOGIES LIMITED-SCBLR12026011300817625,," 24,986,689.32",, 13/01/2026, SCBLR12026011300817625, FORT
, RTGS Cr-SCBL0036001-ENDURANCE TECHNOLOGIES LIMITED-CMR GREEN TECHNOLOGIES LIMITED-SCBLR12026011300817679,," 20,500,814.72",, 13/01/2026, SCBLR12026011300817679, FORT
, COMM ON LIQD OF IMP COLL BILL,,,-177, 13/01/2026, 612BC05260130007," KUNDLI, SONEPAT"
, RTGS Cr-ICIC0000083-CMR ALUMINIUM PVT LTD-CMR GREEN TECHNOLOGIES LTD-ICICR52026011300315743,," 170,000,000.00",, 13/01/2026, ICICR52026011300315743, FORT
, 57500000342857-2857,,,"-202,000,000.00", 13/01/2026, 601134066618," NETBANK, MUMBAI"
, RTGS Cr-IDFB0080101-NORTHERN ARC CAPITAL LIMITED-CMR GREEN TECHNOLOGIES-IDFBR62026011301476231,," 3,153,477.00",, 13/01/2026, IDFBR62026011301476231, FORT
, RTGS Cr ECMS-YESB0000001-CMRGR1100LCU101888-MOREY TRADERS-053161900012080,," 862,864.00",, 13/01/2026, YESBR12026011300041873, FORT
, 06126101792672-ESIFUND,,,"-100,786.00", 13/01/2026, 601133772450," NETBANK, MUMBAI"
, 03826102266673-ESIFUND,,,"-32,320.00", 13/01/2026, 601133802901," NETBANK, MUMBAI"
, CHCEH4V18BUUEL-EPFOBD,,,"-148,421.00", 13/01/2026, 601133411520," NETBANK, MUMBAI"
, 06726101372807-ESIFUND,,,"-37,631.00", 13/01/2026, 601133384495," NETBANK, MUMBAI"
, CHCEVNP18BV6F7-EPFOBD,,,"-135,951.00", 13/01/2026, 601133416056," NETBANK, MUMBAI"
, 01326101661056-ESIFUND,,,"-18,264.00", 13/01/2026, 601133387989," NETBANK, MUMBAI"
, 08626101423793-ESIFUND,,,"-2,313.00", 13/01/2026, 601133320034," NETBANK, MUMBAI"
, CHCE6E418BU2GD-EPFOBD,,,"-3,272,430.00", 13/01/2026, 601133400230," NETBANK, MUMBAI"
, 01326101538194-ESIFUND,,,"-55,225.00", 13/01/2026, 601133433205," NETBANK, MUMBAI"
, 06926101825554-ESIFUND,,,"-4,575.00", 13/01/2026, 601133430721," NETBANK, MUMBAI"
, CHCEOPV18BOIWK-EPFOBD,,,"-272,531.00", 13/01/2026, 601133329941," NETBANK, MUMBAI"
, RTGS Cr-ICIC0099999-RICO AUTO INDUSTRIES LIMITED-CMR GREEN TECHNOLOGIES LIMITED-ICICR22026011313844106,," 11,875,736.82",, 13/01/2026, ICICR22026011313844106, FORT
, CHCEVC118BNX7K-EPFOBD,,,"-77,324.00", 13/01/2026, 601133324153," NETBANK, MUMBAI"
, LIQUIDATION OF IMP COLL BILL,,,"-5,611,089.87", 13/01/2026, 612BC05253540002," KUNDLI, SONEPAT"
, LIQUIDATION OF IMP COLL BILL,,,"-3,057,732.02", 13/01/2026, 612BC05260020001," KUNDLI, SONEPAT"
, LIQUIDATION OF IMP COLL BILL,,,"-19,538,309.30", 13/01/2026, 612BC05260090001," KUNDLI, SONEPAT"
, AUTO SWEEPOUT TO CMR GREEN TECHNOLOGI 57500000342857,," 6,533,247.07",, 13/01/2026,, FARIDABAD HARYANA
1/14/2026,Opening balance,"-137,364,474.30",,,,,
, RTGS Cr ECMS-ICIC0000011-CMRLTD151LCU101618-MAHAKALESHWAR ENTERPRISES-779405000110,," 570,000.00",, 14/01/2026, ICICR42026011400502190, FORT
, FT Cr ECMS-CMRGR1100LCU100963-HEAVEN TRADING COMPANY-50200074139709,," 200,000.00",, 14/01/2026, HDFCEA488B6E7F88," NETBANK, MUMBAI"
, Automotive Com-1100B0226012641,,,"-10,800.00", 14/01/2026, 601133931255," NETBANK, MUMBAI"
, ABACUS COMMUNI-1100B0226012603,,,"-279,300.00", 14/01/2026, HDFCH00740281895," NETBANK, MUMBAI"
, APR FOREX PRIV-1100B0226012643,,,"-91,159.00", 14/01/2026, HDFCH00740284833," NETBANK, MUMBAI"
, MAKE MY TRIP -1100B0226012642,,,"-135,639.09", 14/01/2026, HDFCH00740283780," NETBANK, MUMBAI"
, IMPS CR ECMS-9229-CMRGR1100LCU101901-SHREE KRISHANA RECYC-125705001461,," 29,854.00",, 14/01/2026, 601410285154, FARIDABAD HARYANA
, RTGS Cr ECMS-ICIC0000011-CMRLTD201LCU101100-NIDHI METAL CASTING-140105001959,," 850,000.00",, 14/01/2026, ICICR42026011400505490, FORT
, RTGS Cr ECMS-KKBK0000958-CMRGR1100LCU101869-JMD METALS RECYCLER-7291010273,," 7,200,000.00",, 14/01/2026, KKBKR52026011400737686, FORT
, IMPS CR ECMS-9485-CMRGR1100LCU101869-JMD METALS RECYCLER-7291010273,," 90,000.00",, 14/01/2026, 601412724680, FARIDABAD HARYANA
, Maersk Line In-1100B0226012714,,,"-504,992.80", 14/01/2026, HDFCH00740671193," NETBANK, MUMBAI"
, Maersk Line In-1100B0226012715,,,"-131,286.80", 14/01/2026, HDFCH00740678430," NETBANK, MUMBAI"
, ODEX INDIA SOL-1100B0226012716,,,"-788,473.12", 14/01/2026, HDFCH00740671198," NETBANK, MUMBAI"
, FT Cr ECMS-CMRLTD201LCU100820-MOHINI INDUSTRIES-50200033588193,," 1,345,500.00",, 14/01/2026, NBK2MHAR6TS7AWXP," NETBANK, MUMBAI"
, FT CR ECMS-CMRLTD151LCU101331-J B TRADING-50200083168153,," 39,000.00",, 14/01/2026, 000061," FARIDABAD SEC 9, HAR"
, RTGS Cr ECMS-UTIB0001263-cmrltd202lcu100835-R S ENTERPRISES-918020096600427,," 2,000,000.00",, 14/01/2026, UTIBR72026011400574227, FORT
, NEFT Cr-IBKL0000057-MOHAN AGARWAL-CMR GREEN TECHNOLOGIES LTD-IBKL260114238158,," 225,876.00",, 14/01/2026, IBKL260114238158, FORT
, COMM ON LIQD OF IMP COLL BILL,,,-177, 14/01/2026, 612BC05260140001," KUNDLI, SONEPAT"
, ARCHIT JAIN-1100B0226012601,,,"-22,869.00", 14/01/2026, HDFCH00741010118," NETBANK, MUMBAI"
, Priyanka Kapil-1100B0226012671,,,"-4,666.80", 14/01/2026, 601134222297," NETBANK, MUMBAI"
, FT-HDFC555122767-HAPPAY POOL ACCOUNT CMRG,,,"-114,644.76", 14/01/2026, 601134222251," NETBANK, MUMBAI"
, Sandeep Bhadau-1100B0226012673,,,"-21,936.00", 14/01/2026, 601134222303," NETBANK, MUMBAI"
, FT-HDFC555122767-HAPPAY POOL ACCOUNT CMRG,,,"-1,309.00", 14/01/2026, 601133738605," NETBANK, MUMBAI"
, Lalit Kumar-1100B0226012666,,,-66.5, 14/01/2026, 601134222282," NETBANK, MUMBAI"
, Sarvesh kumar-1100B0226012655,,,"-5,100.00", 14/01/2026, 601134222253," NETBANK, MUMBAI"
, Ankur Singh-1100B0226012669,,,"-3,405.25", 14/01/2026, HDFCH00741011917," NETBANK, MUMBAI"
, Mahesh Kumar T-1100B0226012647,,,"-15,499.00", 14/01/2026, HDFCH00741011918," NETBANK, MUMBAI"
, Naveen Kumar-1100B0226012657,,,"-2,190.00", 14/01/2026, HDFCH00741010911," NETBANK, MUMBAI"
, Rajesh Kumar C-1100B0226012661,,,"-7,453.00", 14/01/2026, HDFCH00741007168," NETBANK, MUMBAI"
, Dataram Deshwa-1100B0226012649,,,"-2,000.00", 14/01/2026, HDFCH00741011941," NETBANK, MUMBAI"
, Sanjay Kumar S-1100B0226012670,,,"-3,606.82", 14/01/2026, HDFCH00741013384," NETBANK, MUMBAI"
, Himanshu Gupta-1100B0226012654,,,"-1,200.00", 14/01/2026, HDFCH00741012562," NETBANK, MUMBAI"
, Sanjay Kumar C-1100B0226012653,,,"-1,050.00", 14/01/2026, HDFCH00741010929," NETBANK, MUMBAI"
, Pathik Patel-1100B0226012664,,,"-5,757.30", 14/01/2026, HDFCH00741012571," NETBANK, MUMBAI"
, Yashwant-1100B0226012659,,,"-5,400.00", 14/01/2026, HDFCH00741011978," NETBANK, MUMBAI"
, Sachin Dudeja-1100B0226012652,,,"-1,042.00", 14/01/2026, HDFCH00741012574," NETBANK, MUMBAI"
, Rajesh Kumar K-1100B0226012672,,,"-5,409.00", 14/01/2026, HDFCH00741006004," NETBANK, MUMBAI"
, Ravindra Prata-1100B0226012651,,,-800, 14/01/2026, HDFCH00741010939," NETBANK, MUMBAI"
, Prdeep Kumar-1100B0226012668,,,-774.7, 14/01/2026, HDFCH00741012625," NETBANK, MUMBAI"
, Ram Gopal-1100B0226012662,,,"-3,149.55", 14/01/2026, HDFCH00741010942," NETBANK, MUMBAI"
, Harish Tripath-1100B0226012660,,,"-10,158.00", 14/01/2026, HDFCH00741013408," NETBANK, MUMBAI"
, Narendra Das-1100B0226012656,,,"-20,362.00", 14/01/2026, HDFCH00741013412," NETBANK, MUMBAI"
, Abhishek Gupta-1100B0226012665,,,"-1,199.00", 14/01/2026, HDFCH00741013413," NETBANK, MUMBAI"
, Mukesh Kumar J-1100B0226012663,,,"-3,041.50", 14/01/2026, HDFCH00741014303," NETBANK, MUMBAI"
, Vishal Vairagi-1100B0226012667,,,"-5,750.00", 14/01/2026, HDFCH00741010957," NETBANK, MUMBAI"
, Rishi Tiwari-1100B0226012658,,,"-20,982.00", 14/01/2026, HDFCH00741012120," NETBANK, MUMBAI"
, Tulsi Ram Yada-1100B0226012648,,,"-4,675.50", 14/01/2026, HDFCH00741013416," NETBANK, MUMBAI"
, Bhagat Singh-1100B0226012650,,,"-3,150.00", 14/01/2026, HDFCH00741014333," NETBANK, MUMBAI"
, COMM ON LIQD OF IMP COLL BILL,,,-177, 14/01/2026, 612BC05260140002," KUNDLI, SONEPAT"
, 57500000342857-2857,,,"-46,700,000.00", 14/01/2026, 601144967512," NETBANK, MUMBAI"
, Nitin Verma-1100B0226012693,,,"-9,063.60", 14/01/2026, 601134222380," NETBANK, MUMBAI"
, Ravi Kant sing-1100B0226012697,,,"-11,247.40", 14/01/2026, 601134222390," NETBANK, MUMBAI"
, Amit kumar Sin-1100B0226012687,,,"-3,530.00", 14/01/2026, 601134222368," NETBANK, MUMBAI"
, Vaibhav Vyas-1100B0226012689,,,"-11,410.00", 14/01/2026, 601134222372," NETBANK, MUMBAI"
, Aman Kesarwani-1100B0226012680,,,"-9,282.50", 14/01/2026, 601134222342," NETBANK, MUMBAI"
, Naveen Kumar Y-1100B0226012676,,,"-4,650.00", 14/01/2026, 601134222320," NETBANK, MUMBAI"
, Ajay Kumar Pra-1100B0226012692,,,"-8,670.50", 14/01/2026, 601134222378," NETBANK, MUMBAI"
, Rahul Malake-1100B0226012703,,,"-4,807.00", 14/01/2026, 601134222403," NETBANK, MUMBAI"
, Shivam Gupta-1100B0226012700,,,"-1,991.00", 14/01/2026, HDFCH00741076926," NETBANK, MUMBAI"
, Utkarsh Nigam-1100B0226012698,,,"-5,154.69", 14/01/2026, HDFCH00741079073," NETBANK, MUMBAI"
, VISHAL CHAUHAN-1100B0226012690,,,-565, 14/01/2026, HDFCH00741080250," NETBANK, MUMBAI"
, Rishabh Saini-1100B0226012681,,,"-2,367.00", 14/01/2026, HDFCH00741074820," NETBANK, MUMBAI"
, Akash Bhargav-1100B0226012682,,,"-5,170.00", 14/01/2026, HDFCH00741077855," NETBANK, MUMBAI"
, Hitesh Pant-1100B0226012677,,,"-2,426.03", 14/01/2026, HDFCH00741079095," NETBANK, MUMBAI"
, Durgesh Naraya-1100B0226012699,,,"-5,281.00", 14/01/2026, HDFCH00741077859," NETBANK, MUMBAI"
, PRABHAKAR DUBE-1100B0226012702,,,"-3,500.00", 14/01/2026, HDFCH00741077864," NETBANK, MUMBAI"
, Dharamveer Kum-1100B0226012695,,,-786, 14/01/2026, HDFCH00741079106," NETBANK, MUMBAI"
, Sanjay Dubey-1100B0226012686,,,"-1,370.00", 14/01/2026, HDFCH00741074890," NETBANK, MUMBAI"
, Atul singh-1100B0226012701,,,"-1,270.00", 14/01/2026, HDFCH00741079201," NETBANK, MUMBAI"
, Rishabh Khalia-1100B0226012691,,,"-2,222.50", 14/01/2026, HDFCH00741079345," NETBANK, MUMBAI"
, Deepak Bhardwa-1100B0226012675,,,"-5,500.00", 14/01/2026, HDFCH00741079235," NETBANK, MUMBAI"
, Mohit Singla-1100B0226012679,,,-111, 14/01/2026, HDFCH00741080266," NETBANK, MUMBAI"
, Puneesh Lamba-1100B0226012684,,,-630, 14/01/2026, HDFCH00741079356," NETBANK, MUMBAI"
, Maersk Line In-1100B0226012720,,,"-378,024.80", 14/01/2026, HDFCH00741079357," NETBANK, MUMBAI"
, Ishan Aggarwal-1100B0226012688,,,-540, 14/01/2026, HDFCH00741080271," NETBANK, MUMBAI"
, Harsh Kumar-1100B0226012678,,,"-2,320.00", 14/01/2026, HDFCH00741076980," NETBANK, MUMBAI"
, Vishal-1100B0226012685,,,"-2,425.00", 14/01/2026, HDFCH00741077883," NETBANK, MUMBAI"
, Ashutosh Anand-1100B0226012674,,,"-1,652.00", 14/01/2026, HDFCH00741079367," NETBANK, MUMBAI"
, Manish kumar C-1100B0226012696,,,-220.5, 14/01/2026, HDFCH00741081273," NETBANK, MUMBAI"
, Ayush kumar-1100B0226012694,,,"-2,799.72", 14/01/2026, HDFCH00741079377," NETBANK, MUMBAI"
, Bhabani Sankar-1100B0226012683,,,"-1,055.00", 14/01/2026, HDFCH00741081287," NETBANK, MUMBAI"
, RTGS Cr ECMS-CNRB0019260-CMRGR1100LCU101620-RITIK TRADING COMPAN-120017944599,," 750,000.00",, 14/01/2026, CNRBR52026011474931876, FORT
, ODEX INDIA SOL-1100B0226012721,,,"-258,167.48", 14/01/2026, HDFCH00741130608," NETBANK, MUMBAI"
, ODEX INDIA SOL-1100B0226012726,,,"-1,178,241.80", 14/01/2026, HDFCH00741128812," NETBANK, MUMBAI"
, COMM ON LIQD OF IMP COLL BILL,,,-177, 14/01/2026, 612BC05260140003," KUNDLI, SONEPAT"
, COMM ON LIQD OF IMP COLL BILL,,,-177, 14/01/2026, 612BC05260140004," KUNDLI, SONEPAT"
, 01326101534527-ESIFUND,,,"-173,319.00", 14/01/2026, 601144751165," NETBANK, MUMBAI"
, 06126101969960-ESIFUND,,,"-7,662.00", 14/01/2026, 601144706479," NETBANK, MUMBAI"
, 01326101321521-ESIFUND,,,"-79,225.00", 14/01/2026, 601144736497," NETBANK, MUMBAI"
, 03826101809271-ESIFUND,,,"-5,634.00", 14/01/2026, 601144697262," NETBANK, MUMBAI"
, 01326101537047-ESIFUND,,,"-198,066.00", 14/01/2026, 601144749106," NETBANK, MUMBAI"
, 01326101316154-ESIFUND,,,"-107,270.00", 14/01/2026, 601144734048," NETBANK, MUMBAI"
, RTGS Cr-UTIB0000039-CMR GREEN TECHNOLOGIES LIMITED FORMERLY-CENTURY METAL RECYCLING LIMITE-UTIBR62026011450091352,," 30,000,000.00",, 14/01/2026, UTIBR62026011450091352, CMS TF WBO MUMBAI
, FCY OUTWARD REMITTANCE,,,"-72,717.23", 14/01/2026, 612FT01260140036," KUNDLI, SONEPAT"
, FCY OUTWARD REMITTANCE,,,"-2,657,104.65", 14/01/2026, 612FT01260140035," KUNDLI, SONEPAT"
, FCY OUTWARD REMITTANCE,,,"-206,941.70", 14/01/2026, 612FT01260140039," KUNDLI, SONEPAT"
, FCY OUTWARD REMITTANCE,,,"-7,562,605.05", 14/01/2026, 612FT01260140037," KUNDLI, SONEPAT"
, FCY OUTWARD REMITTANCE,,,"-161,764.50", 14/01/2026, 612FT01260140048," KUNDLI, SONEPAT"
, FCY OUTWARD REMITTANCE,,,"-5,911,218.58", 14/01/2026, 612FT01260140047," KUNDLI, SONEPAT"
, FCY OUTWARD REMITTANCE,,,"-12,241,617.73", 14/01/2026, 612FT01260140049," KUNDLI, SONEPAT"
, FCY OUTWARD REMITTANCE,,,"-334,945.71", 14/01/2026, 612FT01260140050," KUNDLI, SONEPAT"
, FCY OUTWARD REMITTANCE,,,"-3,114,205.20", 14/01/2026, 612FT01260140052," KUNDLI, SONEPAT"
, FCY OUTWARD REMITTANCE,,,"-85,233.80", 14/01/2026, 612FT01260140054," KUNDLI, SONEPAT"
, RTGS Cr-UTIB0001609-SHRIRAM PISTONS RINGS LIMITED-CMR GREEN TECHNOLOGIES LIMITED-UTIBR72026011400098616,," 3,372,364.18",, 14/01/2026, UTIBR72026011400098616, FORT
, FCY OUTWARD REMITTANCE,,,"-593,983.00", 14/01/2026, 612FT01260140045," KUNDLI, SONEPAT"
, NEFT Cr-SMBC0000001-TOYODA GOSEI SOUTH INDIA PVT LTD-CMR GREEN TECHNOLOGIES LIMITED-DOR1995130.0001,," 2,921,423.23",, 14/01/2026, DOR1995130.0001, FORT
, FCY OUTWARD REMITTANCE,,,"-91,397.20", 14/01/2026, 612FT01260140060," KUNDLI, SONEPAT"
, FCY OUTWARD REMITTANCE,,,"-3,339,319.67", 14/01/2026, 612FT01260140056," KUNDLI, SONEPAT"
, FCY OUTWARD REMITTANCE,,,"-114,669.53", 14/01/2026, 612FT01260140062," KUNDLI, SONEPAT"
, FCY OUTWARD REMITTANCE,,,"-4,189,720.00", 14/01/2026, 612FT01260140061," KUNDLI, SONEPAT"
, RTGS Cr-SBIN0004298-M s Century Metal Recycling Private-Century Metal Rceycling Pvt Ltd-SBINR12026011412949645,," 10,000,000.00",, 14/01/2026, SBINR12026011412949645, CMS TF WBO MUMBAI
, RTGS Cr-SBIN0004298-M s Century Metal Recycling Private-Century Metal Rceycling Pvt Ltd-SBINR12026011412949644,," 10,000,000.00",, 14/01/2026, SBINR12026011412949644, CMS TF WBO MUMBAI
, RTGS Cr-SBIN0004298-M s Century Metal Recycling Private-Century Metal Rceycling Pvt Ltd-SBINR12026011412949642,," 10,000,000.00",, 14/01/2026, SBINR12026011412949642, CMS TF WBO MUMBAI
, RTGS Cr-SBIN0004298-M s Century Metal Recycling Private-Century Metal Rceycling Pvt Ltd-SBINR12026011412949621,," 10,000,000.00",, 14/01/2026, SBINR12026011412949621, CMS TF WBO MUMBAI
, RTGS Cr-SBIN0004298-M s Century Metal Recycling Private-Century Metal Rceycling Pvt Ltd-SBINR12026011412949755,," 10,000,000.00",, 14/01/2026, SBINR12026011412949755, CMS TF WBO MUMBAI
, RTGS Cr-IDFB0080101-NORTHERN ARC CAPITAL LIMITED-CMR GREEN TECHNOLOGIES-IDFBR62026011401487172,," 3,694,495.00",, 14/01/2026, IDFBR62026011401487172, FORT
, FCY OUTWARD REMITTANCE,,,"-21,710,419.30", 14/01/2026, 612FT01260140041," KUNDLI, SONEPAT"
, RTGS Cr ECMS-ICIC0000011-CMRLTD151LCU101487-MAYA ENTERPRISES-140105001960,," 578,040.00",, 14/01/2026, ICICR42026011400557615, FORT
, FT Cr ECMS-CMRLTD152LCU101434-AMIT ALLOYS COMPANY-99997635077350,," 5,000.00",, 14/01/2026, HDFC187A83165487," NETBANK, MUMBAI"
, NEFT Cr ECMS-IDFB0021315-CMRLTD201LCU100393-J V K ENTERPRISES-50000019860,," 50,000.00",, 14/01/2026, IDFB601460064245, FORT
, 00930310001264-1264,,,"-20,000,000.00", 14/01/2026, 601145782981," NETBANK, MUMBAI"
, CHCEMWL18H0IR3-CBICICEGATE,,,"-1,069,209.00", 14/01/2026, 601145578992," NETBANK, MUMBAI"
, CHCE3AS18H0MZB-CBICICEGATE,,,"-4,264,322.00", 14/01/2026, 601145581638," NETBANK, MUMBAI"
, CHCEADG18GZZ28-CBICICEGATE,,,"-967,293.00", 14/01/2026, 601145569802," NETBANK, MUMBAI"
, AUTO SWEEPOUT TO CMR GREEN TECHNOLOGI 57500000342857,," 798,447.75",, 14/01/2026,, FARIDABAD HARYANA
1/15/2026,Opening balance,"-172,771,794.00",,,,,
, NEFT Cr ECMS-CNRB0019251-CMRLTD152LCU101556-M S ENTERPRISES-92511400000402,," 565,000.00",, 15/01/2026, CNRBH00103850826, FORT
, RTGS Cr ECMS-UTIB0001263-cmrltd202lcu100835-R S ENTERPRISES-918020096600427,," 1,714,000.00",, 15/01/2026, UTIBR72026011500570502, FORT
, FT Cr ECMS-CMRGR1100LCU101079-PARTH METALS-50200114258927,," 3,020,800.00",, 15/01/2026, NBXDHSQNPVEUVHS5," NETBANK, MUMBAI"
, FT Cr ECMS-CMRGR1100LCU100963-HEAVEN TRADING COMPANY-50200074139709,," 660,000.00",, 15/01/2026, HDFC4D3D2A059F7C," NETBANK, MUMBAI"
, RTGS Cr ECMS-KKBK0000958-CMRLTD151LCU101407-GLOBAL METAL RECYCLERS-1145328738,," 575,500.00",, 15/01/2026, KKBKR52026011500883162, FORT
, RTGS Cr ECMS-KVBL0002101-CMRGR1100LCU100305-SARA METAL-4204280000000512,," 286,000.00",, 15/01/2026, KVBLR52026011563332300, FORT
, RTGS Cr ECMS-CNRB0019260-CMRGR1100LCU101620-RITIK TRADING COMPAN-120017944599,," 750,000.00",, 15/01/2026, CNRBR52026011574965450, FORT
, RTGS Cr ECMS-ICIC0000011-CMRGR1100LCU101936-JK SLIDE FASTNERS PRIVATE LIMI-062605002615,," 940,331.00",, 15/01/2026, ICICR42026011500506649, FORT
, RTGS Cr ECMS-ICIC0000011-CMRGR1100LCU101936-JK SLIDE FASTNERS PRIVATE LIMI-062605002615,," 2,194,104.00",, 15/01/2026, ICICR42026011500506765, FORT
, IMPS CR ECMS-9052-CMRGR1100LCU101769-AMAN ENTERPRISES-0667202500004701,," 41,000.00",, 15/01/2026, 601533428847, FARIDABAD HARYANA
, RTGS Cr ECMS-KKBK0000958-CMRGR1100LCU101249-WHITEROCK-9945250938,," 2,500,000.00",, 15/01/2026, KKBKR12026011500898907, FORT
, ODEX INDIA SOL-1100B0226012752,,,"-868,940.20", 15/01/2026, HDFCH00742392246," NETBANK, MUMBAI"
, Maersk Line In-1100B0226012753,,,"-748,131.80", 15/01/2026, HDFCH00742392247," NETBANK, MUMBAI"
, Hapag Lloyd In-1100B0226012747,,,"-6,844.00", 15/01/2026, HDFCH00742393987," NETBANK, MUMBAI"
, FT Cr ECMS-CMRLTD201LCU100820-MOHINI INDUSTRIES-50200033588193,," 1,345,500.00",, 15/01/2026, NB5FWTYMZIDDJXK1," NETBANK, MUMBAI"
, 01326101663070-ESIFUND,,,"-2,812.00", 15/01/2026, 601155952609," NETBANK, MUMBAI"
, 06126102630539-ESIFUND,,,"-94,518.00", 15/01/2026, 601155951499," NETBANK, MUMBAI"
, IMPS CR ECMS-9052-CMRGR1100LCU101769-AMAN ENTERPRISES-0667202500004701,," 7,000.00",, 15/01/2026, 601533455456, FARIDABAD HARYANA
, RTGS Cr-ICIC0000083-CMR GREEN TECHNOLOGIES LIMITED-CMR GREEN TECHNOLOGIES LTD-ICICR52026011500406167,," 150,000,000.00",, 15/01/2026, ICICR52026011500406167, FORT
, NEFT Cr-UTIB0001609-TRANSACTION SOLUTIONS INTERNATIONAL-CMR GREEN TECHNOLOGIES LIMITED-AXISP00760650933,," 8,705.00",, 15/01/2026, AXISP00760650933, FORT
, ODEX INDIA SOL-1100B0226012767,,,"-396,317.16", 15/01/2026, HDFCH00742713436," NETBANK, MUMBAI"
, FT Cr ECMS-CMRLTD151LCU101461-SHREE JEE METALS-50200071755012,," 907,000.00",, 15/01/2026, NBUUYIBOQSO4OHHE," NETBANK, MUMBAI"
, RTGS Cr-UTIB0000176-APJ INVESTMENTS PRIVATE LIMITED UNI-CMR Green Technologies Limited-UTIBR72026011500424051,," 6,204,386.00",, 15/01/2026, UTIBR72026011500424051, FORT
, 00930310001274-1274,,,"-50,000,000.00", 15/01/2026, 601156352484," NETBANK, MUMBAI"
, RTGS Cr ECMS-UTIB0002437-CMRGR1100LCU101947-METALS ALLOY-924020050706201,," 1,013,030.00",, 15/01/2026, UTIBR72026011500575172, FORT
, RTGS Cr ECMS-IDFB0021315-CMRLTD201LCU100393-J V K ENTERPRISES-50000019860,," 230,000.00",, 15/01/2026, IDFBR62026011501494695, FORT
, LOCAL BILL DISCOUNTED,," 46,548,456.12",, 15/01/2026, 612SB04260150003," KUNDLI, SONEPAT"
, LOCAL BILL DISCOUNTED,," 21,292,321.83",, 15/01/2026, 612SB04260150004," KUNDLI, SONEPAT"
, LOCAL BILL DISCOUNTED,," 19,412,128.38",, 15/01/2026, 612SB04260150005," KUNDLI, SONEPAT"
, RTGS Cr-ICIC0099999-RICO AUTO INDUSTRIES LIMITED-CMR GREEN TECHNOLOGIES LIMITED-ICICR22026011513884259,," 6,916,333.10",, 15/01/2026, ICICR22026011513884259, FORT
, LOCAL BILL DISCOUNTED,," 82,490,971.00",, 15/01/2026, 612SB04260150006," KUNDLI, SONEPAT"
, LOCAL BILL DISCOUNTED,," 46,360,953.28",, 15/01/2026, 612SB04260150007," KUNDLI, SONEPAT"
, 57500000540028-40028,,,"-30,000,000.00", 15/01/2026, 601156482292," NETBANK, MUMBAI"
, 00930310001274-1274,,,"-70,000,000.00", 15/01/2026, 601156482054," NETBANK, MUMBAI"
, 57500000863497-Eco,,,"-40,000,000.00", 15/01/2026, 601156482436," NETBANK, MUMBAI"
, CHCEDAX18K6NAG-CBICICEGATE,,,"-2,422,324.00", 15/01/2026, 601156408368," NETBANK, MUMBAI"
, CHCE2MA18K66WO-CBICICEGATE,,,"-6,391,861.00", 15/01/2026, 601156405659," NETBANK, MUMBAI"
, CHCE92P18K5846-CBICICEGATE,,,"-18,798,320.00", 15/01/2026, 601156389241," NETBANK, MUMBAI"
, CHCEKXK18K5EGZ-CBICICEGATE,,,"-18,618,464.00", 15/01/2026, 601156390991," NETBANK, MUMBAI"
, CHCE22N18K5RMF-CBICICEGATE,,,"-21,288,358.00", 15/01/2026, 601156399142," NETBANK, MUMBAI"
, CHCEII418K5KNQ-CBICICEGATE,,,"-18,098,768.00", 15/01/2026, 601156392325," NETBANK, MUMBAI"
, CHCER7418KE9HK-CBICICEGATE,,,"-19,663,992.00", 15/01/2026, 601156485535," NETBANK, MUMBAI"
, CHCES3718K6GCI-CBICICEGATE,,,"-23,373,059.00", 15/01/2026, 601156407350," NETBANK, MUMBAI"
, RTGS Cr ECMS-UTIB0002437-CMRLTD151LCU101262-MAHAKAL ENTERPRISES-921020020261421,," 1,149,000.00",, 15/01/2026, UTIBR72026011500576891, FORT
1/15/2026,Closing balance,"-96,411,983.45",,,,,
1/16/2026,Opening balance,"-96,411,983.45",,,,,
, RTGS Cr ECMS-KKBK0000958-CMRGR1100LCU101691-VEDANSH TRADING-3850190839,," 2,646,000.00",, 16/01/2026, KKBKR52026011600622924, FORT
, RTGS Cr ECMS-CNRB0019260-CMRGR1100LCU100355-M S MANUFACTURING AN-120028091709,," 893,850.00",, 16/01/2026, CNRBR52026011675010747, FORT
, RTGS Cr ECMS-UTIB0001331-CMRLTD202LCU100754-M/S R.P. METAL MERCHANT-920030058906721,," 1,200,000.00",, 16/01/2026, UTIBR72026011600550171, FORT
, IMPS CR ECMS-9229-CMRLTD201LCU100931-SAVITA INDUSTRIES-140105001924,," 110,000.00",, 16/01/2026, 601609555308, FARIDABAD HARYANA
, FT Cr ECMS-CMRGR1100LSU101802-SAI TRADING CO-50200094276693,," 995,000.00",, 16/01/2026, HDFC3C25124F1674," NETBANK, MUMBAI"
, IMPS CR ECMS-9024-CMRLTD201LCU100256-INDIAN METAL SCRAP-08281131002695,," 100,000.00",, 16/01/2026, 601609478954, FARIDABAD HARYANA
, IMPS CR ECMS-9052-CMRGR1100LCU101769-AMAN ENTERPRISES-0667202500004701,," 46,000.00",, 16/01/2026, 601633594926, FARIDABAD HARYANA
, IMPS CR ECMS-9211-CMRGR1100LCU101769-NAEEMJAVED-919020035458367,," 40,000.00",, 16/01/2026, 601683451560, FARIDABAD HARYANA
," RTGS Dr-SBIN0004298-CENTURYMETALRECYCLINGPVTLTD-NETBANK, MUM-HDFCR52026011657626474",,,"-80,000,000.00", 16/01/2026, HDFCR52026011657626474," NETBANK, MUMBAI"
, KOSMIK CARGO I-1100B0226012851,,,"-369,421.00", 16/01/2026, HDFCH00743735134," NETBANK, MUMBAI"
, ODEX INDIA SOL-1100B0226012773,,,"-224,119.76", 16/01/2026, HDFCH00743734160," NETBANK, MUMBAI"
, RTGS Cr ECMS-UTIB0002972-CMRGR1100LCU100257-INTERNATIONAL SALES CORPORATIO-923030045068389,," 1,670,880.00",, 16/01/2026, UTIBR52026011600352501, FORT
, IMPS CR ECMS-9052-CMRGR1100LCU101769-AMAN ENTERPRISES-0667202500004701,," 1,000.00",, 16/01/2026, 601633624736, FARIDABAD HARYANA
, RTGS Cr ECMS-SBIN0020814-CMRGR1100LCU101644-MOHAN OVERSEAS-40837102027,," 728,000.00",, 16/01/2026, SBINR52026011613086019, FORT
, RTGS Cr ECMS-CNRB0019260-CMRGR1100LCU101620-RITIK TRADING COMPAN-120017944599,," 550,000.00",, 16/01/2026, CNRBR52026011675044902, FORT
, FT Cr ECMS-CMRGR1100LCU101315-HERO MOTOCORP LIMITED 315-00030110000315,," 22,886,774.95",, 16/01/2026, 601166963952," NETBANK, MUMBAI"
, FT Cr ECMS-CMRGR1100LCU101314-HERO MOTOCORP LIMITED 315-00030110000315,," 27,258,590.68",, 16/01/2026, 601166963953," NETBANK, MUMBAI"
, RTGS Cr ECMS-UTIB0002437-CMRGR1100LCU101947-METALS ALLOY-924020050706201,," 1,013,030.00",, 16/01/2026, UTIBR72026011600575168, FORT
, RTGS Cr ECMS-SBIN0001157-CMRGR1100LCU101897-SHREE SHYAM ENTERPRISES-44329469268,," 1,000,000.00",, 16/01/2026, SBINR52026011613117858, FORT
, ODEX INDIA SOL-1100B0226012888,,,"-19,392.40", 16/01/2026, HDFCH00744277089," NETBANK, MUMBAI"
, FCY OUTWARD REMITTANCE,,,"-395,443.10", 16/01/2026, 612FT01260160034," KUNDLI, SONEPAT"
, FCY OUTWARD REMITTANCE,,,"-14,598,529.06", 16/01/2026, 612FT01260160032," KUNDLI, SONEPAT"
, FT601167142503-CMR NLM ECO ALUMINIUM P L 3497 FT-57500000863497,," 60,000,000.00",, 16/01/2026, 601167142503," NETBANK, MUMBAI"
, 50100189920311-Aman Kesarwani 15257,,,"-77,096.00", 16/01/2026, 601156259330," NETBANK, MUMBAI"
, FT601167300237-CMR NLM ECO ALUMINIUM P L 3497 FT-57500000863497,," 50,000,000.00",, 16/01/2026, 601167300237," NETBANK, MUMBAI"
, FCY OUTWARD REMITTANCE,,,"-592,641.65", 16/01/2026, 612FT01260160057," KUNDLI, SONEPAT"
, FCY OUTWARD REMITTANCE,,,"-21,810,228.68", 16/01/2026, 612FT01260160035," KUNDLI, SONEPAT"
, FCY OUTWARD REMITTANCE,,,"-580,882.63", 16/01/2026, 612FT01260160059," KUNDLI, SONEPAT"
, FCY OUTWARD REMITTANCE,,,"-21,445,283.01", 16/01/2026, 612FT01260160058," KUNDLI, SONEPAT"
, FCY OUTWARD REMITTANCE,,,"-178,850.18", 16/01/2026, 612FT01260160062," KUNDLI, SONEPAT"
, FCY OUTWARD REMITTANCE,,,"-6,601,558.45", 16/01/2026, 612FT01260160060," KUNDLI, SONEPAT"
, INW 160126I049908536 USD165396.69@90.777,," 15,014,298.03",, 16/01/2026, 160126337795," NETBANK, MUMBAI"
, 160126I049908536 DPO2601620803995 IGST,,,"-3,512.57", 16/01/2026, 160126337802," NETBANK, MUMBAI"
, FCY OUTWARD REMITTANCE,,,"-474,175.44", 16/01/2026, 612FT01260160065," KUNDLI, SONEPAT"
, FCY OUTWARD REMITTANCE,,,"-17,450,095.98", 16/01/2026, 612FT01260160063," KUNDLI, SONEPAT"
, FT Cr ECMS-CMRLTD151LCU101373-SHRI JI METAL-50200053543370,," 3,103,400.00",, 16/01/2026, NBU3EZM5RQ1K5VFX," NETBANK, MUMBAI"
, FCY OUTWARD REMITTANCE,,,"-284,229.13", 16/01/2026, 612FT01260160069," KUNDLI, SONEPAT"
, FCY OUTWARD REMITTANCE,,,"-10,459,137.40", 16/01/2026, 612FT01260160068," KUNDLI, SONEPAT"
, 57500000540028-CMRA,,,"-85,000,000.00", 16/01/2026, 601167466924," NETBANK, MUMBAI"
," RTGS Dr-FDRL0001914-CENTURYMETALRECYCLINGLIMITED-NETBANK, MUM-HDFCR52026011657953180",,,"-15,300,000.00", 16/01/2026, HDFCR52026011657953180," NETBANK, MUMBAI"
, RTGS Cr ECMS-ICIC0000011-CMRLTD201LCU100931-SAVITA INDUSTRIES-140105001924,," 575,000.00",, 16/01/2026, ICICR42026011600565894, FORT
, FT Cr ECMS-CMRGR1100LCU100335-REHAN TRADERS-50200087498200,," 367,700.00",, 16/01/2026, HDFC9219350F1A94," NETBANK, MUMBAI"
, LOCAL BILL DISCOUNTED,," 106,460,831.36",, 16/01/2026, 612SB04260160001," KUNDLI, SONEPAT"
, LOCAL BILL DISCOUNTED,," 33,587,628.86",, 16/01/2026, 612SB04260160002," KUNDLI, SONEPAT"
, LOCAL BILL DISCOUNTED,," 18,398,180.18",, 16/01/2026, 612SB04260160003," KUNDLI, SONEPAT"
, LIQUIDATION OF IMP COLL BILL,,,"-6,132,094.69", 16/01/2026, 612BC05260020004," KUNDLI, SONEPAT"
, 00930310001274-1274,,,"-20,000,000.00", 16/01/2026, 601167627424," NETBANK, MUMBAI"
, 57500000261345-1345,,,"-20,000,000.00", 16/01/2026, 601167627107," NETBANK, MUMBAI"
, IMPS CR ECMS-9019-CMRLTD151LCU101408-SHRI SALASAR METALS-7605986608,," 73,892.00",, 16/01/2026, 601619534676, FARIDABAD HARYANA
, FCY OUTWARD REMITTANCE,,,"-656,955.14", 16/01/2026, 612FT01260160114," KUNDLI, SONEPAT"
, FCY OUTWARD REMITTANCE,,,"-24,064,533.25", 16/01/2026, 612FT01260160113," KUNDLI, SONEPAT"
, FCY OUTWARD REMITTANCE,,,"-581,466.98", 16/01/2026, 612FT01260160117," KUNDLI, SONEPAT"
, FCY OUTWARD REMITTANCE,,,"-21,299,139.47", 16/01/2026, 612FT01260160116," KUNDLI, SONEPAT"
, FCY OUTWARD REMITTANCE,,,"-76,836.16", 16/01/2026, 612FT01260160121," KUNDLI, SONEPAT"
, FCY OUTWARD REMITTANCE,,,"-2,813,615.90", 16/01/2026, 612FT01260160120," KUNDLI, SONEPAT"
, FCY OUTWARD REMITTANCE,,,"-113,665.86", 16/01/2026, 612FT01260160124," KUNDLI, SONEPAT"
, FCY OUTWARD REMITTANCE,,,"-4,162,062.53", 16/01/2026, 612FT01260160122," KUNDLI, SONEPAT"
, FT Cr ECMS-CMRLTD151LCU101331-J B TRADING-50200083168153,," 6,600.00",, 16/01/2026, HDFCE9996F98AEF9," NETBANK, MUMBAI"
, RTGS Cr ECMS-UTIB0001263-cmrltd201lcu100835-R S ENTERPRISES-918020096600427,," 2,000,000.00",, 16/01/2026, UTIBR72026011600578754, FORT
1/17/2026,Opening balance,"-121,450,293.81",,,,,
, FT Cr ECMS-CMRGR1100LCU101932-AKSHAR METAL ALLIANCE-50200109835840,," 20,502,500.00",, 17/01/2026, 1423406846, CBX Internet System Mumbai
, RTGS Cr ECMS-KVBL0002101-CMRGR1100LCU100305-SARA METAL-4204280000000512,," 280,000.00",, 17/01/2026, KVBLR52026011763350361, FORT
, FT Cr ECMS-CMRGR1100LCU101964-SHREE RADHA ENTERPRISE-50200066931940,," 1,000.00",, 17/01/2026, NBQ9ABGSV7T7OOW0," NETBANK, MUMBAI"
, IMPS CR ECMS-9049-cmrge1100lcu101968-BRIGHT METALS-16230200019193,," 50,000.00",, 17/01/2026, 601711493120, FARIDABAD HARYANA
, FT Cr ECMS-CMRGR1100LCU101564-SUNLITE RECYCLING INDUSTRIES L-50200073104369,," 24,713,164.00",, 17/01/2026, 1423445365, CBX Internet System Mumbai
, IMPS CR ECMS-9052-CMRGR1100LCU101769-AMAN ENTERPRISES-0667202500004701,," 46,000.00",, 17/01/2026, 601733813361, FARIDABAD HARYANA
, IMPS CR ECMS-9211-CMRGR1100LCU101778-MAHIMETALS-924030050652002,," 203,000.00",, 17/01/2026, 601787191524, FARIDABAD HARYANA
, NEFT Cr ECMS-CNRB0019251-CMRLTD152LCU101556-M S ENTERPRISES-92511400000402,," 550,000.00",, 17/01/2026, CNRBH00104283459, FORT
, COMM ON LIQD OF IMP COLL BILL,,,-236, 17/01/2026, 612BC05260160003," KUNDLI, SONEPAT"
, COMM ON LIQD OF IMP COLL BILL,,,-177, 17/01/2026, 612BC05260170006," KUNDLI, SONEPAT"
, RTGS Cr ECMS-UTIB0001263-cmrltd201lcu100835-R S ENTERPRISES-918020096600427,," 2,000,000.00",, 17/01/2026, UTIBR72026011700573534, FORT
, COMM ON LIQD OF IMP COLL BILL,,,-177, 17/01/2026, 612BC05260170005," KUNDLI, SONEPAT"
, RTGS Cr ECMS-CNRB0019260-CMRLTD201LCU101235-SUSHILA ENTERPRISES-92601010001293,," 1,800,000.00",, 17/01/2026, CNRBR52026011775138854, FORT
, FT Cr ECMS-CMRLTD201LCU100820-MOHINI INDUSTRIES-50200033588193,," 1,343,000.00",, 17/01/2026, NBDF07V5TKRN8UHQ," NETBANK, MUMBAI"
, RTGS Cr-IDFB0080101-NORTHERN ARC CAPITAL LIMITED-CMR GREEN TECHNOLOGIES-IDFBR62026011701512330,," 3,531,222.00",, 17/01/2026, IDFBR62026011701512330, FORT
, RTGS Cr ECMS-UTIB0002437-CMRGR1100LCU101541-MEHAK TRADING CASTING WORKS-922020029366131,," 810,000.00",, 17/01/2026, UTIBR72026011700577251, FORT
1/18/2026,Opening balance,"-65,620,997.81",,,,,
, RTGS Cr ECMS-INDB0000098-CMRGR1100LCU101717-MUSKAN METAL-256352300922,," 477,000.00",, 18/01/2026, INDBR32026011800520215, FORT
, RTGS Cr ECMS-UTIB0001263-cmrltd201lcu100835-R S ENTERPRISES-918020096600427,," 2,000,000.00",, 18/01/2026, UTIBR72026011800572400, FORT
, NEFT Cr ECMS-CNRB0000378-CMRGR1100LCU101545-GOYAL METAL AND ALLOYS-125004451390,," 1,800,000.00",, 18/01/2026, CNRBH00104450733, FORT
, NEFT Cr ECMS-UTIB0003112-CMRLTD151LCU101486-ADITYA ENTERPRISES-921020054868210,," 540,000.00",, 18/01/2026, AXOMB01802069657, FORT
, RTGS Cr ECMS-UTIB0002437-CMRLTD151LCU101262-MAHAKAL ENTERPRISES-921020020261421,," 600,000.00",, 18/01/2026, UTIBR72026011800573253, FORT
1/19/2026,Opening balance,"-60,203,997.81",,,,,
, RTGS Cr-UJVN0002204-PRIME METALLURGICAL ENTERPRISES-CMR GREEN TECHNOLOGIES LIMITED-UJVNR92026011900828166,," 286,000.00",, 19/01/2026, UJVNR92026011900828166, FORT
, FT Cr ECMS-CMRGR1100LCU101958-ALF METALS-50200069457979,," 561,338.00",, 19/01/2026, HDFC055A196B2CE8," NETBANK, MUMBAI"
, IMPS CR ECMS-9211-CMRGR1100LCU101110-OMNAMOMETAL-922020066935237,," 420,000.00",, 19/01/2026, 601993304774, FARIDABAD HARYANA
, RTGS Cr ECMS-KKBK0000958-CMRGR1100LCU100496-GMC ENTERPRISES-0747497392,," 1,600,000.00",, 19/01/2026, KKBKR12026011900682543, FORT
, RTGS Cr ECMS-KKBK0000958-CMRGR1100LCU100496-GMC ENTERPRISES-0747497392,," 1,409,000.00",, 19/01/2026, KKBKR12026011900682700, FORT
, RTGS Cr ECMS-KVBL0002101-CMRGR1100LCU100305-SARA METAL-4204280000000512,," 255,000.00",, 19/01/2026, KVBLR52026011963364600, FORT
, RTGS Cr ECMS-ICIC0000011-CMRLTD151LCU101303-DEEPAK TRADERS-036705501505,," 2,742,000.00",, 19/01/2026, ICICR42026011900505134, FORT
, RTGS Cr ECMS-SBIN0001157-CMRGR1100LCU101897-SHREE SHYAM ENTERPRISES-44329469268,," 950,000.00",, 19/01/2026, SBINR52026011913310312, FORT
, IMPS CR ECMS-9015-CMRLTD201LCU101235-SUSHILA ENTERPRISES-92601010001293,," 7,961.00",, 19/01/2026, 601910107077, FARIDABAD HARYANA
, COMM ON LIQD OF IMP COLL BILL,,,-177, 19/01/2026, 612BC05260150001," KUNDLI, SONEPAT"
, RTGS Cr ECMS-ICIC0000011-CMRGR1100LCU101814-SHRADDHA BRASS PRODUCTS-263105500393,," 5,000,000.00",, 19/01/2026, ICICR42026011900510296, FORT
, RTGS Cr ECMS-ICIC0000011-CMRGR1100LCU101814-SHRADDHA BRASS PRODUCTS-263105500393,," 1,566,020.00",, 19/01/2026, ICICR42026011900510301, FORT
, RTGS Cr ECMS-ICIC0000011-CMRGR1100LCU101814-SHRADDHA BRASS PRODUCTS-263105500393,," 5,000,000.00",, 19/01/2026, ICICR42026011900510298, FORT
, RTGS Cr ECMS-ICIC0000011-CMRGR1100LCU101814-SHRADDHA BRASS PRODUCTS-263105500393,," 5,000,000.00",, 19/01/2026, ICICR42026011900510300, FORT
, FT Cr ECMS-CMRGE1100LCU101964-SHREE RADHA ENTERPRISE-50200066931940,," 1,000.00",, 19/01/2026, NBGV3LGDD0STV2WH," NETBANK, MUMBAI"
, IMPS CR ECMS-9024-CMRLTD201LCU100256-INDIAN METAL SCRAP-08281131002695,," 100,000.00",, 19/01/2026, 601912740704, FARIDABAD HARYANA
, FT Cr ECMS-CMRGR1100LCU101563-SHRIDHAR METALS AND ALLOYS-50200037533291,," 8,600,000.00",, 19/01/2026, 601198828158," NETBANK, MUMBAI"
, FT CR ECMS-CMRGR1100LCU101958-ALF METALS-50200069457979,," 540,000.00",, 19/01/2026, 000039, SIKRI
, IMPS CR ECMS-9052-CMRGR1100LCU101769-AMAN ENTERPRISES-0667202500004701,," 47,000.00",, 19/01/2026, 601934183700, FARIDABAD HARYANA
, ODEX INDIA SOL-1100B0226013080,,,"-1,930,076.44", 19/01/2026, HDFCH00747476487," NETBANK, MUMBAI"
, Orient Oversea-1100B0226013087,,,"-151,909.31", 19/01/2026, HDFCH00747476489," NETBANK, MUMBAI"
, ODEX INDIA SOL-1100B0226013086,,,"-2,215,544.40", 19/01/2026, HDFCH00747477397," NETBANK, MUMBAI"
, Hapag Lloyd In-1100B0226012912,,,"-231,329.56", 19/01/2026, HDFCH00747475534," NETBANK, MUMBAI"
, FT Cr ECMS-CMRGE1100LCU101792-TTK ASSOCIATION-50200105979507,," 50,000.00",, 19/01/2026, HDFCA1BEB5609D61," NETBANK, MUMBAI"
, RTGS Cr ECMS-UTIB0001263-cmrltd201lcu100835-R S ENTERPRISES-918020096600427,," 200,000.00",, 19/01/2026, UTIBR72026011900575852, FORT
, KOTAK SECURITI-1100B0226013097,,,"-20,000,000.00", 19/01/2026, HDFCH00747707096," NETBANK, MUMBAI"
, SWASTIK INTERN-1100B0226013024,,,"-5,423,862.57", 19/01/2026, HDFCH00747710830," NETBANK, MUMBAI"
, FERVENT GLOBAL-1100B0226013039,,,"-3,678,780.82", 19/01/2026, HDFCH00747709823," NETBANK, MUMBAI"
, SHARMA METAL-1100B0226013050,,,"-6,038,232.01", 19/01/2026, HDFCH00747709676," NETBANK, MUMBAI"
, MULTI MODAL OV-1100B0226013030,,,"-2,943,609.74", 19/01/2026, HDFCH00747709682," NETBANK, MUMBAI"
, BALAJI TRADING-1100B0226013045,,,"-2,604,403.05", 19/01/2026, 601198688310," NETBANK, MUMBAI"
, METALOR GREEN-1100B0226013058,,,"-5,122,685.88", 19/01/2026, HDFCH00747709684," NETBANK, MUMBAI"
, TERRA91 INTERN-1100B0226013057,,,"-11,288,217.60", 19/01/2026, HDFCH00747710865," NETBANK, MUMBAI"
, MARWADI METALL-1100B0226013032,,,"-4,849,215.00", 19/01/2026, HDFCH00747709687," NETBANK, MUMBAI"
, Shri Balaji Me-1100B0226013011,,,"-4,911,977.83", 19/01/2026, 601198688235," NETBANK, MUMBAI"
, ARYA STEELS-1100B0226013055,,,"-11,646,024.37", 19/01/2026, HDFCH00747709692," NETBANK, MUMBAI"
, COMM ON LIQD OF IMP COLL BILL,,,-177, 19/01/2026, 612BC05260190002," KUNDLI, SONEPAT"
, COMM ON LIQD OF IMP COLL BILL,,,-177, 19/01/2026, 612BC05260190003," KUNDLI, SONEPAT"
, Ankit Enterpri-1100B0226012951,,,"-14,038.22", 19/01/2026, 601198681190," NETBANK, MUMBAI"
, FT-BPCINC249027-Bharat Petroleum Corpn Ltd (Rewari),,,"-1,900,215.48", 19/01/2026, 601198672094," NETBANK, MUMBAI"
, SAI INDUSTRIAL-1100B0226012980,,,"-8,614.00", 19/01/2026, 601198681176," NETBANK, MUMBAI"
, SAI INDUSTRIAL-1100B0226012961,,,"-4,153.60", 19/01/2026, 601198681131," NETBANK, MUMBAI"
, WATRANA RENTAL-1100B0226012962,,,"-562,600.00", 19/01/2026, 601198681133," NETBANK, MUMBAI"
, SUSHIL SINGH -1100B0226012969,,,"-54,000.00", 19/01/2026, 601198681150," NETBANK, MUMBAI"
, WASTE TO ENERG-1100B0226012979,,,"-1,373,903.44", 19/01/2026, 601198681174," NETBANK, MUMBAI"
, Shib Dass So-1100B0226012937,,,"-192,045.88", 19/01/2026, 601198671154," NETBANK, MUMBAI"
, FINETECH MATER-1100B0226012968,,,"-21,330.86", 19/01/2026, 601198681148," NETBANK, MUMBAI"
, NPR ASSOCIATES-1100B0226012939,,,"-55,554.30", 19/01/2026, 601198673083," NETBANK, MUMBAI"
, RADHE KRISHNA -1100B0226012976,,,"-7,928.00", 19/01/2026, HDFCH00747827801," NETBANK, MUMBAI"
, TONER TECHNOLO-1100B0226012964,,,"-4,640.00", 19/01/2026, HDFCH00747822683," NETBANK, MUMBAI"
, Media Solution-1100B0226012941,,,"-40,500.00", 19/01/2026, HDFCH00747824591," NETBANK, MUMBAI"
, Jyoti Engineer-1100B0226012949,,,"-31,624.00", 19/01/2026, HDFCH00747824600," NETBANK, MUMBAI"
, Industrial Fir-1100B0226012952,,,"-11,462.52", 19/01/2026, HDFCH00747826342," NETBANK, MUMBAI"
, ZETWERK MANUFA-1100B0226012943,,,"-1,760,842.39", 19/01/2026, HDFCH00747827810," NETBANK, MUMBAI"
, LARSEN TOUBR-1100B0226012966,,,"-543,695.00", 19/01/2026, HDFCH00747826792," NETBANK, MUMBAI"
, MONAD ELECTRON-1100B0226012940,,,"-18,113.00", 19/01/2026, HDFCH00747826380," NETBANK, MUMBAI"
, G.C. Cargo Mov-1100B0226012953,,,"-533,344.50", 19/01/2026, HDFCH00747828697," NETBANK, MUMBAI"
, Davy Air Servi-1100B0226012990,,,"-116,767.12", 19/01/2026, HDFCH00747826391," NETBANK, MUMBAI"
, Pyrotek India -1100B0226012946,,,"-56,415.15", 19/01/2026, HDFCH00747827835," NETBANK, MUMBAI"
, HITECH BEARING-1100B0226012973,,,-0.34, 19/01/2026, HDFCH00747826807," NETBANK, MUMBAI"
, VEDA INSTRUMEN-1100B0226012978,,,"-66,552.00", 19/01/2026, HDFCH00747824632," NETBANK, MUMBAI"
, LUCKY AUTO ELE-1100B0226012985,,,"-23,888.70", 19/01/2026, HDFCH00747824640," NETBANK, MUMBAI"
, Bharti Airtel -1100B0226012956,,,"-31,900.00", 19/01/2026, HDFCH00747827847," NETBANK, MUMBAI"
, Arte Engineeri-1100B0226012989,,,"-6,946.10", 19/01/2026, HDFCH00747826426," NETBANK, MUMBAI"
, AIRA CAIR EL-1100B0226012960,,,"-2,867.40", 19/01/2026, HDFCH00747825259," NETBANK, MUMBAI"
, VCS ENTERPRISE-1100B0226012988,,,"-56,642.14", 19/01/2026, HDFCH00747824655," NETBANK, MUMBAI"
, M S JUPITER PE-1100B0226012974,,,"-2,164,431.78", 19/01/2026, HDFCH00747824673," NETBANK, MUMBAI"
, UNIKOM IT SOLU-1100B0226012977,,,"-7,605.00", 19/01/2026, HDFCH00747824674," NETBANK, MUMBAI"
, Bharti Airtel -1100B0226012954,,,"-43,415.74", 19/01/2026, HDFCH00747824675," NETBANK, MUMBAI"
, NAVIN CORPORAT-1100B0226012959,,,"-24,024.80", 19/01/2026, HDFCH00747826441," NETBANK, MUMBAI"
, Kamal Lakhani -1100B0226012945,,,"-1,188.00", 19/01/2026, HDFCH00747827873," NETBANK, MUMBAI"
, VIJAY TRADING-1100B0226012957,,,"-5,416.20", 19/01/2026, HDFCH00747826847," NETBANK, MUMBAI"
, BOMBAY STATION-1100B0226012955,,,"-9,114.20", 19/01/2026, HDFCH00747824685," NETBANK, MUMBAI"
, SARU AIKOH CHE-1100B0226012965,,,"-62,864.50", 19/01/2026, HDFCH00747824689," NETBANK, MUMBAI"
, SHREEJI COMPUT-1100B0226012975,,,"-2,340.00", 19/01/2026, HDFCH00747826867," NETBANK, MUMBAI"
, Foseco India L-1100B0226012947,,,"-126,555.00", 19/01/2026, HDFCH00747828794," NETBANK, MUMBAI"
, BDO INDIA SERV-1100B0226012981,,,"-32,400.00", 19/01/2026, HDFCH00747826875," NETBANK, MUMBAI"
, Ganesh Trading-1100B0226012958,,,"-2,690.40", 19/01/2026, HDFCH00747829700," NETBANK, MUMBAI"
, MAKE MY TRIP -1100B0226012963,,,"-27,900.01", 19/01/2026, HDFCH00747825286," NETBANK, MUMBAI"
, P.J. Networks -1100B0226012948,,,"-22,420.00", 19/01/2026, HDFCH00747825297," NETBANK, MUMBAI"
, MAKE MY TRIP -1100B0226012986,,,"-595,732.11", 19/01/2026, HDFCH00747826496," NETBANK, MUMBAI"
, Hind Terminals-1100B0226012950,,,"-11,136.00", 19/01/2026, HDFCH00747825301," NETBANK, MUMBAI"
, ZETWERK MANUFA-1100B0226012942,,,"-919,344.11", 19/01/2026, HDFCH00747829726," NETBANK, MUMBAI"
, MARSH MCLENNAN-1100B0226012982,,,"-540,000.00", 19/01/2026, HDFCH00747829731," NETBANK, MUMBAI"
, AXONAS TECHNOL-1100B0226012967,,,"-153,900.00", 19/01/2026, HDFCH00747829740," NETBANK, MUMBAI"
, GMR LOGISTICS-1100B0226012971,,,"-794,442.37", 19/01/2026, HDFCH00747826514," NETBANK, MUMBAI"
, HALOL DIGITAL-1100B0226012972,,,"-24,337.50", 19/01/2026, HDFCH00747826520," NETBANK, MUMBAI"
, GAMLAA BIOSCAP-1100B0226012970,,,"-70,977.60", 19/01/2026, HDFCH00747826915," NETBANK, MUMBAI"
, Pyrotek India -1100B0226012991,,,"-102,573.00", 19/01/2026, HDFCH00747830853," NETBANK, MUMBAI"
, VICKY TRADERS-1100B0226013022,,,"-32,143.20", 19/01/2026, HDFCH00747830854," NETBANK, MUMBAI"
, SETH AIR PRODU-1100B0226013029,,,"-2,891.00", 19/01/2026, HDFCH00747830873," NETBANK, MUMBAI"
, DEVDEEP ENTERP-1100B0226013036,,,"-186,407.33", 19/01/2026, HDFCH00747829903," NETBANK, MUMBAI"
, JASAWAT INDUST-1100B0226013023,,,"-348,958.00", 19/01/2026, HDFCH00747829315," NETBANK, MUMBAI"
, Raman Electric-1100B0226012993,,,"-67,214.45", 19/01/2026, HDFCH00747827247," NETBANK, MUMBAI"
, ZIRCAR REFRACT-1100B0226013046,,,"-54,280.00", 19/01/2026, 601198688312," NETBANK, MUMBAI"
, CHETAN GLOBAL-1100B0226013038,,,"-2,398,469.45", 19/01/2026, HDFCH00747829330," NETBANK, MUMBAI"
, Shree Balaji T-1100B0226013009,,,"-351,165.98", 19/01/2026, HDFCH00747829332," NETBANK, MUMBAI"
, GLOBAL LOGISTI-1100B0226013043,,,"-24,377.94", 19/01/2026, 601198688306," NETBANK, MUMBAI"
, LOGISNEXT INDI-1100B0226013037,,,"-357,280.00", 19/01/2026, HDFCH00747829337," NETBANK, MUMBAI"
, Prahlad Rai Ma-1100B0226013004,,,"-1,407,019.01", 19/01/2026, HDFCH00747829921," NETBANK, MUMBAI"
, R Infotech Sof-1100B0226012997,,,"-1,239.00", 19/01/2026, HDFCH00747829922," NETBANK, MUMBAI"
, JAI MAA LOGIST-1100B0226013042,,,"-6,876.11", 19/01/2026, 601198688304," NETBANK, MUMBAI"
, Bhavya Enginee-1100B0226013016,,,"-11,700.00", 19/01/2026, HDFCH00747829929," NETBANK, MUMBAI"
, Davy Air Servi-1100B0226013008,,,"-194,013.96", 19/01/2026, HDFCH00747825435," NETBANK, MUMBAI"
, WATRANA RENTAL-1100B0226013027,,,"-556,438.28", 19/01/2026, 601198688269," NETBANK, MUMBAI"
, Tetra Tekseal -1100B0226012999,,,"-25,488.00", 19/01/2026, HDFCH00747829934," NETBANK, MUMBAI"
, IQMS PRIVATE L-1100B0226013025,,,"-6,380.00", 19/01/2026, 601198688265," NETBANK, MUMBAI"
, Devirosh Group-1100B0226013002,,,"-285,265.00", 19/01/2026, HDFCH00747829359," NETBANK, MUMBAI"
, VASHISTH ENTER-1100B0226013028,,,"-4,092.24", 19/01/2026, HDFCH00747827273," NETBANK, MUMBAI"
, Sangam Hardwar-1100B0226012994,,,"-95,898.60", 19/01/2026, 601198688316," NETBANK, MUMBAI"
, Mehershri Sunr-1100B0226012998,,,"-489,732.72", 19/01/2026, HDFCH00747829942," NETBANK, MUMBAI"
, R J ENTERPRISE-1100B0226013040,,,"-122,413.70", 19/01/2026, HDFCH00747825464," NETBANK, MUMBAI"
, Rainbow Paints-1100B0226012992,,,"-49,565.90", 19/01/2026, 601198688271," NETBANK, MUMBAI"
, SUPRABHA PROTE-1100B0226013044,,,"-86,494.00", 19/01/2026, HDFCH00747828295," NETBANK, MUMBAI"
, Bala Ji Cranes-1100B0226013007,,,"-29,250.00", 19/01/2026, HDFCH00747830960," NETBANK, MUMBAI"
, MITTAL TECHNOP-1100B0226013035,,,"-449,873.82", 19/01/2026, 601198688287," NETBANK, MUMBAI"
, HYDRO OIL FILT-1100B0226013019,,,"-26,676.00", 19/01/2026, HDFCH00747829951," NETBANK, MUMBAI"
, Industrial Fir-1100B0226013013,,,"-45,278.55", 19/01/2026, HDFCH00747829398," NETBANK, MUMBAI"
, Linde India Li-1100B0226013003,,,"-10,110.24", 19/01/2026, HDFCH00747827313," NETBANK, MUMBAI"
, FINETECH MATER-1100B0226013033,,,"-120,060.20", 19/01/2026, 601198688283," NETBANK, MUMBAI"
, PARAS OIL DIST-1100B0226013018,,,"-1,276,641.84", 19/01/2026, HDFCH00747830980," NETBANK, MUMBAI"
, Allied Refract-1100B0226013012,,,"-8,700.00", 19/01/2026, HDFCH00747827319," NETBANK, MUMBAI"
, HITECH BEARING-1100B0226013041,,,"-191,832.91", 19/01/2026, HDFCH00747830988," NETBANK, MUMBAI"
, Icon Engineers-1100B0226013014,,,"-14,625.00", 19/01/2026, HDFCH00747827321," NETBANK, MUMBAI"
, DURGA TRADERS-1100B0226013026,,,"-52,512.36", 19/01/2026, HDFCH00747827323," NETBANK, MUMBAI"
, Mahesh Agencie-1100B0226013017,,,"-21,476.00", 19/01/2026, HDFCH00747829965," NETBANK, MUMBAI"
, Max Spare Limi-1100B0226013006,,,"-17,964.28", 19/01/2026, HDFCH00747827326," NETBANK, MUMBAI"
, Pacific Electr-1100B0226013010,,,"-11,682.00", 19/01/2026, HDFCH00747827327," NETBANK, MUMBAI"
, Bharti Airtel -1100B0226013015,,,"-35,670.00", 19/01/2026, HDFCH00747829980," NETBANK, MUMBAI"
, Dagar Enterpri-1100B0226013020,,,"-1,005,884.00", 19/01/2026, HDFCH00747827339," NETBANK, MUMBAI"
, Schutz Carbon -1100B0226013000,,,"-56,050.00", 19/01/2026, HDFCH00747827341," NETBANK, MUMBAI"
, RAVI METALS P-1100B0226013031,,,"-1,663,796.65", 19/01/2026, HDFCH00747827358," NETBANK, MUMBAI"
, S.P. Decorator-1100B0226012996,,,"-39,661.30", 19/01/2026, HDFCH00747827363," NETBANK, MUMBAI"
, Shri Ganesh Tr-1100B0226013001,,,"-7,789.18", 19/01/2026, HDFCH00747827365," NETBANK, MUMBAI"
, JINDAL STEEL T-1100B0226013021,,,"-1,492,484.39", 19/01/2026, HDFCH00747828369," NETBANK, MUMBAI"
, Shree Ram Ente-1100B0226012995,,,"-3,540.00", 19/01/2026, HDFCH00747830004," NETBANK, MUMBAI"
, WORTH OF WASTE-1100B0226013034,,,"-1,274,971.78", 19/01/2026, HDFCH00747829582," NETBANK, MUMBAI"
, M.S. Engineeri-1100B0226013005,,,"-52,956.48", 19/01/2026, HDFCH00747831279," NETBANK, MUMBAI"
, FT-HDERRC100698844034-HDFC ERGO GENERAL INSURANCE CO. LTD,,,-31, 19/01/2026, 601199131402," NETBANK, MUMBAI"
, WASTE TO ENERG-1100B0226013056,,,"-1,232,022.58", 19/01/2026, 601198688336," NETBANK, MUMBAI"
, STAR WIRE IND-1100B0226013047,,,-812, 19/01/2026, 601198688314," NETBANK, MUMBAI"
, Jubi Pack-1100B0226013067,,,"-150,199.43", 19/01/2026, 601198733013," NETBANK, MUMBAI"
, ARMAN TRANSPOR-1100B0226013053,,,"-12,367.18", 19/01/2026, 601198688329," NETBANK, MUMBAI"
, SEIMITSU FACTO-1100B0226013077,,,"-4,253.90", 19/01/2026, 601198732993," NETBANK, MUMBAI"
, PEE GEE TRADIN-1100B0226013048,,,"-1,614,700.86", 19/01/2026, 601198688318," NETBANK, MUMBAI"
, M S HINDUSTAN -1100B0226013103,,,"-2,397,623.15", 19/01/2026, 601198985992," NETBANK, MUMBAI"
, WASTE TO ENERG-1100B0226013078,,,-449.94, 19/01/2026, 601198732995," NETBANK, MUMBAI"
, BIMLA FLANGE -1100B0226013051,,,"-1,172,528.35", 19/01/2026, HDFCH00747834855," NETBANK, MUMBAI"
, Shah Coal Depo-1100B0226013064,,,"-18,152.50", 19/01/2026, HDFCH00747834865," NETBANK, MUMBAI"
, YADAV COOL POI-1100B0226013052,,,"-23,751.00", 19/01/2026, HDFCH00747835744," NETBANK, MUMBAI"
, BHARAT SCRAP F-1100B0226013054,,,"-1,376,497.61", 19/01/2026, HDFCH00747832975," NETBANK, MUMBAI"
, Hindustan Petr-1100B0226013063,,,"-27,010.20", 19/01/2026, HDFCH00747835763," NETBANK, MUMBAI"
, Shree Bhawal M-1100B0226013068,,,"-16,032.66", 19/01/2026, HDFCH00747832976," NETBANK, MUMBAI"
, KANHIYA GUPTA-1100B0226013072,,,"-104,400.00", 19/01/2026, HDFCH00747832032," NETBANK, MUMBAI"
, Akshara Enterp-1100B0226013081,,,"-2,631.40", 19/01/2026, HDFCH00747832033," NETBANK, MUMBAI"
, JAGDAMBA TRADI-1100B0226013083,,,"-237,824.05", 19/01/2026, HDFCH00747832035," NETBANK, MUMBAI"
, Brahm Rishi En-1100B0226013062,,,-368, 19/01/2026, HDFCH00747830594," NETBANK, MUMBAI"
, NILKAMAL LIMIT-1100B0226013069,,,"-41,359.00", 19/01/2026, HDFCH00747833875," NETBANK, MUMBAI"
, Bansal Reprogr-1100B0226013061,,,"-8,700.00", 19/01/2026, HDFCH00747832999," NETBANK, MUMBAI"
, AUTO RECYCLING-1100B0226013106,,,"-1,894,992.71", 19/01/2026, HDFCH00747832040," NETBANK, MUMBAI"
, OVERZEAL TRADE-1100B0226013049,,,"-1,437,695.78", 19/01/2026, HDFCH00747834929," NETBANK, MUMBAI"
, PARAS OIL DIST-1100B0226013071,,,"-923,642.75", 19/01/2026, HDFCH00747833007," NETBANK, MUMBAI"
, D K ENGG WORKS-1100B0226013075,,,"-53,395.00", 19/01/2026, HDFCH00747833878," NETBANK, MUMBAI"
, Shri Ganesh Tr-1100B0226013065,,,"-12,545.18", 19/01/2026, HDFCH00747830616," NETBANK, MUMBAI"
, Amar Jyoti Ind-1100B0226013060,,,"-4,882.50", 19/01/2026, HDFCH00747834983," NETBANK, MUMBAI"
, ATLAS COPCO I-1100B0226013076,,,"-19,720.00", 19/01/2026, HDFCH00747832055," NETBANK, MUMBAI"
, TIRUPATI TRADE-1100B0226013079,,,"-1,993,276.34", 19/01/2026, HDFCH00747832059," NETBANK, MUMBAI"
, Max Spare Limi-1100B0226013066,,,"-3,092.54", 19/01/2026, HDFCH00747835867," NETBANK, MUMBAI"
, M S GOLDEN ENT-1100B0226013105,,,"-1,258,961.94", 19/01/2026, HDFCH00747835873," NETBANK, MUMBAI"
, NEW DEV BHOOMI-1100B0226013073,,,"-4,500.00", 19/01/2026, HDFCH00747835881," NETBANK, MUMBAI"
, ATIF TRADING C-1100B0226013104,,,"-2,288,288.54", 19/01/2026, HDFCH00747835064," NETBANK, MUMBAI"
, MICROMAP ELECT-1100B0226013082,,,"-28,395.00", 19/01/2026, HDFCH00747835145," NETBANK, MUMBAI"
, Mahesh Agencie-1100B0226013070,,,"-1,083.24", 19/01/2026, HDFCH00747835176," NETBANK, MUMBAI"
, JAGDAMBA TRADI-1100B0226013074,,,"-8,477.12", 19/01/2026, HDFCH00747835897," NETBANK, MUMBAI"
, NEFT RETURN-NOT SPECIFIED REASON CUSTOMER GENERATED-KANHIYA GUPTA-ICICN92026011900196522,," 104,400.00",, 19/01/2026, HDFCH00747832032, FORT
, INW 190126I049901167 USD51079.0@90.88,," 4,642,059.52",, 19/01/2026, 190126204484," NETBANK, MUMBAI"
, 190126I049901167 DPO2601938109588 IGST,,,"-1,645.57", 19/01/2026, 190126204491," NETBANK, MUMBAI"
, 57500000386472-1240 to cmr tech 6472,,,"-25,000.00", 19/01/2026, 601199201301," NETBANK, MUMBAI"
, RTGS Cr-KKBK0000958-CMR Green Technolgies Limited-CMR Green Technolgies Limited-KKBKR52026011900200261,," 40,088,964.87",, 19/01/2026, KKBKR52026011900200261, CMS TF WBO MUMBAI
, INW 170126I049900793 USD11508.0@90.88,," 1,045,847.04",, 19/01/2026, 190126229706," NETBANK, MUMBAI"
, 170126I049900793 DPO2601938102115 IGST,,,-998.25, 19/01/2026, 190126229718," NETBANK, MUMBAI"
, RTGS Cr ECMS-CBIN0280278-CMRLTD201LCU101105-K P S PRODUCTS-00000003389254474,," 2,500,000.00",, 19/01/2026, CBINR52026011910027016, FORT
, CMS IT SERVICE-1100B0226013110,,,"-130,476.00", 19/01/2026, HDFCH00748152380," NETBANK, MUMBAI"
, CMS IT SERVICE-1100B0226013109,,,"-107,023.00", 19/01/2026, HDFCH00748154262," NETBANK, MUMBAI"
, SWASTIK INTERN-1100B0226013059,,,"-1,508,854.93", 19/01/2026, HDFCH00748149539," NETBANK, MUMBAI"
, PRAGNESHKUMAR -1100B0226012987,,,"-81,499.58", 19/01/2026, HDFCH00748154789," NETBANK, MUMBAI"
, FIRST CARS PRI-1100B0226013108,,,"-26,085.78", 19/01/2026, HDFCH00748152388," NETBANK, MUMBAI"
, RTGS Cr ECMS-CNRB0019260-CMRGR1100LCU101620-RITIK TRADING COMPAN-120017944599,," 500,000.00",, 19/01/2026, CNRBR52026011975270157, FORT
, FT Cr ECMS-CMRGR1100LCU101832-MANOJ TRADING CO-50200077027440,," 4,624,184.00",, 19/01/2026, NB5J9UUQRUE4COHN," NETBANK, MUMBAI"
, GST/Bank Reference No: E2601969809080/CIN No: HDFC26010600090833,,,"-35,484.00", 19/01/2026,," NETBANK, MUMBAI"
, GST/Bank Reference No: E2601969809083/CIN No: HDFC26010600090915,,,"-35,484.00", 19/01/2026,," NETBANK, MUMBAI"
, NEFT Cr ECMS-CNRB0000378-CMRGR1100LCU101545-GOYAL METAL AND ALLOYS-125004451390,," 1,780,000.00",, 19/01/2026, CNRBH00104670505, FORT
, RTGS Cr-ICIC0099999-RICO AUTO INDUSTRIES LIMITED-CMR GREEN TECHNOLOGIES LIMITED-ICICR22026011913946660,," 8,823,421.90",, 19/01/2026, ICICR22026011913946660, FORT
, COMM ON IMPORT LC ISSUED,,,"-14,807.82", 19/01/2026, 612SBBC260190001," KUNDLI, SONEPAT"
, COMM ON IMPORT LC ISSUED,,,"-11,199.38", 19/01/2026, 612SBBC260190002," KUNDLI, SONEPAT"
, COMM ON IMPORT LC ISSUED,,,"-11,385.82", 19/01/2026, 612SBBC260190003," KUNDLI, SONEPAT"
, RTGS Cr ECMS-CNRB0019260-CMRGR1100LCU101620-RITIK TRADING COMPAN-120017944599,," 250,000.00",, 19/01/2026, CNRBR52026011975282711, FORT
1/20/2026,Opening balance,"-93,231,491.95",,,,,
, RTGS Cr-SCBL0036001-STEMIN SPA-CMR GREEN TECHNOLOGIES LTD-SCBLR12026012000955691,," 4,137,089.67",, 20/01/2026, SCBLR12026012000955691, FORT
, RTGS Cr ECMS-IDFB0021313-CMRGR1100LCU101255-RITIKA ENTERPRISES-10209542353,," 560,150.00",, 20/01/2026, IDFBR62026012001529048, FORT
, FT Cr ECMS-CMRGR1100LCU100767-PEEYUSH METAL-50200073483622,," 3,020,800.00",, 20/01/2026, 1426138591, CBX Internet System Mumbai
, FT Cr ECMS-CMRLTD201LCU100948-SARASWATI METAL AND ALLOY-50200100284162,," 580,000.00",, 20/01/2026, HDFC4C74239D7BDA," NETBANK, MUMBAI"
, IMPS CR ECMS-9211-CMRGR1100LCU101110-OMNAMOMETAL-922020066935237,," 420,000.00",, 20/01/2026, 602097180895, FARIDABAD HARYANA
, FT Cr ECMS-CMRLTD151LCU101434-AMIT ALLOYS COMPANY-99997635077350,," 193,300.00",, 20/01/2026, HDFC2A4AD4571C2F," NETBANK, MUMBAI"
, FT Cr ECMS-CMRLTD201LCU100820-MOHINI INDUSTRIES-50200033588193,," 1,343,000.00",, 20/01/2026, NB6XOTKIZ23DMD9T," NETBANK, MUMBAI"
, GST/Bank Reference No: E2602069857456/CIN No: HDFC26012400392632,,,"-187,666.00", 20/01/2026,," NETBANK, MUMBAI"
, GST/Bank Reference No: E2602069857457/CIN No: HDFC26010600151379,,,"-301,918.00", 20/01/2026,," NETBANK, MUMBAI"
, GST/Bank Reference No: E2602069858457/CIN No: HDFC26010900455656,,,"-180,944.00", 20/01/2026,," NETBANK, MUMBAI"
, IMPS CR ECMS-9015-CMRGR1100LCU101620-RITIK TRADING COMPAN-120017944599,," 500,000.00",, 20/01/2026, 602011379228, FARIDABAD HARYANA
, NEFT Cr-UJVN0002204-PRIME METALLURGICAL ENTERPRISES-CMR GREEN TECHNOLOGIES LIMITED-UJVNH26020096666,, 500.00,, 20/01/2026, UJVNH26020096666, FORT
, NEFT Cr-UJVN0002204-PRIME METALLURGICAL ENTERPRISES-CMR GREEN TECHNOLOGIES LIMITED-UJVNH26020096621,, 500.00,, 20/01/2026, UJVNH26020096621, FORT
, GST/Bank Reference No: E2602069873773/CIN No: HDFC26010500051736,,,"-79,310.00", 20/01/2026,," NETBANK, MUMBAI"
, GST/Bank Reference No: E2602069873776/CIN No: HDFC26010600152343,,,"-575,092.00", 20/01/2026,," NETBANK, MUMBAI"
, GST/Bank Reference No: E2602069876969/CIN No: HDFC26010500055296,,,"-5,345,395.00", 20/01/2026,," NETBANK, MUMBAI"
, GST/Bank Reference No: E2602069876968/CIN No: HDFC26010500055280,,,"-5,345,395.00", 20/01/2026,," NETBANK, MUMBAI"
, Maersk Line In-1100B0226013150,,,"-131,286.80", 20/01/2026, HDFCH00749368755," NETBANK, MUMBAI"
, Maersk Line In-1100B0226013129,,,"-75,413.80", 20/01/2026, HDFCH00749364509," NETBANK, MUMBAI"
, ODEX INDIA SOL-1100B0226013153,,,"-709,644.68", 20/01/2026, HDFCH00749366540," NETBANK, MUMBAI"
, RTGS Cr ECMS-ICIC0003581-CMRGR1100LSU102994-U P GREEN RECYCLING CO-358105500284,," 1,100,000.00",, 20/01/2026, ICICR52026012000643156, FORT
, IMPS CR ECMS-9052-CMRGR1100LCU101769-AMAN ENTERPRISES-0667202500004701,," 26,600.00",, 20/01/2026, 602034392444, FARIDABAD HARYANA
, IMPS CR ECMS-9052-CMRGR1100LCU101769-AMAN ENTERPRISES-0667202500004701,," 21,000.00",, 20/01/2026, 602034394209, FARIDABAD HARYANA
, RTGS Cr ECMS-YESB0000001-CMRGR1100LCU101732-DAUJI METAL INDUSTRIES-011227000000146,," 1,027,000.00",, 20/01/2026, YESBR12026012000022549, FORT
, 0002372161-19 01 2026-HDFC6416,," 12,058,471.20",, 20/01/2026, 601199584870," NETBANK, MUMBAI"
, FT Cr ECMS-CMRLTD151LCU101331-J B TRADING-50200083168153,," 47,000.00",, 20/01/2026, HDFCE26935681AB6," NETBANK, MUMBAI"
, COMM ON LIQD OF IMP COLL BILL,,,-177, 20/01/2026, 612BC05260200001," KUNDLI, SONEPAT"
, RTGS Cr ECMS-IDFB0020126-CMRLTD201LCU100869-K K Steels-10209767988,," 744,875.00",, 20/01/2026, IDFBR62026012001534189, FORT
, RTGS Cr ECMS-ICIC0099999-CMRGR1100LCU101770-JP JINDAL RECYCLING PRIVATE LI-629605501089,," 6,000,000.00",, 20/01/2026, ICICR22026012013959205, FORT
, HDFC ERGO GENE-2002708305,," 90,308.00",, 20/01/2026, 601200310079," NETBANK, MUMBAI"
, RTGS Cr ECMS-IDIB000K796-CMRGR1100LCU101732-DAUJI METAL INDUSTRIES-00000007776647636,," 3,960,000.00",, 20/01/2026, IDIBR52026012049899717, FORT
, 12540310000177-177,,,"-8,900,000.00", 20/01/2026, 601200347303," NETBANK, MUMBAI"
, IMPS CR ECMS-9015-CMRGR1100LCU100174-AARTI ENTERPRISES-8430201000281,," 400,000.00",, 20/01/2026, 602015464283, FARIDABAD HARYANA
, NEFT Cr ECMS-IOBA0001450-CMRGR1100LCU100984-VINAYAK INDUSTRIES-145002000001334,," 2,289,000.00",, 20/01/2026, IOBAN26020671922, FORT
, FT Cr ECMS-CMRLTD151LCU101557-S G M METAL COMPANY-50200085699296,," 1,570,495.00",, 20/01/2026, NB0XC53TMFNGAIMU," NETBANK, MUMBAI"
, ODEX INDIA SOL-1100B0226013171,,,"-17,700.00", 20/01/2026, HDFCH00749957233," NETBANK, MUMBAI"
, ODEX INDIA SOL-1100B0226013219,,,"-75,010.80", 20/01/2026, HDFCH00749952723," NETBANK, MUMBAI"
, RTGS Cr ECMS-CNRB0019260-CMRGR1100LCU101620-RITIK TRADING COMPANY-120017944599,," 1,000,000.00",, 20/01/2026, CNRBR52026012075349499, FORT
, Dinesh Kumar-1100B0226013178,,,-327.5, 20/01/2026, HDFCH00749963296," NETBANK, MUMBAI"
, Deen Mohammad-1100B0226013177,,,"-1,378.22", 20/01/2026, HDFCH00749961585," NETBANK, MUMBAI"
, Narendra Das-1100B0226013180,,,"-10,006.00", 20/01/2026, HDFCH00749958881," NETBANK, MUMBAI"
, Sanjay Kumar S-1100B0226013187,,,"-3,000.00", 20/01/2026, HDFCH00749963311," NETBANK, MUMBAI"
, Mukesh Tiwari-1100B0226013196,,,"-2,726.00", 20/01/2026, HDFCH00749961613," NETBANK, MUMBAI"
, SANJAY SINGH-1100B0226013197,,,"-8,169.00", 20/01/2026, HDFCH00749965202," NETBANK, MUMBAI"
, Rishabh Saini-1100B0226013203,,,"-1,695.00", 20/01/2026, HDFCH00749962570," NETBANK, MUMBAI"
, Sachin Dudeja-1100B0226013179,,,"-3,900.00", 20/01/2026, HDFCH00749963321," NETBANK, MUMBAI"
, Sanjay Dubey-1100B0226013205,,,"-7,003.00", 20/01/2026, HDFCH00749961732," NETBANK, MUMBAI"
, Mukesh Kumar J-1100B0226013184,,,"-4,723.00", 20/01/2026, HDFCH00749965957," NETBANK, MUMBAI"
, Dharmendra Sai-1100B0226013186,,,"-1,065.00", 20/01/2026, HDFCH00749962604," NETBANK, MUMBAI"
, VISHAL CHAUHAN-1100B0226013208,,,"-2,096.00", 20/01/2026, HDFCH00749962615," NETBANK, MUMBAI"
, Jaswant Sharma-1100B0226013176,,,"-16,756.00", 20/01/2026, HDFCH00749965243," NETBANK, MUMBAI"
, Ankush Gupta-1100B0226013198,,,-463, 20/01/2026, HDFCH00749965996," NETBANK, MUMBAI"
, Pradeep Singh -1100B0226013199,,,-156, 20/01/2026, HDFCH00749961746," NETBANK, MUMBAI"
, Prateek Rai-1100B0226013213,,,-340, 20/01/2026, HDFCH00749962626," NETBANK, MUMBAI"
, Piyush Jain-1100B0226013204,,,-161, 20/01/2026, HDFCH00749962638," NETBANK, MUMBAI"
, Naveen Kumar-1100B0226013181,,,"-8,700.00", 20/01/2026, HDFCH00749962650," NETBANK, MUMBAI"
, Dipak Topiwala-1100B0226013202,,,-947, 20/01/2026, 601200342261," NETBANK, MUMBAI"
, Deepak Kumar-1100B0226013201,,,-658.49, 20/01/2026, HDFCH00749962651," NETBANK, MUMBAI"
, FT-HDFC555122767-HAPPAY POOL ACCOUNT CMRG,,,"-25,155.76", 20/01/2026, 601200342202," NETBANK, MUMBAI"
, Aditi Singh-1100B0226013190,,,"-14,669.08", 20/01/2026, HDFCH00749963359," NETBANK, MUMBAI"
, Amit Kumar Vis-1100B0226013183,,,"-3,558.00", 20/01/2026, 601200342304," NETBANK, MUMBAI"
, Rudra Narayan -1100B0226013214,,,"-1,662.00", 20/01/2026, HDFCH00749963366," NETBANK, MUMBAI"
, mohd rafique-1100B0226013188,,,-119, 20/01/2026, HDFCH00749962678," NETBANK, MUMBAI"
, Parveen-1100B0226013200,,,"-2,508.00", 20/01/2026, HDFCH00749962684," NETBANK, MUMBAI"
, Rahul Malake-1100B0226013216,,,"-1,270.00", 20/01/2026, 601200342293," NETBANK, MUMBAI"
, Ashish Jasvant-1100B0226013207,,,"-25,000.00", 20/01/2026, HDFCH00749964632," NETBANK, MUMBAI"
, Ashish Kumar G-1100B0226013194,,,"-2,695.00", 20/01/2026, 601200342243," NETBANK, MUMBAI"
, Atul singh-1100B0226013215,,,"-1,206.55", 20/01/2026, HDFCH00749966026," NETBANK, MUMBAI"
, VedPrakash Pra-1100B0226013192,,,"-1,151.00", 20/01/2026, HDFCH00749963386," NETBANK, MUMBAI"
, Nitin Verma-1100B0226013210,,,"-6,001.00", 20/01/2026, 601200342279," NETBANK, MUMBAI"
, Abhishek Gupta-1100B0226013185,,,-400, 20/01/2026, HDFCH00749961784," NETBANK, MUMBAI"
, Durgesh Naraya-1100B0226013212,,,"-3,642.00", 20/01/2026, HDFCH00749965305," NETBANK, MUMBAI"
, Amit kumar Sin-1100B0226013206,,,"-4,240.00", 20/01/2026, 601200342271," NETBANK, MUMBAI"
, Ravi Kant sing-1100B0226013211,,,"-2,937.90", 20/01/2026, 601200342281," NETBANK, MUMBAI"
, Ajay Kumar Pra-1100B0226013209,,,"-12,424.50", 20/01/2026, 601200342277," NETBANK, MUMBAI"
, Yashwant-1100B0226013182,,,-708, 20/01/2026, HDFCH00749963400," NETBANK, MUMBAI"
, Sandeep Bhadau-1100B0226013191,,,"-1,500.00", 20/01/2026, 601200342232," NETBANK, MUMBAI"
, Avnish Pal-1100B0226013195,,,"-12,184.34", 20/01/2026, 601200342245," NETBANK, MUMBAI"
, Sunil Kumar-1100B0226013189,,,"-1,191.65", 20/01/2026, 601200342224," NETBANK, MUMBAI"
, Naveen Kumar Y-1100B0226013193,,,"-5,925.00", 20/01/2026, 601200342237," NETBANK, MUMBAI"
, Kenbar Auto Pv-1100B0226013162,,,"-142,217.00", 20/01/2026, 601200128434," NETBANK, MUMBAI"
, LOCAL BILL DISCOUNTED,," 45,736,169.32",, 20/01/2026, 612SB04260200003," KUNDLI, SONEPAT"
, 57500000540028-40028,,,"-50,000,000.00", 20/01/2026, 601200521723," NETBANK, MUMBAI"
, LOCAL BILL DISCOUNTED,," 46,779,518.16",, 20/01/2026, 612SB04260200004," KUNDLI, SONEPAT"
, LOCAL BILL DISCOUNTED,," 18,719,893.76",, 20/01/2026, 612SB04260200005," KUNDLI, SONEPAT"
, LOCAL BILL DISCOUNTED,," 27,111,531.64",, 20/01/2026, 612SB04260200006," KUNDLI, SONEPAT"
, LIQUIDATION OF IMP COLL BILL,,,"-3,082,973.43", 20/01/2026, 612BC05260070001," KUNDLI, SONEPAT"
, LOCAL BILL DISCOUNTED,," 9,300,268.08",, 20/01/2026, 612SB04260200007," KUNDLI, SONEPAT"
, LOCAL BILL DISCOUNTED,," 13,207,173.08",, 20/01/2026, 612SB04260200008," KUNDLI, SONEPAT"
, LOCAL BILL DISCOUNTED,," 13,029,676.71",, 20/01/2026, 612SB04260200009," KUNDLI, SONEPAT"
, FT Cr ECMS-CMRGR1100LCU101842-VISHNU VIHAN FUTURE WORLD-50200102162927,," 2,000,000.00",, 20/01/2026, NBXYDXPHCW37QVUX," NETBANK, MUMBAI"
, FT Cr ECMS-CMRGR1100LCU101842-VISHNU VIHAN FUTURE WORLD-50200102162927,," 360,000.00",, 20/01/2026, HDFCD138375196BC," NETBANK, MUMBAI"
, GST/Bank Reference No: E2602070013678/CIN No: HDFC26010600192515,,,-400, 20/01/2026,," NETBANK, MUMBAI"
, 00930310001274-1274,,,"-50,000,000.00", 20/01/2026, 601200813056," NETBANK, MUMBAI"
," RTGS Dr-SBIN0004298-CENTURYMETALRECYCLINGPVTLTD-NETBANK, MUM-HDFCR52026012059395960",,,"-120,000,000.00", 20/01/2026, HDFCR52026012059395960," NETBANK, MUMBAI"
, RTGS Cr-SCBL0036001-ENDURANCE TECHNOLOGIES LIMITED-CMR GREEN TECHNOLOGIES LIMITED-SCBLR12026012000819328,," 21,971,087.73",, 20/01/2026, SCBLR12026012000819328, FORT
, GST/Bank Reference No: E2602070018555/CIN No: HDFC26010600154210,,,"-1,051,972.00", 20/01/2026,," NETBANK, MUMBAI"
, GST/Bank Reference No: E2602070018549/CIN No: HDFC26010900450698,,,"-109,938.00", 20/01/2026,," NETBANK, MUMBAI"
, GST/Bank Reference No: E2602070018561/CIN No: HDFC26010600154398,,,"-1,553,982.00", 20/01/2026,," NETBANK, MUMBAI"
, GST/Bank Reference No: E2602070018563/CIN No: HDFC26010600153988,,,"-420,900.00", 20/01/2026,," NETBANK, MUMBAI"
, GST/Bank Reference No: E2602070018557/CIN No: HDFC26010900458385,,,"-721,543.00", 20/01/2026,," NETBANK, MUMBAI"
, 601200329658Rakesh Das Beragi 13822,,,"-9,874.00", 20/01/2026, HDFCH00750430783," NETBANK, MUMBAI"
, 601200153597Ashwani Chaoudhary 15993,,,"-6,290.00", 20/01/2026, HDFCH00750435352," NETBANK, MUMBAI"
, 601200340526Shankar Dayal Singh 10122,,,"-337,391.00", 20/01/2026, HDFCH00750431949," NETBANK, MUMBAI"
, 601200333229Yatin Mahadev Machhi 15853,,,"-99,819.00", 20/01/2026, HDFCH00750434724," NETBANK, MUMBAI"
, 601200331369Lalit Gupta 14902,,,"-12,410.00", 20/01/2026, HDFCH00750430801," NETBANK, MUMBAI"
, 601200328732Ram Milan 12806,,,"-67,970.00", 20/01/2026, HDFCH00750435368," NETBANK, MUMBAI"
, 25981050000540-SHATRUGHAN PATHAK PI JULY,,,"-47,446.00", 20/01/2026, 601200152096," NETBANK, MUMBAI"
, 50100440254511-Shankar Sharan 15519,,,"-212,352.00", 20/01/2026, 601200339361," NETBANK, MUMBAI"
, 50100305418622-Vikram Jeet Singh 15662,,,"-12,084.00", 20/01/2026, 601200336631," NETBANK, MUMBAI"
, NEFT Cr ECMS-CNRB0000378-CMRGR1100LCU101545-GOYAL METAL AND ALLOYS-125004451390,," 1,780,000.00",, 20/01/2026, CNRBH00104891914, FORT
, FCY OUTWARD REMITTANCE,,,"-127,739.62", 20/01/2026, 612FT01260200060," KUNDLI, SONEPAT"
, COMM ON IMPORT LC ISSUED,,,"-11,007.04", 20/01/2026, 612SBBC260200001," KUNDLI, SONEPAT"
, COMM ON IMPORT LC ISSUED,,,"-17,202.04", 20/01/2026, 612SBBC260200002," KUNDLI, SONEPAT"
, COMM ON IMPORT LC ISSUED,,,"-15,201.94", 20/01/2026, 612SBBC260200003," KUNDLI, SONEPAT"
, COMM ON IMPORT LC ISSUED,,,"-72,503.92", 20/01/2026, 612SBBC260200004," KUNDLI, SONEPAT"
, RTGS Cr ECMS-ICIC0000011-CMRGR1100LCU101374-AASHU METALS RECYCLERS-777705783609,," 1,030,000.00",, 20/01/2026, ICICR42026012000589740, FORT
, RTGS Cr ECMS-CBIN0280278-CMRLTD201LCU101105-K P S PRODUCTS-00000003389254474,," 1,100,000.00",, 20/01/2026, CBINR12026012010026214, FORT
, RTGS Cr ECMS-IDIB000B027-CMRGR1100LCU101732-DAUJI METAL INDUSTRIES-00000007776647636,," 400,000.00",, 20/01/2026, IDIBR52026012049911590, FORT
, RTGS Cr ECMS-UTIB0002437-CMRLTD151LCU101262-MAHAKAL ENTERPRISES-921020020261421,," 1,100,000.00",, 20/01/2026, UTIBR72026012000580540, FORT
, AUTO SWEEPOUT TO CMR GREEN TECHNOLOGI 57500000342857,," 67,994,065.97",, 20/01/2026,, FARIDABAD HARYANA
, AUTO SWEEPOUT TO CMR GREEN TECHNOLOGI 12540310000177,," 67,658.95",, 20/01/2026,, SRIPERAMBUDUR
1/21/2026,Opening balance,"-30,716,947.74",,,,,
, RTGS Cr ECMS-CNRB0019260-CMRGR1100LCU101620-RITIK TRADING COMPAN-120017944599,," 650,000.00",, 21/01/2026, CNRBR52026012175391178, FORT
, FT Cr ECMS-CMRGR1100LCU100767-PEEYUSH METAL-50200073483622,," 2,690,400.00",, 21/01/2026, 1427817767, CBX Internet System Mumbai
, RTGS Cr ECMS-UJVN0002204-CMRLTD201LCU100121-MORYA TRADERS-2204230040000019,," 786,600.00",, 21/01/2026, UJVNR92026012100953780, FORT
, FT Cr ECMS-CMRLTD201LCU100948-SARASWATI METAL AND ALLOY-50200100284162,," 75,000.00",, 21/01/2026, HDFC270A106A86A0," NETBANK, MUMBAI"
, RTGS Cr ECMS-UJVN0002204-CMRGR1100LCU101893-PRIME METALLURGICAL ENTERPRISE-2204230110000001,," 415,700.00",, 21/01/2026, UJVNR92026012100954487, FORT
, RTGS Cr ECMS-INDB0000098-CMRGR1100LCU101587-RITIKA TRADING COMPANY-259716215100,," 905,768.00",, 21/01/2026, INDBR32026012100602622, FORT
, RTGS Cr ECMS-KVBL0002101-CMRGR1100LCU100305-SARA METAL-4204280000000512,," 270,000.00",, 21/01/2026, KVBLR52026012163418662, FORT
, RTGS Cr ECMS-ICIC0099999-CMRGR1100LCU101770-JP JINDAL RECYCLING PRIVATE LI-629605501089,," 1,126,964.00",, 21/01/2026, ICICR22026012113980821, FORT
, 57500000540028-CMRA,,,"-40,000,000.00", 21/01/2026, 601211181095," NETBANK, MUMBAI"
, 601211179378STAMP FEES,,,"-2,000.00", 21/01/2026, HDFCH00751535083," NETBANK, MUMBAI"
, FT CR ECMS-CMRGR1100LCU100663-MOHAMMAD KASIM-50100524872327,," 100,000.00",, 21/01/2026, 000039, MATHURA U.P.
, K.P.S AND CO-1100B0226013255,,,"-140,400.00", 21/01/2026, HDFCH00751599773," NETBANK, MUMBAI"
, ODEX INDIA SOL-1100B0226013252,,,"-280,639.40", 21/01/2026, HDFCH00751598053," NETBANK, MUMBAI"
, RTGS Cr ECMS-KKBK0000958-CMRGR1100LCU100496-GMC ENTERPRISES-0747497392,," 1,290,800.00",, 21/01/2026, KKBKR12026012100775296, FORT
, RTGS Cr ECMS-BARB0ALIGAR-CMRGR1100LCU100496-GMC ENTERPRISES-05830200000426,," 1,730,000.00",, 21/01/2026, BARBR52026012100816640, FORT
, IMPS CR ECMS-9015-CMRGR1100LCU100174-AARTI ENTERPRISES-8430201000281,," 105,768.00",, 21/01/2026, 602112680234, FARIDABAD HARYANA
, NEFT Cr-IDIB000B027-GLOBAL VEHICLE WASTE MANAGEMENT LLP-CMR GREEN TECHNOLOGIES LIMITED-IDIBH02126373911,," 29,500.00",, 21/01/2026, IDIBH02126373911, FORT
, NEFT Cr ECMS-PUNB0107400-CMRLTD201LCU100256-INDIAN METAL SCRAP-08281131002695,," 185,000.00",, 21/01/2026, PUNBH70056856647, FORT
, FT Cr ECMS-CMRLTD152LCU101373-SHRI JI METAL-50200053543370,," 3,091,600.00",, 21/01/2026, NBWIX4ZFI3AIQIX6," NETBANK, MUMBAI"
, COMM ON LIQD OF IMP COLL BILL,,,-177, 21/01/2026, 612BC05260210002," KUNDLI, SONEPAT"
, Msc Mediterran-1100B0226013274,,,-588.01, 21/01/2026, HDFCH00752156915," NETBANK, MUMBAI"
, KHANNA AIRCON-1100B0226013265,,,"-60,843.00", 21/01/2026, HDFCH00752156258," NETBANK, MUMBAI"
, PROLOGIS FREIG-1100B0226013269,,,"-164,426.51", 21/01/2026, HDFCH00752151646," NETBANK, MUMBAI"
, NEFT Cr-UTIB0004138-GRAND GLOBAL JUNKYARD AND RECYCLING LLP-CMR GREEN TECHNOLOGIES LIMITED-AXODH02197740526,," 183,855.00",, 21/01/2026, AXODH02197740526, FORT
, S6Ux8zfe2XwpL2-NTRPRZ,,,-600, 21/01/2026, 601211705453," NETBANK, MUMBAI"
, 57500000863497-ECO,,,"-65,000,000.00", 21/01/2026, 601211705062," NETBANK, MUMBAI"
, RTGS Cr ECMS-SVCB0000252-CMRLTD151LCU101330-OM TRADING-300002000005017,," 775,900.00",, 21/01/2026, SVCBR52026012100294258, FORT
, KOTAK SECURITI-1100B0226013280,,,"-2,500,000.00", 21/01/2026, HDFCH00752342114," NETBANK, MUMBAI"
, KOTAK SECURITI-1100B0226013278,,,"-2,500,000.00", 21/01/2026, HDFCH00752343005," NETBANK, MUMBAI"
, KOTAK SECURITI-1100B0226013281,,,"-2,500,000.00", 21/01/2026, HDFCH00752337421," NETBANK, MUMBAI"
, KOTAK SECURITI-1100B0226013279,,,"-2,500,000.00", 21/01/2026, HDFCH00752346346," NETBANK, MUMBAI"
, 15684PIDec25,,,"-4,587.00", 21/01/2026, HDFCH00752482946," NETBANK, MUMBAI"
, 15685PIDec25,,,"-4,778.00", 21/01/2026, HDFCH00752480127," NETBANK, MUMBAI"
, 80007PIDec25,,,"-6,610.00", 21/01/2026, HDFCH00752482965," NETBANK, MUMBAI"
, 13028PIDec25,,,"-4,342.00", 21/01/2026, HDFCH00752479502," NETBANK, MUMBAI"
, 10491PIDec25,,,-987, 21/01/2026, HDFCH00752481583," NETBANK, MUMBAI"
, 10271PIDec25,,,"-11,441.00", 21/01/2026, 601211224805," NETBANK, MUMBAI"
, CHCE0B5195DZ0D-CBICICEGATE,,,"-38,413.00", 21/01/2026, 601211740200," NETBANK, MUMBAI"
, RTGS Cr-IDFB0080101-NORTHERN ARC CAPITAL LIMITED-CMR GREEN TECHNOLOGIES-IDFBR62026012101552842,," 3,197,109.00",, 21/01/2026, IDFBR62026012101552842, FORT
, RTGS Cr-UTIB0001609-SHRIRAM PISTONS RINGS LIMITED-CMR GREEN TECHNOLOGIES LIMITED-UTIBR72026012100004052,," 16,062,113.06",, 21/01/2026, UTIBR72026012100004052, FORT
, IMPS CR ECMS-9485-CMRGR1100LCU101962-URBAN METALS REPBIN COMPANY-6450815799,," 25,000.00",, 21/01/2026, 602119022017, FARIDABAD HARYANA
, 00930310001274-1274,,,"-40,000,000.00", 21/01/2026, 601212228156," NETBANK, MUMBAI"
, NEFT Cr ECMS-UTIB0003112-CMRLTD151LCU101486-ADITYA ENTERPRISES-921020054868210,," 559,000.00",, 21/01/2026, AXOMB02102147797, FORT
, AUTO SWEEPOUT TO CMR GREEN TECHNOLOGI 57500000342857,," 150,373,005.99",, 21/01/2026,, FARIDABAD HARYANA
1/22/2026,Opening balance,"-1,808,696.61",,,,,
, RTGS Cr-SCBL0036001-SUNBEAM LIGHTWEIGHTING SOLUTIONS PR-CMR GREEN TECHNOLOGIES LIMITED-SCBLR12026012200800428,," 36,797,761.16",, 22/01/2026, SCBLR12026012200800428, FORT
, NEFT Cr ECMS-IDFB0021314-cmrgr1100lcu101943-M.R. TRADING CO.-89650005280,," 800,000.00",, 22/01/2026, IDFB602260929407, FORT
, FT Cr ECMS-CMRLTD201LCU100820-MOHINI INDUSTRIES-50200033588193,," 1,507,500.00",, 22/01/2026, NBTGP7ST0WLRYGKG," NETBANK, MUMBAI"
, IMPS CR ECMS-9751-CMRLTD201LCU100869-K K Steels-10209767988,, 400.00,, 22/01/2026, 602210528191, FARIDABAD HARYANA
, RTGS Cr-UTIB0000176-APJ INVESTMENTS PRIVATE LIMITED UNI-CMR Green Technologies Limited-UTIBR72026012200421093,," 2,819,656.00",, 22/01/2026, UTIBR72026012200421093, FORT
, IMPS CR ECMS-9211-CMRGR1100LCU101769-NAEEMJAVED-919020035458367,," 6,000.00",, 22/01/2026, 602204922660, FARIDABAD HARYANA
, RTGS Cr ECMS-KKBK0000958-CMRGR1100LCU101962-URBAN METALS REPBIN COMPANY-6450815799,," 700,000.00",, 22/01/2026, KKBKR52026012200963254, FORT
, NEFT Cr ECMS-CNRB0019251-CMRLTD152LCU101556-M S ENTERPRISES-92511400000402,," 619,500.00",, 22/01/2026, CNRBH00105209682, FORT
, RTGS Cr ECMS-UTIB0002972-CMRGR1100LCU100257-INTERNATIONAL SALES CORPORATIO-923030045068389,," 1,670,000.00",, 22/01/2026, UTIBR52026012200352255, FORT
, FT Cr ECMS-CMRGR1100LCU101969-ROHIT TRADERS-50200092158461,, 100.00,, 22/01/2026, HDFCD1D8CF183975," NETBANK, MUMBAI"
, IMPS CR ECMS-9751-cmrgr1100lcu101943-MR TRADING CO-89650005280,," 500,000.00",, 22/01/2026, 602212719878, FARIDABAD HARYANA
, IMPS CR ECMS-9751-cmrgr1100lcu101943-MR TRADING CO-89650005280,," 500,000.00",, 22/01/2026, 602212721311, FARIDABAD HARYANA
, IMPS CR ECMS-9751-cmrgr1100lcu101943-MR TRADING CO-89650005280,," 11,600.00",, 22/01/2026, 602212724354, FARIDABAD HARYANA
, ODEX INDIA SOL-1100B0226013352,,,"-1,129,458.24", 22/01/2026, HDFCH00753779070," NETBANK, MUMBAI"
, RTGS Cr ECMS-CNRB0019260-CMRGR1100LCU101620-RITIK TRADING COMPAN-120017944599,," 650,000.00",, 22/01/2026, CNRBR52026012275526895, FORT
," RTGS Dr-ICIC0006303-CENTURYMETALRECYCLINGLIMITED-NETBANK, MUM-HDFCR52026012260115625",,,"-50,000,000.00", 22/01/2026, HDFCR52026012260115625," NETBANK, MUMBAI"
, RTGS Cr ECMS-CBIN0280278-CMRLTD201LCU101105-K P S PRODUCTS-00000003389254474,," 1,800,000.00",, 22/01/2026, CBINR52026012210008227, FORT
, RTGS Cr ECMS-KKBK0000958-CMRGR1100LCU101962-URBAN METALS REPBIN COMPANY-6450815799,," 389,000.00",, 22/01/2026, KKBKR52026012200998937, FORT
, FT Cr ECMS-CMRGR1100LCU101576-SINGHAL TRADERS-50200108950971,," 3,009,000.00",, 22/01/2026, NB8NKIOESHPWNWCK," NETBANK, MUMBAI"
, COMM ON EXPORT COLL BILL,,,-177, 22/01/2026, 612BC73260220007," KUNDLI, SONEPAT"
, COMM ON EXPORT COLL BILL,,,-177, 22/01/2026, 612BC73260220008," KUNDLI, SONEPAT"
, COMM ON EXPORT COLL BILL,,,-177, 22/01/2026, 612BC73260220009," KUNDLI, SONEPAT"
, COMM ON EXPORT COLL BILL,,,-177, 22/01/2026, 612BC73260220010," KUNDLI, SONEPAT"
, COMM ON EXPORT COLL BILL,,,-177, 22/01/2026, 612BC73260220011," KUNDLI, SONEPAT"
, COMM ON EXPORT COLL BILL,,,-177, 22/01/2026, 612BC73260220012," KUNDLI, SONEPAT"
, COMM ON EXPORT COLL BILL,,,-177, 22/01/2026, 612BC63260220002," KUNDLI, SONEPAT"
, COMM ON EXPORT COLL BILL,,,-177, 22/01/2026, 612BC73260220014," KUNDLI, SONEPAT"
, COMM ON EXPORT COLL BILL,,,-177, 22/01/2026, 612BC73260220015," KUNDLI, SONEPAT"
, COMM ON EXPORT COLL BILL,,,-177, 22/01/2026, 612BC73260220016," KUNDLI, SONEPAT"
, COMM ON EXPORT COLL BILL,,,-177, 22/01/2026, 612BC73260220017," KUNDLI, SONEPAT"
, METALOR GREEN-1100B0226012984,,,"-9,349,856.69", 22/01/2026, HDFCH00753996202," NETBANK, MUMBAI"
, TERRA91 INTERN-1100B0226012944,,,"-2,912,266.76", 22/01/2026, HDFCH00753994290," NETBANK, MUMBAI"
, AMAIRA METALS-1100B0226013107,,,"-12,126,137.36", 22/01/2026, 601199030130," NETBANK, MUMBAI"
, SHIVAY ULTIMAT-1100B0226013102,,,"-4,068,510.10", 22/01/2026, HDFCH00753999401," NETBANK, MUMBAI"
, RAPIDUE TECHNO-1100B0226013101,,,"-5,076,196.10", 22/01/2026, HDFCH00754000474," NETBANK, MUMBAI"
, PEE GEE TRADIN-1100B0226013345,,,"-2,534,505.75", 22/01/2026, 601222446877," NETBANK, MUMBAI"
, AMAIRA METALS-1100B0226013349,,,"-4,578,997.58", 22/01/2026, 601222446885," NETBANK, MUMBAI"
, BALAJI TRADING-1100B0226013343,,,"-3,224,873.70", 22/01/2026, 601222446905," NETBANK, MUMBAI"
, SCOPE OVERSEAS-1100B0226013350,,,"-3,275,600.06", 22/01/2026, 601222446887," NETBANK, MUMBAI"
, Jindal Impex-1100B0226013306,,,"-3,242,933.94", 22/01/2026, HDFCH00754003303," NETBANK, MUMBAI"
, NABIYA TRADERS-1100B0226013330,,,"-4,720,920.90", 22/01/2026, HDFCH00754007999," NETBANK, MUMBAI"
, ARYA STEELS-1100B0226013346,,,"-4,472,177.40", 22/01/2026, HDFCH00754005202," NETBANK, MUMBAI"
, ALPHA METALS -1100B0226013348,,,"-8,223,697.43", 22/01/2026, HDFCH00754007221," NETBANK, MUMBAI"
, SINGHAL METALL-1100B0226013342,,,"-5,100,005.37", 22/01/2026, HDFCH00754004576," NETBANK, MUMBAI"
, AM TRADING CO.-1100B0226013347,,,"-7,102,322.87", 22/01/2026, HDFCH00754006178," NETBANK, MUMBAI"
, AUTO RECYCLING-1100B0226013301,,,"-2,842,489.07", 22/01/2026, HDFCH00754007226," NETBANK, MUMBAI"
, Mascot Recycli-1100B0226013335,,,"-5,122,337.29", 22/01/2026, HDFCH00754004581," NETBANK, MUMBAI"
, RAPIDUE TECHNO-1100B0226013328,,,"-2,675,033.73", 22/01/2026, HDFCH00754008008," NETBANK, MUMBAI"
, RTGS Cr-ICIC0000011-GANPATI SCRAPS-CMR GREEN TECHNOLOGIES LIMITED-ICICR42026012200542356,," 234,108.00",, 22/01/2026, ICICR42026012200542356, FORT
, 57500000342857-2857,,,"-59,300,000.00", 22/01/2026, 601222778246," NETBANK, MUMBAI"
, INW 220126I049906050 USD22953.0@91.5525,," 2,101,404.53",, 22/01/2026, 220126209214," NETBANK, MUMBAI"
, 220126I049906050 DPO2602242357719 IGST,,,"-1,188.25", 22/01/2026, 220126209221," NETBANK, MUMBAI"
, RTGS Cr-UTIB0000039-CMR GREEN TECHNOLOGIES LIMITED FORMERLY-CENTURY METAL RECYCLING LIMITE-UTIBR62026012251732511,," 20,000,000.00",, 22/01/2026, UTIBR62026012251732511, CMS TF WBO MUMBAI
, ODEX INDIA SOL-1100B0226013367,,,"-93,000.52", 22/01/2026, HDFCH00754366284," NETBANK, MUMBAI"
, POKAR PETROLEU-1100B0226013299,,,"-178,181.64", 22/01/2026, HDFCH00754368444," NETBANK, MUMBAI"
, ODEX INDIA SOL-1100B0226013366,,,"-437,801.24", 22/01/2026, HDFCH00754366557," NETBANK, MUMBAI"
, WASTE TO ENERG-1100B0226013332,,,"-1,527,046.69", 22/01/2026, 601222443193," NETBANK, MUMBAI"
, FT-HPCINC41068280I211-HINDUSTAN PETROLEUM CORPORATION LIM,,,"-1,871,942.40", 22/01/2026, 601222374021," NETBANK, MUMBAI"
, EASYWAY LOGIST-1100B0226013297,,,"-199,520.00", 22/01/2026, 601222367509," NETBANK, MUMBAI"
, RTGS Cr ECMS-UTIB0000040-CMRGR1100LSU105600-CHETAN TRADE EXIM PVT LTD-922020009145048,," 3,110,000.00",, 22/01/2026, UTIBR62026012251766895, FORT
," RTGS Dr-YESB0000003-YESBANKLTD-NETBANK, MUM-HDFCR52026012260378878",,,"-2,360,000.00", 22/01/2026, HDFCR52026012260378878," NETBANK, MUMBAI"
, Deepak Goel -1100B0226013351,,,"-38,142.00", 22/01/2026, HDFCH00754556344," NETBANK, MUMBAI"
, SILVERLINE ELE-1100B0226013369,,,"-18,344.00", 22/01/2026, HDFCH00754573850," NETBANK, MUMBAI"
, GABA PROJECTS -1100B0226013370,,,"-8,640.00", 22/01/2026, HDFCH00754573856," NETBANK, MUMBAI"
, VIKAS HARDWARE-1100B0226013319,,,"-41,100.44", 22/01/2026, 601222443163," NETBANK, MUMBAI"
, ROYAL ELECTRIC-1100B0226013325,,,"-30,587.96", 22/01/2026, 601222443178," NETBANK, MUMBAI"
, BLUE OKTOPUS C-1100B0226013304,,,"-97,200.00", 22/01/2026, 601222441471," NETBANK, MUMBAI"
, NPR ASSOCIATES-1100B0226013303,,,"-57,510.90", 22/01/2026, 601222435588," NETBANK, MUMBAI"
, SHREE BALAJI C-1100B0226013295,,,"-919,628.22", 22/01/2026, 601222366093," NETBANK, MUMBAI"
, MUNDHRA BROTHE-1100B0226013321,,,"-46,798.23", 22/01/2026, 601222443167," NETBANK, MUMBAI"
, Daya Shankar B-1100B0226013311,,,"-235,003.24", 22/01/2026, 601222443206," NETBANK, MUMBAI"
, As Equipment P-1100B0226013315,,,"-8,508.16", 22/01/2026, 601222443155," NETBANK, MUMBAI"
, FS Internation-1100B0226013314,,,"-20,178.00", 22/01/2026, 601222443153," NETBANK, MUMBAI"
, AV VISHWA ENTE-1100B0226013322,,,"-6,635.20", 22/01/2026, 601222443169," NETBANK, MUMBAI"
, Jubi Pack-1100B0226013313,,,"-495,719.00", 22/01/2026, 601222443211," NETBANK, MUMBAI"
, Ankit Enterpri-1100B0226013317,,,"-6,136.00", 22/01/2026, 601222443159," NETBANK, MUMBAI"
, A G UNIVERSAL -1100B0226013344,,,"-1,700,146.47", 22/01/2026, 601222446875," NETBANK, MUMBAI"
, FERVENT GLOBAL-1100B0226013341,,,"-2,294,749.30", 22/01/2026, HDFCH00754582554," NETBANK, MUMBAI"
, MAHALAXMI TRAD-1100B0226013292,,,"-57,525.00", 22/01/2026, HDFCH00754585814," NETBANK, MUMBAI"
, Balbir Singh a-1100B0226013307,,,"-27,730.00", 22/01/2026, 601222443197," NETBANK, MUMBAI"
, SS METALS ENTE-1100B0226013337,,,"-2,345,876.50", 22/01/2026, HDFCH00754584550," NETBANK, MUMBAI"
, RAVI METALS P-1100B0226013339,,,"-2,494,648.86", 22/01/2026, HDFCH00754583307," NETBANK, MUMBAI"
, Foseco India L-1100B0226013305,,,"-126,555.00", 22/01/2026, HDFCH00754583319," NETBANK, MUMBAI"
, Digvijay Print-1100B0226013318,,,"-40,014.00", 22/01/2026, HDFCH00754582615," NETBANK, MUMBAI"
, ATIF TRADING C-1100B0226013331,,,"-2,483,395.09", 22/01/2026, HDFCH00754585128," NETBANK, MUMBAI"
, JS ALLOYS-1100B0226013336,,,"-431,607.00", 22/01/2026, HDFCH00754582622," NETBANK, MUMBAI"
, TIRUPATI TRADE-1100B0226013333,,,"-1,548,869.98", 22/01/2026, HDFCH00754584630," NETBANK, MUMBAI"
, GENDA GAS AGEN-1100B0226013320,,,"-65,529.88", 22/01/2026, HDFCH00754585835," NETBANK, MUMBAI"
, Saw Max Engine-1100B0226013294,,,"-106,200.00", 22/01/2026, HDFCH00754585837," NETBANK, MUMBAI"
, Dilshad Khan-1100B0226013308,,,"-19,266.20", 22/01/2026, HDFCH00754584646," NETBANK, MUMBAI"
, TIMES IT SERVI-1100B0226013298,,,"-34,810.00", 22/01/2026, HDFCH00754582699," NETBANK, MUMBAI"
, Unique Furnace-1100B0226013312,,,"-64,310.00", 22/01/2026, HDFCH00754584659," NETBANK, MUMBAI"
, Steel Links-1100B0226013338,,,"-1,864,832.57", 22/01/2026, HDFCH00754585129," NETBANK, MUMBAI"
, GULAFSHA GUPTA-1100B0226013334,,,"-10,756.80", 22/01/2026, HDFCH00754585843," NETBANK, MUMBAI"
, Saw Max Engine-1100B0226013293,,,"-58,115.00", 22/01/2026, HDFCH00754585844," NETBANK, MUMBAI"
, LOGISNEXT INDI-1100B0226013327,,,"-269,120.00", 22/01/2026, HDFCH00754586988," NETBANK, MUMBAI"
, Shah Coal Depo-1100B0226013296,,,"-34,649.00", 22/01/2026, HDFCH00754585846," NETBANK, MUMBAI"
, Shree Bhawal M-1100B0226013316,,,"-36,333.38", 22/01/2026, HDFCH00754582720," NETBANK, MUMBAI"
, Axcel Gases-1100B0226013310,,,"-20,421.38", 22/01/2026, HDFCH00754587000," NETBANK, MUMBAI"
, SARU AIKOH CHE-1100B0226013324,,,"-68,735.00", 22/01/2026, HDFCH00754587003," NETBANK, MUMBAI"
, GUNGUN CANTEEN-1100B0226013323,,,"-22,713.60", 22/01/2026, HDFCH00754587007," NETBANK, MUMBAI"
, PASCO EARTHMOV-1100B0226013326,,,"-5,910.05", 22/01/2026, HDFCH00754584691," NETBANK, MUMBAI"
, M.S. Engineeri-1100B0226013309,,,"-71,610.00", 22/01/2026, HDFCH00754587010," NETBANK, MUMBAI"
, CHETAN GLOBAL-1100B0226013340,,,"-2,417,783.19", 22/01/2026, HDFCH00754585854," NETBANK, MUMBAI"
, JAGDAMBA TRADI-1100B0226013329,,,"-4,484.00", 22/01/2026, HDFCH00754585858," NETBANK, MUMBAI"
, INW 220126I049903327 USD136207.0@91.5825,," 12,474,177.58",, 22/01/2026, 220126240288," NETBANK, MUMBAI"
, 220126I049903327 DPO2602242385241 IGST,,,"-3,055.35", 22/01/2026, 220126240295," NETBANK, MUMBAI"
, FCY OUTWARD REMITTANCE,,,"-91,372.69", 22/01/2026, 612FT01260220061," KUNDLI, SONEPAT"
, FT601223199153-CMR GREEN TECHNOLOGIES L57FT-57500000342857,," 350,000,000.00",, 22/01/2026, 601223199153," NETBANK, MUMBAI"
," RTGS Dr-ICIC0000083-CMRAluminiumPrivateLimited-NETBANK, MUM-HDFCR52026012260449463",,,"-150,000,000.00", 22/01/2026, HDFCR52026012260449463," NETBANK, MUMBAI"
," RTGS Dr-HSBC0110002-CENTURYMETALRECYCLINGLIMITED-NETBANK, MUM-HDFCR52026012260515980",,,"-179,540,000.00", 22/01/2026, HDFCR52026012260515980," NETBANK, MUMBAI"
, LIQUIDATION OF IMP COLL BILL,,,"-3,092,613.30", 22/01/2026, 612BC05260090002," KUNDLI, SONEPAT"
, LIQUIDATION OF IMP COLL BILL,,,"-5,451,678.93", 22/01/2026, 612BC05260190003," KUNDLI, SONEPAT"
, COMM ON IMPORT LC ISSUED,,,"-67,962.10", 22/01/2026, 612SBBC260220002," KUNDLI, SONEPAT"
, COMM ON IMPORT LC ISSUED,,,"-20,362.08", 22/01/2026, 612SBBC260220001," KUNDLI, SONEPAT"
, IMPS CR ECMS-9002-CMRGR1100LCU101714-Md Nazrullah-40564261203,," 49,000.00",, 22/01/2026, 602221554519, FARIDABAD HARYANA
, RTGS Cr ECMS-ICIC0000011-CMRLTD201LCU100931-SAVITA INDUSTRIES-140105001924,," 570,000.00",, 22/01/2026, ICICR42026012200588568, FORT
, FT601223282495-CMR NLM ECO ALUMINIUM P L 3497 FT-57500000863497,," 9,000,000.00",, 22/01/2026, 601223282495," NETBANK, MUMBAI"
, AUTO SWEEPOUT TO CMR GREEN TECHNOLOGI 57500000342857,," 68,430,486.40",, 22/01/2026,, FARIDABAD HARYANA
1/23/2026,Opening balance,"-50,831,824.07",,,,,
, IMPS CR ECMS-9229-CMRGR1100LCU101714-MD ULFATULLAH-102501520991,," 100,000.00",, 23/01/2026, 602305927435, FARIDABAD HARYANA
, RTGS Cr ECMS-UTIB0003202-CMRGR1100LCU101763-MATHURIA TRADERS-924020041901864,," 777,054.00",, 23/01/2026, UTIBR72026012300570246, FORT
, RTGS Cr ECMS-ICIC0000011-CMRLTD151LCU101618-MAHAKALESHWAR ENTERPRISES-779405000110,," 560,000.00",, 23/01/2026, ICICR42026012300501921, FORT
, IMPS CR ECMS-9002-CMRGR1100LCU101714-Md Nazrullah-40564261203,," 18,000.00",, 23/01/2026, 602308636899, FARIDABAD HARYANA
, RTGS Cr ECMS-UTIB0003202-CMRGR1100LCU101763-MATHURIA TRADERS-924020041901864,," 865,247.00",, 23/01/2026, UTIBR72026012300570595, FORT
, RTGS Cr ECMS-CNRB0019260-CMRGR1100LCU101620-RITIK TRADING COMPAN-120017944599,," 750,000.00",, 23/01/2026, CNRBR52026012375605576, FORT
, RTGS Cr ECMS-KVBL0002101-CMRGR1100LCU100305-SARA METAL-4204280000000512,," 270,000.00",, 23/01/2026, KVBLR52026012363471389, FORT
, FT Cr ECMS-CMRGR1100LCU101969-ROHIT TRADERS-50200092158461,," 2,991,448.00",, 23/01/2026, NBU9F86JO2X4UT1G," NETBANK, MUMBAI"
, IMPS CR ECMS-9052-CMRGR1100LCU101769-AMAN ENTERPRISES-0667202500004701,," 39,000.00",, 23/01/2026, 602335066659, FARIDABAD HARYANA
, 57500000342857-2857,,,"-111,000,000.00", 23/01/2026, 601233566547," NETBANK, MUMBAI"
," RTGS Dr-ICIC0006303-CENTURYMETALRECYCLINGLIMITED-NETBANK, MUM-HDFCR52026012360701000",,,"-40,000,000.00", 23/01/2026, HDFCR52026012360701000," NETBANK, MUMBAI"
, IMPS CR ECMS-9052-CMRGR1100LCU101769-AMAN ENTERPRISES-0667202500004701,," 8,000.00",, 23/01/2026, 602335070259, FARIDABAD HARYANA
, CBDT/Bank Reference No:Y2602344656501/CIN No:26012300004132HDFC/Online,,,"-826,141.00", 23/01/2026, 260123090001613," NETBANK, MUMBAI"
, RTGS Cr ECMS-UTIB0000806-CMRGR1100LCU101508-SIDDHANATH JEWELLERS AND REFIN-922030054149128,," 1,601,625.00",, 23/01/2026, UTIBR62026012351914449, FORT
, RTGS Cr ECMS-UBIN0535443-CMRGR1100LCU101948-H.R.PRECISION TOOLS-354401010035039,," 906,800.00",, 23/01/2026, UBINR22026012301248328, FORT
, NEFT Cr ECMS-UTIB0002972-CMRGR1100LCU100257-INTERNATIONAL SALES CORPORATIO-923030045068389,," 1,650,000.00",, 23/01/2026, AXSK260230003671, FORT
, RTGS Cr ECMS-CBIN0280278-CMRLTD201LCU101105-K P S PRODUCTS-00000003389254474,," 1,100,000.00",, 23/01/2026, CBINR52026012310011257, FORT
, ODEX INDIA SOL-1100B0226013415,,,"-553,514.40", 23/01/2026, HDFCH00756319082," NETBANK, MUMBAI"
, Maersk Line In-1100B0226013419,,,"-7,080.00", 23/01/2026, HDFCH00756323806," NETBANK, MUMBAI"
, ODEX INDIA SOL-1100B0226013417,,,"-1,202,441.24", 23/01/2026, HDFCH00756321333," NETBANK, MUMBAI"
, Maersk Line In-1100B0226013398,,,"-7,080.00", 23/01/2026, HDFCH00756321334," NETBANK, MUMBAI"
, Maersk Line In-1100B0226013418,,,"-131,286.80", 23/01/2026, HDFCH00756323825," NETBANK, MUMBAI"
, Ocean Network -1100B0226013391,,,"-790,244.82", 23/01/2026, HDFCH00756317350," NETBANK, MUMBAI"
, Maersk Line In-1100B0226013394,,,"-131,286.80", 23/01/2026, HDFCH00756321940," NETBANK, MUMBAI"
, RTGS Cr ECMS-ICIC0000011-CMRGR1100LCU101901-SHREE KRISHANA RECYCLING INDIA-125705001461,," 3,041,091.00",, 23/01/2026, ICICR42026012300551194, FORT
, FT Cr ECMS-CMRGR1100LCU101969-ROHIT TRADERS-50200092158461,," 1,000.00",, 23/01/2026, HDFC6810CCA9B54A," NETBANK, MUMBAI"
, INW 210126I049900705 USD31000.0@91.86,," 2,847,660.00",, 23/01/2026, 230126265271," NETBANK, MUMBAI"
, 210126I049900705 DPO2602343642671 IGST,,,"-1,322.58", 23/01/2026, 230126265278," NETBANK, MUMBAI"
, RTGS Cr ECMS-CNRB0019260-CMRGR1100LCU101620-RITIK TRADING COMPANY-120017944599,," 1,000,000.00",, 23/01/2026, CNRBR52026012375666465, FORT
, JK CIVIL CONST-1100B0226013409,,,"-1,796,784.10", 23/01/2026, HDFCH00756798508," NETBANK, MUMBAI"
, Maersk Line In-1100B0226013423,,,"-254,655.80", 23/01/2026, HDFCH00756977740," NETBANK, MUMBAI"
, Maersk Line In-1100B0226013422,,,"-501,393.80", 23/01/2026, HDFCH00756977743," NETBANK, MUMBAI"
, Maersk Line In-1100B0226013420,,,"-320,322.80", 23/01/2026, HDFCH00756975538," NETBANK, MUMBAI"
, ADVANCE PAYMENT OF IMPORT BILL,,,"-139,855.51", 23/01/2026, 612BC09260230108," KUNDLI, SONEPAT"
, RTGS Cr-YESB0000403-DEL WBCAD OUT TRFR-CMR GREEN TECHNOLOGIES LIMITED-YESBR52026012357045128,," 350,000,000.00",, 23/01/2026, YESBR52026012357045128, FORT
, RTGS Cr ECMS-KKBK0000958-CMRGR1100LCU101691-VEDANSH TRADING-3850190839,," 1,371,000.00",, 23/01/2026, KKBKR52026012300916496, FORT
, 00930310001264-1264,,,"-50,000,000.00", 23/01/2026, 601234464413," NETBANK, MUMBAI"
, 57500000863497-Eco,,,"-30,000,000.00", 23/01/2026, 601234464532," NETBANK, MUMBAI"
," RTGS Dr-SBIN0004298-CENTURYMETALRECYCLINGPVTLTD-NETBANK, MUM-HDFCR52026012360998714",,,"-10,000,000.00", 23/01/2026, HDFCR52026012360998714," NETBANK, MUMBAI"
, 00930310001274-1274,,,"-90,000,000.00", 23/01/2026, 601234464396," NETBANK, MUMBAI"
, NEFT Cr ECMS-PUNB0107400-CMRLTD201LCU100256-INDIAN METAL SCRAP-08281131002695,," 170,000.00",, 23/01/2026, PUNBH70057514954, FORT
, AUTO SWEEPOUT TO CMR GREEN TECHNOLOGI 57500000342857,," 81,425.28",, 23/01/2026,, FARIDABAD HARYANA
1/24/2026,Opening balance,"-18,345,883.44",,,,,
, RTGS Cr ECMS-KKBK0000958-CMRGR1100LCU101691-VEDANSH TRADING-3850190839,," 5,000,000.00",, 24/01/2026, KKBKR52026012400933870, FORT
, FT Cr ECMS-CMRGR1100LCU101504-S S TRADING AND CASTING WORKS-50200071610637,," 632,000.00",, 24/01/2026, HDFCB419180147BE," NETBANK, MUMBAI"
, RTGS Cr ECMS-CNRB0019260-CMRGR1100LCU100355-M S MANUFACTURING AN-120028091709,," 595,900.00",, 24/01/2026, CNRBR52026012475711269, FORT
, RTGS Cr ECMS-CBIN0280278-CMRLTD201LCU101105-K P S PRODUCTS-00000003389254474,," 650,000.00",, 24/01/2026, CBINR12026012410026355, FORT
, FT Cr ECMS-CMRLTD201LCU100820-MOHINI INDUSTRIES-50200033588193,," 1,507,500.00",, 24/01/2026, NBFTR2IH8TWABFYZ," NETBANK, MUMBAI"
, NEFT Cr-YESB0000001-SUN SHINE ENTERPRISES-cmr green technologies limited-YESME60240004564,," 50,000.00",, 24/01/2026, YESME60240004564, FORT
, NEFT Cr ECMS-CBIN0280402-CMRGR1100LCU101360-NAMAN ENTERPRISES-00000005204359575,," 322,000.00",, 24/01/2026, CBINH26024457522, FORT
, NEFT Cr ECMS-CBIN0280402-CMRGR1100LCU101360-NAMAN ENTERPRISES-00000005204359575,," 500,000.00",, 24/01/2026, CBINH26024457196, FORT
, IMPS CR ECMS-9016-CMRGR1100LCU101360-RAJ KUMAR-5204359575,," 12,260.00",, 24/01/2026, 602411333772, FARIDABAD HARYANA
, FT Cr ECMS-CMRGR1100LCU101397-B G ENTERPRISES-50200071110052,," 2,336,000.00",, 24/01/2026, NBHK6MO13YHNISHX," NETBANK, MUMBAI"
, CCH3Z0E19F0F9Q_MGVC-BILLMGVEC,,,"-682,108.39", 24/01/2026, 601244521181," NETBANK, MUMBAI"
, CCH3G2L19EZPRA_DHBV-DHBVNL,,,"-911,561.00", 24/01/2026, 601244518004," NETBANK, MUMBAI"
, IMPS CR ECMS-9015-CMRGR1100LCU101620-RITIK TRADING COMPAN-120017944599,," 325,000.00",, 24/01/2026, 602417520168, FARIDABAD HARYANA
, CCH3RPN19EXBJ4_DHBV-DHBVNL,,,"-25,064,964.00", 24/01/2026, 601244513805," NETBANK, MUMBAI"
, CHCE5DD19GB224-CBICICEGATE,,,"-3,820,984.00", 24/01/2026, 601244929624," NETBANK, MUMBAI"
1/25/2026,Opening balance,"-36,894,840.83",,,,,
, IMPS CR ECMS-9015-CMRGR1100LCU101552-RAM UGRAH-125004619169,," 300,000.00",, 25/01/2026, 602521775336, FARIDABAD HARYANA
1/26/2026,Opening balance,"-36,594,840.83",,,,,
, FT Cr ECMS-CMRLTD151LCU101373-SHRI JI METAL-50200053543370,," 3,103,400.00",, 26/01/2026, NBH8QPBRIIHSQE9L," NETBANK, MUMBAI"
, NEFT Cr ECMS-IDFB0021314-cmrgr1100lcu101943-M.R. TRADING CO.-89650005280,," 900,000.00",, 26/01/2026, IDFB602661498229, FORT
, RTGS Cr ECMS-PUNB0107400-CMRLTD201LCU100256-INDIAN METAL SCRAP-08281131002695,," 250,000.00",, 26/01/2026, PUNBR52026012612287411, FORT
, FT Cr ECMS-CMRGR1100LCU101902-PRATEEK TRADERS-01532320000994,," 743,700.00",, 26/01/2026, NB1KRAITGWZXMVN9," NETBANK, MUMBAI"
1/27/2026,Opening balance,"-31,597,740.83",,,,,
, RTGS Cr ECMS-UTIB0003202-CMRGR1100LCU101763-MATHURIA TRADERS-924020041901864,," 856,170.00",, 27/01/2026, UTIBR72026012700570197, FORT
, FT Cr ECMS-CMRGR1100LCU101884-VIPUL TRADERS-50200076602625,," 4,577,000.00",, 27/01/2026, NBDFBKF1EE7BLTL2," NETBANK, MUMBAI"
, NEFT Cr ECMS-CNRB0019251-CMRLTD151LCU101556-M S ENTERPRISES-92511400000402,," 262,500.00",, 27/01/2026, CNRBH00105857519, FORT
, IMPS CR ECMS-9015-CMRGR1100LCU101552-RAM UGRAH-125004619169,," 284,000.00",, 27/01/2026, 602709000372, FARIDABAD HARYANA
, FT Cr ECMS-CMRLTD151LCU101434-AMIT ALLOYS COMPANY-99997635077350,," 161,000.00",, 27/01/2026, HDFC01B04706EC5D," NETBANK, MUMBAI"
, FT Cr ECMS-CMRLTD152LCU101434-AMIT ALLOYS COMPANY-99997635077350,," 127,900.00",, 27/01/2026, HDFC0534EFB40107," NETBANK, MUMBAI"
, VASHISTA LOGIS-1100B0226013432,,,"-314,275.04", 27/01/2026, 601244508833," NETBANK, MUMBAI"
, RTGS Cr ECMS-ICIC0001914-CMRGR1100LCU101382-GREEN EARTH METALLOYS LLP-191405001460,," 3,075,000.00",, 27/01/2026, ICICR52026012700257268, FORT
, IMPS CR ECMS-9751-cmrgr1100lcu101943-MR TRADING CO-89650005280,," 500,000.00",, 27/01/2026, 602711294982, FARIDABAD HARYANA
, IMPS CR ECMS-9751-cmrgr1100lcu101943-MR TRADING CO-89650005280,," 365,000.00",, 27/01/2026, 602711295932, FARIDABAD HARYANA
, RTGS Cr-SBIN0000TBU-e PAO GST REFUNDS THROUGH SINGLE AU-CMR GREEN TECHNOLOGIES LIMITED-SBINR52026012714153652,," 90,000,000.00",, 27/01/2026, SBINR52026012714153652, FORT
, LOCAL BILL LIQUIDATED,,,"-82,674,440.00", 27/01/2026, 612SB04260150006," KUNDLI, SONEPAT"
, FT CR ECMS-CMRGR1100LCU101935-TS ENTERPRISES-50200092311919,," 1,470,000.00",, 27/01/2026, 000017, RABUPURA
, FT Cr ECMS-CMRGR1100LCU101935-TS ENTERPRISES-50200092311919,," 80,000.00",, 27/01/2026, HDFC1547ED256142," NETBANK, MUMBAI"
, RTGS Cr-UTIB0000039-CMR GREEN TECHNOLOGIES LIMITED FORMERLY-CENTURY METAL RECYCLING LIMITE-UTIBR62026012752358403,," 40,000,000.00",, 27/01/2026, UTIBR62026012752358403, CMS TF WBO MUMBAI
, RTGS Cr-SBIN0004298-M s Century Metal Recycling Private-Century Metal Rceycling Pvt Ltd-SBINR12026012714176443,," 10,000,000.00",, 27/01/2026, SBINR12026012714176443, CMS TF WBO MUMBAI
, RTGS Cr-SBIN0004298-M s Century Metal Recycling Private-Century Metal Rceycling Pvt Ltd-SBINR12026012714176442,," 10,000,000.00",, 27/01/2026, SBINR12026012714176442, CMS TF WBO MUMBAI
, RTGS Cr-SBIN0004298-M s Century Metal Recycling Private-Century Metal Rceycling Pvt Ltd-SBINR12026012714176445,," 10,000,000.00",, 27/01/2026, SBINR12026012714176445, CMS TF WBO MUMBAI
, RTGS Cr-SBIN0004298-M s Century Metal Recycling Private-Century Metal Rceycling Pvt Ltd-SBINR12026012714176446,," 10,000,000.00",, 27/01/2026, SBINR12026012714176446, CMS TF WBO MUMBAI
, RTGS Cr-SBIN0004298-M s Century Metal Recycling Private-Century Metal Rceycling Pvt Ltd-SBINR12026012714176454,," 10,000,000.00",, 27/01/2026, SBINR12026012714176454, CMS TF WBO MUMBAI
, RTGS Cr-SBIN0004298-M s Century Metal Recycling Private-Century Metal Rceycling Pvt Ltd-SBINR12026012714176351,," 10,000,000.00",, 27/01/2026, SBINR12026012714176351, CMS TF WBO MUMBAI
, RTGS Cr-SBIN0004298-M s Century Metal Recycling Private-Century Metal Rceycling Pvt Ltd-SBINR12026012714176453,," 10,000,000.00",, 27/01/2026, SBINR12026012714176453, CMS TF WBO MUMBAI
, RTGS Cr-SBIN0004298-M s Century Metal Recycling Private-Century Metal Rceycling Pvt Ltd-SBINR12026012714176444,," 10,000,000.00",, 27/01/2026, SBINR12026012714176444, CMS TF WBO MUMBAI
, RTGS Cr-SBIN0004298-M s Century Metal Recycling Private-Century Metal Rceycling Pvt Ltd-SBINR12026012714176420,," 10,000,000.00",, 27/01/2026, SBINR12026012714176420, CMS TF WBO MUMBAI
, RTGS Cr-SBIN0004298-M s Century Metal Recycling Private-Century Metal Rceycling Pvt Ltd-SBINR12026012714176352,," 10,000,000.00",, 27/01/2026, SBINR12026012714176352, CMS TF WBO MUMBAI
, RTGS Cr ECMS-ICIC0099999-CMRGR1100LCU101770-JP JINDAL RECYCLING PRIVATE LI-629605501089,," 6,500,000.00",, 27/01/2026, ICICR22026012714070187, FORT
, Maruti Suzuki -1100B0226013490,,,"-2,593,000.00", 27/01/2026, HDFCH00759999624," NETBANK, MUMBAI"
, CCH3T4U19OVKZ2_DHBV-DHBVNL,,,"-80,458.00", 27/01/2026, 601275639012," NETBANK, MUMBAI"
, 57500000342857-2857,,,"-253,000,000.00", 27/01/2026, 601275559232," NETBANK, MUMBAI"
, FT601275558359-CMR NIKKEI INDIA PVT LTD 1274 FT-00930310001274,," 120,000,000.00",, 27/01/2026, 601275558359," NETBANK, MUMBAI"
, 12540310000177-177,,,"-3,000,000.00", 27/01/2026, 601275550326," NETBANK, MUMBAI"
, RTGS Cr ECMS-ICIC0099999-CMRGR1100LCU101770-JP JINDAL RECYCLING PRIVATE LI-629605501089,," 626,964.00",, 27/01/2026, ICICR22026012714071410, FORT
, FT Cr ECMS-CMRGR1100LCU101314-HERO MOTOCORP LIMITED 315-00030110000315,," 220,512,544.61",, 27/01/2026, 601275606697," NETBANK, MUMBAI"
, FT Cr ECMS-CMRGR1100LCU101319-HERO MOTOCORP LIMITED 315-00030110000315,," 1,417,055.68",, 27/01/2026, 601275606698," NETBANK, MUMBAI"
, Maersk Line In-1100B0226013487,,,"-24,791.80", 27/01/2026, HDFCH00760265253," NETBANK, MUMBAI"
, ODEX INDIA SOL-1100B0226013489,,,"-53,100.00", 27/01/2026, HDFCH00760264923," NETBANK, MUMBAI"
, Maersk Line In-1100B0226013488,,,"-58,539.80", 27/01/2026, HDFCH00760265260," NETBANK, MUMBAI"
, LIQUIDATION OF IMP COLL BILL,,,"-15,380,479.11", 27/01/2026, 612BC05260060003," KUNDLI, SONEPAT"
, Msc Mediterran-1100B0226013678,,,"-26,550.00", 27/01/2026, HDFCH00760316573," NETBANK, MUMBAI"
, Maersk Line In-1100B0226013576,,,"-803,237.80", 27/01/2026, HDFCH00760317275," NETBANK, MUMBAI"
, ODEX INDIA SOL-1100B0226013674,,,"-740,990.44", 27/01/2026, HDFCH00760319245," NETBANK, MUMBAI"
, Maersk Line In-1100B0226013616,,,"-268,815.80", 27/01/2026, HDFCH00760317310," NETBANK, MUMBAI"
, ODEX INDIA SOL-1100B0226013634,,,"-577,999.40", 27/01/2026, HDFCH00760317355," NETBANK, MUMBAI"
, 57500000342857-2857,,,"-200,000,000.00", 27/01/2026, 601275957498," NETBANK, MUMBAI"
, RTGS Cr-SCBL0036001-ENDURANCE TECHNOLOGIES LIMITED-CMR GREEN TECHNOLOGIES LIMITED-SCBLR12026012700828170,," 18,962,091.86",, 27/01/2026, SCBLR12026012700828170, FORT
, INW 270126I049913763 USD306199.5@91.69,," 28,075,432.16",, 27/01/2026, 270126401782," NETBANK, MUMBAI"
, 270126I049913763 DPO2602746431474 IGST,,,"-5,863.58", 27/01/2026, 270126401789," NETBANK, MUMBAI"
, FT Cr ECMS-CMRLTD151LCU101331-J B TRADING-50200083168153,," 863,100.00",, 27/01/2026, HDFC858F4E62CE8E," NETBANK, MUMBAI"
, FT Cr ECMS-CMRGR1100LCU101902-PRATEEK TRADERS-01532320000994,," 10,000.00",, 27/01/2026, NBONDVYSATEPYNSN," NETBANK, MUMBAI"
, NEFT Cr ECMS-IOBA0001450-CMRGR1100LCU100984-VINAYAK INDUSTRIES-145002000001334,," 2,284,000.00",, 27/01/2026, IOBAN26027447808, FORT
, COMM ON LIQD OF IMP COLL BILL,,,-177, 27/01/2026, 612BC05260270001," KUNDLI, SONEPAT"
, COMM ON EXPORT COLL BILL,,,-177, 27/01/2026, 612BC63260270005," KUNDLI, SONEPAT"
, WASTE TO ENERG-1100B0226013613,,,"-3,073,166.66", 27/01/2026, 601275457610," NETBANK, MUMBAI"
, PATIALA STEELS-1100B0226013544,,,"-3,297,111.61", 27/01/2026, 601275449519," NETBANK, MUMBAI"
, AMAIRA METALS-1100B0226013574,,,"-12,207,361.73", 27/01/2026, 601275449757," NETBANK, MUMBAI"
, P.G. Internati-1100B0226013501,,,"-12,759,969.60", 27/01/2026, HDFCH00760472148," NETBANK, MUMBAI"
, MINMAT FERRO A-1100B0226013563,,,"-4,305,245.60", 27/01/2026, HDFCH00760472769," NETBANK, MUMBAI"
, RAPIDUE TECHNO-1100B0226013553,,,"-4,473,607.21", 27/01/2026, HDFCH00760472151," NETBANK, MUMBAI"
, SHARMA METAL-1100B0226013565,,,"-16,379,294.55", 27/01/2026, HDFCH00760472785," NETBANK, MUMBAI"
, GURU KIRPA TRA-1100B0226013545,,,"-4,124,413.70", 27/01/2026, HDFCH00760473479," NETBANK, MUMBAI"
, SHIVAY ULTIMAT-1100B0226013561,,,"-3,783,458.40", 27/01/2026, HDFCH00760470856," NETBANK, MUMBAI"
, KOTHARI METAL -1100B0226013570,,,"-6,534,204.83", 27/01/2026, HDFCH00760473503," NETBANK, MUMBAI"
, MARWADI METALL-1100B0226013548,,,"-8,887,447.63", 27/01/2026, HDFCH00760469119," NETBANK, MUMBAI"
, ALPHA METALS -1100B0226013573,,,"-4,308,562.50", 27/01/2026, HDFCH00760473514," NETBANK, MUMBAI"
, ARYA STEELS-1100B0226013567,,,"-15,443,003.17", 27/01/2026, HDFCH00760470859," NETBANK, MUMBAI"
, R.M. ALLOYS PR-1100B0226013538,,,"-11,997,174.80", 27/01/2026, HDFCH00760473534," NETBANK, MUMBAI"
, Ankit Enterpri-1100B0226013523,,,"-37,503.20", 27/01/2026, 601275449351," NETBANK, MUMBAI"
, M S Machine To-1100B0226013520,,,"-6,946.10", 27/01/2026, 601275449324," NETBANK, MUMBAI"
, Sharma Steels -1100B0226013511,,,"-61,236.70", 27/01/2026, 601275449266," NETBANK, MUMBAI"
, MUNDHRA BROTHE-1100B0226013532,,,"-166,138.34", 27/01/2026, 601275449422," NETBANK, MUMBAI"
, Milap Tyres-1100B0226013518,,,"-38,052.00", 27/01/2026, 601275449311," NETBANK, MUMBAI"
, Shri Shyam Ent-1100B0226013525,,,"-15,682.52", 27/01/2026, 601275449364," NETBANK, MUMBAI"
, FS Internation-1100B0226013517,,,"-107,616.00", 27/01/2026, 601275449306," NETBANK, MUMBAI"
, Samit Sales Pv-1100B0226013498,,,"-28,320.00", 27/01/2026, 601275449647," NETBANK, MUMBAI"
, Ess Ess Cerate-1100B0226013504,,,"-34,810.00", 27/01/2026, 601275449212," NETBANK, MUMBAI"
, Shah Coal Depo-1100B0226013506,,,"-6,900.00", 27/01/2026, HDFCH00760527519," NETBANK, MUMBAI"
, Unique Furnace-1100B0226013516,,,"-129,210.00", 27/01/2026, HDFCH00760526789," NETBANK, MUMBAI"
, Linde India Li-1100B0226013507,,,"-10,110.24", 27/01/2026, HDFCH00760528480," NETBANK, MUMBAI"
, JASAWAT INDUST-1100B0226013536,,,"-35,400.00", 27/01/2026, HDFCH00760526811," NETBANK, MUMBAI"
, SHRI ROOP JI T-1100B0226013533,,,"-22,690.57", 27/01/2026, HDFCH00760526814," NETBANK, MUMBAI"
, Allcast Metals-1100B0226013513,,,"-28,320.00", 27/01/2026, HDFCH00760526825," NETBANK, MUMBAI"
, Shamshad-1100B0226013502,,,"-137,011.49", 27/01/2026, HDFCH00760527563," NETBANK, MUMBAI"
, Scottish Chemi-1100B0226013528,,,"-1,701,238.86", 27/01/2026, HDFCH00760528484," NETBANK, MUMBAI"
, Bharti Airtel -1100B0226013527,,,"-115,420.00", 27/01/2026, HDFCH00760527572," NETBANK, MUMBAI"
, WHEELS LOVER S-1100B0226013537,,,"-42,196.80", 27/01/2026, HDFCH00760529369," NETBANK, MUMBAI"
, Arte Engineeri-1100B0226013495,,,"-17,160.22", 27/01/2026, HDFCH00760529372," NETBANK, MUMBAI"
, Deepak Enginee-1100B0226013497,,,"-106,142.40", 27/01/2026, HDFCH00760526866," NETBANK, MUMBAI"
, National compu-1100B0226013512,,,"-22,184.00", 27/01/2026, HDFCH00760527581," NETBANK, MUMBAI"
, Hamraj Enterpr-1100B0226013485,,,"-10,760.00", 27/01/2026, HDFCH00760528510," NETBANK, MUMBAI"
, Bhavya Enginee-1100B0226013529,,,"-1,872.00", 27/01/2026, HDFCH00760528511," NETBANK, MUMBAI"
, Akshara Enterp-1100B0226013494,,,"-9,298.40", 27/01/2026, HDFCH00760528513," NETBANK, MUMBAI"
, Brahm Rishi En-1100B0226013503,,,"-14,726.40", 27/01/2026, HDFCH00760527587," NETBANK, MUMBAI"
, Kartik Packing-1100B0226013522,,,"-59,154.82", 27/01/2026, HDFCH00760529394," NETBANK, MUMBAI"
, Acryon Enginee-1100B0226013493,,,"-18,998.00", 27/01/2026, HDFCH00760523115," NETBANK, MUMBAI"
, Kalinga Air Ga-1100B0226013505,,,"-6,145.44", 27/01/2026, HDFCH00760529399," NETBANK, MUMBAI"
, Max Spare Limi-1100B0226013509,,,"-8,169.36", 27/01/2026, HDFCH00760526922," NETBANK, MUMBAI"
, Environment Po-1100B0226013526,,,"-15,163.20", 27/01/2026, HDFCH00760529400," NETBANK, MUMBAI"
, VICKY TRADERS-1100B0226013535,,,"-74,581.76", 27/01/2026, HDFCH00760527610," NETBANK, MUMBAI"
, LINDE INDIA LI-1100B0226013484,,,"-14,124.60", 27/01/2026, HDFCH00760527619," NETBANK, MUMBAI"
, SWASTIK INTERN-1100B0226013539,,,"-1,529,263.35", 27/01/2026, HDFCH00760527621," NETBANK, MUMBAI"
, Manesar H.P. G-1100B0226013510,,,"-6,591.98", 27/01/2026, HDFCH00760528551," NETBANK, MUMBAI"
, UNITRADE INDIA-1100B0226013486,,,"-31,714.00", 27/01/2026, HDFCH00760523152," NETBANK, MUMBAI"
, M.S. Engineeri-1100B0226013508,,,"-32,313.12", 27/01/2026, HDFCH00760527635," NETBANK, MUMBAI"
, MAHALAXMI TRAD-1100B0226013534,,,"-2,336.40", 27/01/2026, HDFCH00760527017," NETBANK, MUMBAI"
, Meet Engineeri-1100B0226013521,,,"-5,310.00", 27/01/2026, HDFCH00760527642," NETBANK, MUMBAI"
, DEEPAK TRADERS-1100B0226013492,,,"-1,891,289.60", 27/01/2026, HDFCH00760530156," NETBANK, MUMBAI"
, Shree Ram Ente-1100B0226013499,,,"-17,946.80", 27/01/2026, HDFCH00760527646," NETBANK, MUMBAI"
, Davy Air Servi-1100B0226013496,,,"-369,727.58", 27/01/2026, HDFCH00760527650," NETBANK, MUMBAI"
, Axcel Gases-1100B0226013514,,,"-18,015.06", 27/01/2026, HDFCH00760527653," NETBANK, MUMBAI"
, Vinay Trading -1100B0226013500,,,"-46,770.48", 27/01/2026, HDFCH00760527658," NETBANK, MUMBAI"
, HYDRO OIL FILT-1100B0226013531,,,"-48,555.00", 27/01/2026, HDFCH00760530166," NETBANK, MUMBAI"
, Jyoti Engineer-1100B0226013515,,,"-36,344.00", 27/01/2026, HDFCH00760530170," NETBANK, MUMBAI"
, Elektromag Joe-1100B0226013491,,,"-1,489,400.00", 27/01/2026, HDFCH00760527051," NETBANK, MUMBAI"
, HARSH TRANSPOR-1100B0226013530,,,"-1,015,602.44", 27/01/2026, HDFCH00760529486," NETBANK, MUMBAI"
, Gupta Engineer-1100B0226013519,,,"-11,647.40", 27/01/2026, HDFCH00760528614," NETBANK, MUMBAI"
, Industrial Fir-1100B0226013524,,,"-9,314.37", 27/01/2026, HDFCH00760530182," NETBANK, MUMBAI"
, WASTE TO ENERG-1100B0226013572,,,"-1,233,186.84", 27/01/2026, 601275449741," NETBANK, MUMBAI"
, PERFECT ARTS-1100B0226013585,,,"-11,020.00", 27/01/2026, 601275456672," NETBANK, MUMBAI"
, Everest Enterp-1100B0226013600,,,"-2,690.40", 27/01/2026, 601275457618," NETBANK, MUMBAI"
, N.C.R. BHARATG-1100B0226013541,,,"-216,049.71", 27/01/2026, 601275449498," NETBANK, MUMBAI"
, B2B GENIE PRIV-1100B0226013566,,,"-413,823.96", 27/01/2026, 601275449687," NETBANK, MUMBAI"
, SAMYAK INSTRUM-1100B0226013569,,,"-14,632.00", 27/01/2026, 601275449707," NETBANK, MUMBAI"
, MUNDHRA BROTHE-1100B0226013602,,,"-13,361.14", 27/01/2026, 601275457623," NETBANK, MUMBAI"
, Vhs Worldwide -1100B0226013579,,,"-89,560.75", 27/01/2026, 601275456660," NETBANK, MUMBAI"
, SHOUTNHIKE-1100B0226013587,,,"-29,160.00", 27/01/2026, 601275456636," NETBANK, MUMBAI"
, ABP MANAGEMENT-1100B0226013568,,,"-95,790.16", 27/01/2026, HDFCH00760527955," NETBANK, MUMBAI"
, SARU AIKOH CHE-1100B0226013546,,,"-200,718.00", 27/01/2026, HDFCH00760527959," NETBANK, MUMBAI"
, SERVICECOM TEC-1100B0226013582,,,"-3,304.00", 27/01/2026, HDFCH00760527968," NETBANK, MUMBAI"
, UNIKOM IT SOLU-1100B0226013591,,,"-2,925.00", 27/01/2026, HDFCH00760528964," NETBANK, MUMBAI"
, ASD ENTERPRISE-1100B0226013549,,,"-1,327.50", 27/01/2026, HDFCH00760527969," NETBANK, MUMBAI"
, PROGRESSION I-1100B0226013588,,,"-359,640.00", 27/01/2026, HDFCH00760531434," NETBANK, MUMBAI"
, KAKA VEHICLE F-1100B0226013564,,,"-1,090,579.96", 27/01/2026, HDFCH00760529786," NETBANK, MUMBAI"
, DURGA TRADERS-1100B0226013540,,,"-76,418.86", 27/01/2026, HDFCH00760530388," NETBANK, MUMBAI"
, AIR WATER INDI-1100B0226013557,,,"-2,320.00", 27/01/2026, HDFCH00760531483," NETBANK, MUMBAI"
, ARYA OMNITALK -1100B0226013559,,,"-16,320.00", 27/01/2026, HDFCH00760530434," NETBANK, MUMBAI"
, JADE SOLUTIONS-1100B0226013543,,,"-181,220.28", 27/01/2026, HDFCH00760531509," NETBANK, MUMBAI"
, ISHAN NETSOL P-1100B0226013562,,,"-84,100.00", 27/01/2026, HDFCH00760529794," NETBANK, MUMBAI"
, HARBANS SINGH-1100B0226013596,,,"-33,750.00", 27/01/2026, HDFCH00760530558," NETBANK, MUMBAI"
, AMR HOLIDAY-1100B0226013595,,,"-58,628.61", 27/01/2026, HDFCH00760531516," NETBANK, MUMBAI"
, BHARAT ASSOCI-1100B0226013586,,,"-363,752.92", 27/01/2026, HDFCH00760531526," NETBANK, MUMBAI"
, JAGDAMBA TRADI-1100B0226013555,,,"-5,782.00", 27/01/2026, HDFCH00760528008," NETBANK, MUMBAI"
, FERVENT GLOBAL-1100B0226013551,,,"-2,207,595.25", 27/01/2026, HDFCH00760528011," NETBANK, MUMBAI"
, ONVID SOLUTION-1100B0226013597,,,"-47,520.00", 27/01/2026, HDFCH00760528015," NETBANK, MUMBAI"
, Hind Terminals-1100B0226013578,,,"-355,136.32", 27/01/2026, HDFCH00760529810," NETBANK, MUMBAI"
, VRISHTI BEVERA-1100B0226013581,,,"-23,950.92", 27/01/2026, HDFCH00760530609," NETBANK, MUMBAI"
, BOMBAY STATION-1100B0226013601,,,"-17,233.50", 27/01/2026, HDFCH00760531683," NETBANK, MUMBAI"
, DLF CLUBS AND -1100B0226013593,,,"-327,378.00", 27/01/2026, HDFCH00760529101," NETBANK, MUMBAI"
, Infor India -1100B0226013577,,,"-61,900.34", 27/01/2026, HDFCH00760529103," NETBANK, MUMBAI"
, R J ENTERPRISE-1100B0226013554,,,"-39,555.12", 27/01/2026, HDFCH00760529834," NETBANK, MUMBAI"
, SUPRABHA PROTE-1100B0226013560,,,"-363,490.24", 27/01/2026, HDFCH00760530635," NETBANK, MUMBAI"
, VCS ENTERPRISE-1100B0226013584,,,"-58,506.20", 27/01/2026, HDFCH00760529107," NETBANK, MUMBAI"
, EATON POWER QU-1100B0226013592,,,"-26,784.40", 27/01/2026, HDFCH00760529847," NETBANK, MUMBAI"
, ANSH ENTERPRIS-1100B0226013575,,,"-2,279,414.40", 27/01/2026, HDFCH00760528050," NETBANK, MUMBAI"
, Jyoti Industri-1100B0226013599,,,"-119,180.00", 27/01/2026, HDFCH00760529121," NETBANK, MUMBAI"
, Pyrotek India -1100B0226013598,,,"-170,955.00", 27/01/2026, HDFCH00760531723," NETBANK, MUMBAI"
, HITECH BEARING-1100B0226013556,,,"-26,910.13", 27/01/2026, HDFCH00760528058," NETBANK, MUMBAI"
, Bharti Airtel -1100B0226013580,,,"-25,133.34", 27/01/2026, HDFCH00760530643," NETBANK, MUMBAI"
, DLF CLUBS AND -1100B0226013594,,,"-9,907.35", 27/01/2026, HDFCH00760528068," NETBANK, MUMBAI"
, SINGHAL METALL-1100B0226013558,,,"-674,227.22", 27/01/2026, HDFCH00760529886," NETBANK, MUMBAI"
, RAVI METALS P-1100B0226013547,,,"-2,144,138.88", 27/01/2026, HDFCH00760529913," NETBANK, MUMBAI"
, JHALANI EXTRUS-1100B0226013552,,,"-1,739,301.26", 27/01/2026, HDFCH00760532169," NETBANK, MUMBAI"
, TONER TECHNOLO-1100B0226013583,,,"-4,640.00", 27/01/2026, HDFCH00760532176," NETBANK, MUMBAI"
, PASCO EARTHMOV-1100B0226013550,,,"-229,590.18", 27/01/2026, HDFCH00760529959," NETBANK, MUMBAI"
, ATIF TRADING C-1100B0226013571,,,"-1,965,950.45", 27/01/2026, HDFCH00760532196," NETBANK, MUMBAI"
, TRADEFLAIR COR-1100B0226013589,,,"-20,520.00", 27/01/2026, HDFCH00760532203," NETBANK, MUMBAI"
, SETH AIR PRODU-1100B0226013542,,,"-5,782.00", 27/01/2026, HDFCH00760530670," NETBANK, MUMBAI"
, Sarvesh kumar-1100B0226013630,,,"-9,934.50", 27/01/2026, 601275550107," NETBANK, MUMBAI"
, FT-HDFC555122767-HAPPAY POOL ACCOUNT CMRG,,,"-176,130.02", 27/01/2026, 601275550094," NETBANK, MUMBAI"
, Ashish Kumar G-1100B0226013653,,,"-1,500.00", 27/01/2026, 601275550165," NETBANK, MUMBAI"
, BARODA STEEL A-1100B0226013607,,,"-57,049.46", 27/01/2026, 601275457598," NETBANK, MUMBAI"
, RAJESH SINGH-1100B0226013638,,,"-2,375.00", 27/01/2026, 601275550127," NETBANK, MUMBAI"
, Rahul Jayant-1100B0226013652,,,"-7,200.00", 27/01/2026, 601275550163," NETBANK, MUMBAI"
, Avnish Pal-1100B0226013654,,,"-1,323.02", 27/01/2026, 601275550167," NETBANK, MUMBAI"
, Pawan-1100B0226013650,,,"-7,400.00", 27/01/2026, 601275550158," NETBANK, MUMBAI"
, Anil Kumar Sha-1100B0226013633,,,"-10,032.00", 27/01/2026, HDFCH00760533356," NETBANK, MUMBAI"
, Harish Tripath-1100B0226013636,,,"-5,278.00", 27/01/2026, HDFCH00760534203," NETBANK, MUMBAI"
, SHIV TRADING C-1100B0226013604,,,"-1,131.00", 27/01/2026, HDFCH00760530837," NETBANK, MUMBAI"
, Ravindra Prata-1100B0226013623,,,"-10,600.00", 27/01/2026, HDFCH00760530150," NETBANK, MUMBAI"
, Hemant Yadav-1100B0226013628,,,"-2,400.00", 27/01/2026, HDFCH00760533375," NETBANK, MUMBAI"
, Abhishek Gupta-1100B0226013643,,,-800, 27/01/2026, HDFCH00760533379," NETBANK, MUMBAI"
, Pathik Patel-1100B0226013641,,,"-7,894.95", 27/01/2026, HDFCH00760530852," NETBANK, MUMBAI"
, KANUBHAI KHETA-1100B0226013603,,,"-3,465.00", 27/01/2026, HDFCH00760532594," NETBANK, MUMBAI"
, Mukesh Kumar J-1100B0226013640,,,"-5,213.00", 27/01/2026, HDFCH00760533406," NETBANK, MUMBAI"
, Pradeep Singh -1100B0226013655,,,"-3,863.00", 27/01/2026, HDFCH00760530862," NETBANK, MUMBAI"
, ARYA OMNITALK -1100B0226013609,,,"-9,240.00", 27/01/2026, HDFCH00760530867," NETBANK, MUMBAI"
, Mahesh Kumar T-1100B0226013620,,,"-2,380.00", 27/01/2026, HDFCH00760535171," NETBANK, MUMBAI"
, HI TECH ENTERP-1100B0226013608,,,"-79,166.20", 27/01/2026, HDFCH00760535175," NETBANK, MUMBAI"
, Ankur Singh-1100B0226013647,,,-530, 27/01/2026, HDFCH00760530874," NETBANK, MUMBAI"
, Narender Singh-1100B0226013637,,,-435, 27/01/2026, HDFCH00760533548," NETBANK, MUMBAI"
, Parasnath Yada-1100B0226013629,,,"-2,700.00", 27/01/2026, HDFCH00760535178," NETBANK, MUMBAI"
, SAGAR BHARATGA-1100B0226013606,,,"-8,749.99", 27/01/2026, HDFCH00760533558," NETBANK, MUMBAI"
, Ravi Gupta-1100B0226013642,,,"-18,489.00", 27/01/2026, HDFCH00760534342," NETBANK, MUMBAI"
, Sanjay Kumar C-1100B0226013626,,,"-2,411.00", 27/01/2026, HDFCH00760534348," NETBANK, MUMBAI"
, Prdeep Kumar-1100B0226013646,,,-900, 27/01/2026, HDFCH00760534349," NETBANK, MUMBAI"
, Vishal Vairagi-1100B0226013644,,,"-8,800.00", 27/01/2026, HDFCH00760534358," NETBANK, MUMBAI"
, Harsh Kumar-1100B0226013656,,,"-3,884.67", 27/01/2026, HDFCH00760532734," NETBANK, MUMBAI"
, AIRMAX PNEUMAT-1100B0226013612,,,"-21,544.44", 27/01/2026, HDFCH00760530907," NETBANK, MUMBAI"
, GEMINI EQUIPME-1100B0226013605,,,"-322,792.52", 27/01/2026, HDFCH00760533582," NETBANK, MUMBAI"
, SHIVDARSH HOSP-1100B0226013615,,,"-56,212.00", 27/01/2026, HDFCH00760533598," NETBANK, MUMBAI"
, Ram Gopal-1100B0226013639,,,"-4,928.10", 27/01/2026, HDFCH00760530913," NETBANK, MUMBAI"
, Narendra Das-1100B0226013631,,,"-12,009.00", 27/01/2026, HDFCH00760534379," NETBANK, MUMBAI"
, Sanjay Kumar S-1100B0226013648,,,-931, 27/01/2026, HDFCH00760532783," NETBANK, MUMBAI"
, Rajesh Kumar K-1100B0226013649,,,"-1,580.00", 27/01/2026, HDFCH00760530926," NETBANK, MUMBAI"
, Ishwar Das Hal-1100B0226013625,,,-336, 27/01/2026, HDFCH00760533637," NETBANK, MUMBAI"
, Naveen Kumar-1100B0226013632,,,"-6,940.00", 27/01/2026, HDFCH00760533639," NETBANK, MUMBAI"
, Lalit Kumar Gu-1100B0226013651,,,"-5,428.00", 27/01/2026, HDFCH00760530933," NETBANK, MUMBAI"
, Naresh Kumar-1100B0226013635,,,"-3,357.00", 27/01/2026, HDFCH00760535233," NETBANK, MUMBAI"
, ACCIL HOSPITAL-1100B0226013617,,,"-308,607.49", 27/01/2026, HDFCH00760533649," NETBANK, MUMBAI"
, Dinesh Kumar-1100B0226013624,,,"-3,000.00", 27/01/2026, HDFCH00760533655," NETBANK, MUMBAI"
, Tulsi Ram Yada-1100B0226013622,,,"-11,225.50", 27/01/2026, HDFCH00760530947," NETBANK, MUMBAI"
, BHOOMI TRANSPO-1100B0226013611,,,"-80,046.00", 27/01/2026, HDFCH00760530948," NETBANK, MUMBAI"
, parth parekh-1100B0226013645,,,"-1,349.40", 27/01/2026, HDFCH00760535255," NETBANK, MUMBAI"
, Deepak Kumar G-1100B0226013621,,,"-36,263.00", 27/01/2026, HDFCH00760530953," NETBANK, MUMBAI"
, Himanshu Gupta-1100B0226013627,,,"-7,056.00", 27/01/2026, HDFCH00760535257," NETBANK, MUMBAI"
, FLEET XPRESS P-1100B0226013610,,,"-69,600.00", 27/01/2026, HDFCH00760534416," NETBANK, MUMBAI"
, DIVINE CALIBRA-1100B0226013614,,,"-51,058.00", 27/01/2026, HDFCH00760532847," NETBANK, MUMBAI"
, RTGS Cr ECMS-ICIC0000011-cmrge1100lcu101885-BALAJI ELECTRIC INDUSTRIES-777705011889,," 1,346,734.00",, 27/01/2026, ICICR42026012700576198, FORT
, Suman Mangri N-1100B0226013685,,,"-400,000.00", 27/01/2026, HDFCH00760563412," NETBANK, MUMBAI"
, FT Cr ECMS-CMRLTD152LCU101557-S G M METAL COMPANY-50200085699296,," 1,117,373.00",, 27/01/2026, NBUMJ8LMGUUMK3WA," NETBANK, MUMBAI"
, FT Cr ECMS-CMRGR1100LSU107314-FERRO FINE ALLOYS-09712020002360,," 613,777.00",, 27/01/2026, NBHO6YLPG38BTYOL," NETBANK, MUMBAI"
, 57500000863497-eco,,,"-50,000,000.00", 27/01/2026, 601276173068," NETBANK, MUMBAI"
, RTGS Cr-SCBL0036001-ENDURANCE TECHNOLOGIES LIMITED-CMR GREEN TECHNOLOGIES LIMITED-SCBLR12026012700832871,," 21,714,990.42",, 27/01/2026, SCBLR12026012700832871, FORT
, RTGS Cr ECMS-ICIC0000011-CMRGR1100LCU101579-SHIVAANYA METAL ALLOYS-032705008599,," 3,032,600.00",, 27/01/2026, ICICR42026012700589350, FORT
, NEFT RETURN-PAYMENT STOPPED-ANSH ENTERPRISES-YESBN22026012700746508,," 2,279,414.40",, 27/01/2026, HDFCH00760528050, FORT
, COMM ON IMPORT LC ISSUED,,,"-46,932.14", 27/01/2026, 612SBBC260270003," KUNDLI, SONEPAT"
, COMM ON IMPORT LC ISSUED,,,"-22,178.10", 27/01/2026, 612SBBC260270002," KUNDLI, SONEPAT"
, COMM ON IMPORT LC ISSUED,,,"-69,923.26", 27/01/2026, 612SBBC260270001," KUNDLI, SONEPAT"
, LIQUIDATION OF IMP COLL BILL,,,"-22,857,183.24", 27/01/2026, 612BC05253510005," KUNDLI, SONEPAT"
, LIQUIDATION OF IMP COLL BILL,,,"-24,265,472.54", 27/01/2026, 612BC05253510006," KUNDLI, SONEPAT"
, LIQUIDATION OF IMP COLL BILL,,,"-7,457,861.02", 27/01/2026, 612BC05260190002," KUNDLI, SONEPAT"
, LIQUIDATION OF IMP COLL BILL,,,"-8,546,182.10", 27/01/2026, 612BC05260150001," KUNDLI, SONEPAT"
, Puneesh Lamba-1100B0226013659,,,"-2,000.00", 27/01/2026, HDFCH00761017868," NETBANK, MUMBAI"
, ApporvaTiwari-1100B0226013660,,,"-4,401.92", 27/01/2026, HDFCH00761018630," NETBANK, MUMBAI"
, Rishabh Saini-1100B0226013658,,,"-6,827.00", 27/01/2026, HDFCH00761019703," NETBANK, MUMBAI"
, Ayush kumar-1100B0226013662,,,"-1,728.60", 27/01/2026, HDFCH00761017036," NETBANK, MUMBAI"
, Lovekesh Kumar-1100B0226013668,,,-700.5, 27/01/2026, HDFCH00761017875," NETBANK, MUMBAI"
, Ajay Kumar Pra-1100B0226013661,,,"-14,773.00", 27/01/2026, 601275550190," NETBANK, MUMBAI"
, Rudra Narayan -1100B0226013667,,,"-3,623.00", 27/01/2026, HDFCH00761019715," NETBANK, MUMBAI"
, Prateek Rai-1100B0226013665,,,"-3,377.15", 27/01/2026, HDFCH00761017037," NETBANK, MUMBAI"
, Aman Kesarwani-1100B0226013657,,,"-5,242.00", 27/01/2026, 601275550178," NETBANK, MUMBAI"
, Shivam Rathan-1100B0226013664,,,"-1,416.00", 27/01/2026, HDFCH00761017043," NETBANK, MUMBAI"
, Ravi Kant sing-1100B0226013663,,,"-2,052.00", 27/01/2026, 601275550198," NETBANK, MUMBAI"
, Shivam Gupta-1100B0226013666,,,"-3,817.96", 27/01/2026, HDFCH00761017049," NETBANK, MUMBAI"
, Vivek Giri-1100B0226013670,,,"-5,047.00", 27/01/2026, HDFCH00761019737," NETBANK, MUMBAI"
, Rahul Verma-1100B0226013669,,,"-1,620.84", 27/01/2026, HDFCH00761019738," NETBANK, MUMBAI"
, Vijay Kumar-1100B0226013671,,,"-2,977.58", 27/01/2026, HDFCH00761017076," NETBANK, MUMBAI"
, LIQUIDATION OF IMP COLL BILL,,,"-3,774,275.51", 27/01/2026, 612BC05253640004," KUNDLI, SONEPAT"
, RTGS Cr ECMS-CBIN0280278-CMRLTD201LCU101105-K P S PRODUCTS-00000003389254474,," 300,000.00",, 27/01/2026, CBINR52026012710008208, FORT
, RTGS Cr ECMS-ICIC0000011-CMRLTD151LCU101391-PRIME RECYCLERS-038705002558,," 760,000.00",, 27/01/2026, ICICR42026012700600551, FORT
, AUTO SWEEPOUT TO CMR GREEN TECHNOLOGI 57500000342857,," 1,936,975.26",, 27/01/2026,, FARIDABAD HARYANA
, AUTO SWEEPOUT TO CMR GREEN TECHNOLOGI 12540310000177,," 141,816.59",, 27/01/2026,, SRIPERAMBUDUR
1/28/2026,Opening balance,"-174,686,556.92",,,,,
, FT Cr ECMS-CMRGR1100LCU100963-HEAVEN TRADING COMPANY-50200074139709,," 895,050.00",, 28/01/2026, HDFC668418CEE57F," NETBANK, MUMBAI"
, RTGS Cr ECMS-INDB0000098-CMRGR1100LCU101587-RITIKA TRADING COMPANY-259716215100,," 810,424.00",, 28/01/2026, INDBR32026012800774059, FORT
, FT Cr ECMS-CMRLTD152LCU101434-AMIT ALLOYS COMPANY-99997635077350,," 715,000.00",, 28/01/2026, HDFC0129BA5BE3DC," NETBANK, MUMBAI"
, RTGS Cr ECMS-KKBK0000958-CMRGR1100LCU100496-GMC ENTERPRISES-0747497392,," 1,500,000.00",, 28/01/2026, KKBKR12026012800627209, FORT
, RTGS Cr ECMS-KKBK0000958-CMRGR1100LCU100496-GMC ENTERPRISES-0747497392,," 1,520,800.00",, 28/01/2026, KKBKR12026012800627278, FORT
, FT Cr ECMS-CMRLTD151LCU101434-AMIT ALLOYS COMPANY-99997635077350,," 161,000.00",, 28/01/2026, HDFC9C5001A6982B," NETBANK, MUMBAI"
, NEFT Cr ECMS-UTIB0000056-CMRGR1100LCU101778-MAHI METALS-924030050652002,," 167,000.00",, 28/01/2026, AXOMB02802014369, FORT
, FT Cr ECMS-CMRLTD151LCU101434-AMIT ALLOYS COMPANY-99997635077350,," 506,516.00",, 28/01/2026, NBF8EEUX9R3IEX0A," NETBANK, MUMBAI"
, FT601286563163-CMR NIKKEI INDIA PVT LTD 1274 FT-00930310001274,," 70,000,000.00",, 28/01/2026, 601286563163," NETBANK, MUMBAI"
, IMPS CR ECMS-9020-CMRGR1100LCU100984-VINAYAK INDUSTRIES-145002000001334,," 6,000.00",, 28/01/2026, 602809296618, FARIDABAD HARYANA
, FT Cr ECMS-CMRGR1100LCU101902-PRATEEK TRADERS-01532320000994,," 743,700.00",, 28/01/2026, NBAYH3AVMBSCY6XS," NETBANK, MUMBAI"
, RTGS Cr ECMS-CNRB0019260-CMRGR1100LSU101904-SAWA ENTERPRISES-125005017703,," 393,300.00",, 28/01/2026, CNRBR52026012875813472, FORT
, LOCAL BILL LIQUIDATED,,,"-46,472,678.28", 28/01/2026, 612SB04260150007," KUNDLI, SONEPAT"
, RTGS Cr ECMS-CBIN0280278-CMRLTD201LCU101105-K P S PRODUCTS-00000003389254474,," 2,500,000.00",, 28/01/2026, CBINR12026012810006447, FORT
, LOCAL BILL LIQUIDATED,,,"-45,803,934.32", 28/01/2026, 612SB04260200003," KUNDLI, SONEPAT"
, RTGS Cr ECMS-ICIC0000011-CMRLTD201LCU100490-M K TRADERS CASTING-661305500712,," 585,000.00",, 28/01/2026, ICICR42026012800519983, FORT
, RTGS Cr-SBIN0004298-M s Century Metal Recycling Private-Century Metal Rceycling Pvt Ltd-SBINR12026012814314830,," 10,000,000.00",, 28/01/2026, SBINR12026012814314830, CMS TF WBO MUMBAI
, RTGS Cr-SBIN0004298-M s Century Metal Recycling Private-Century Metal Rceycling Pvt Ltd-SBINR12026012814314819,," 10,000,000.00",, 28/01/2026, SBINR12026012814314819, CMS TF WBO MUMBAI
, RTGS Cr-SBIN0004298-M s Century Metal Recycling Private-Century Metal Rceycling Pvt Ltd-SBINR12026012814314787,," 10,000,000.00",, 28/01/2026, SBINR12026012814314787, CMS TF WBO MUMBAI
, RTGS Cr-SBIN0004298-M s Century Metal Recycling Private-Century Metal Rceycling Pvt Ltd-SBINR12026012814314737,," 10,000,000.00",, 28/01/2026, SBINR12026012814314737, CMS TF WBO MUMBAI
, RTGS Cr-SBIN0004298-M s Century Metal Recycling Private-Century Metal Rceycling Pvt Ltd-SBINR12026012814314792,," 10,000,000.00",, 28/01/2026, SBINR12026012814314792, CMS TF WBO MUMBAI
, RTGS Cr-SCBL0036001-SUNBEAM LIGHTWEIGHTING SOLUTIONS PR-CMR GREEN TECHNOLOGIES LIMITED-SCBLR12026012800845317,," 11,335,328.68",, 28/01/2026, SCBLR12026012800845317, FORT
, RTGS Cr-SCBL0036001-SUNBEAM LIGHTWEIGHTING SOLUTIONS PR-CMR GREEN TECHNOLOGIES LIMITED-SCBLR12026012800845319,," 11,113,838.68",, 28/01/2026, SCBLR12026012800845319, FORT
, RTGS Cr-SCBL0036001-SUNBEAM LIGHTWEIGHTING SOLUTIONS PR-CMR GREEN TECHNOLOGIES LIMITED-SCBLR12026012800845320,," 19,544,724.85",, 28/01/2026, SCBLR12026012800845320, FORT
, RTGS Cr-SCBL0036001-SUNBEAM LIGHTWEIGHTING SOLUTIONS PR-CMR GREEN TECHNOLOGIES LIMITED-SCBLR12026012800845323,," 49,771,245.28",, 28/01/2026, SCBLR12026012800845323, FORT
, RTGS Cr ECMS-INDB0000098-CMRGR1100LCU101587-RITIKA TRADING COMPANY-259716215100,," 905,768.00",, 28/01/2026, INDBR32026012800786967, FORT
, RTGS Cr ECMS-CNRB0019260-CMRGR1100LCU101620-RITIK TRADING COMPAN-120017944599,," 700,000.00",, 28/01/2026, CNRBR52026012875868741, FORT
, 12540310000177-1240 to 177,,,"-10,000,000.00", 28/01/2026, 601287000697," NETBANK, MUMBAI"
, 57500000342857-1240 to 2857,,,"-20,300,000.00", 28/01/2026, 601286996412," NETBANK, MUMBAI"
, Msc Mediterran-1100B0226013718,,,"-32,851.20", 28/01/2026, HDFCH00761994975," NETBANK, MUMBAI"
, RAJ TRANSPORT -1100B0226013707,,,"-245,290.50", 28/01/2026, HDFCH00761994976," NETBANK, MUMBAI"
, IMPS CR ECMS-9052-CMRGR1100LCU101769-AMAN ENTERPRISES-0667202500004701,," 55,000.00",, 28/01/2026, 602836014445, FARIDABAD HARYANA
, NEFT Cr ECMS-IOBA0001450-CMRGR1100LCU100984-VINAYAK INDUSTRIES-145002000001334,," 2,295,000.00",, 28/01/2026, IOBAN26028516581, FORT
, 57500000863497-eco,,,"-40,000,000.00", 28/01/2026, 601287074129," NETBANK, MUMBAI"
, NEFT Cr ECMS-MAHB0001317-CMRGR1100LCU101891-SINGHAL CHEMICAL INDUSTRIES-00000060307493207,," 14,160.00",, 28/01/2026, MAHBH00839443014, FORT
, RTGS Cr ECMS-MAHB0001317-CMRGR1100LCU101891-SINGHAL CHEMICAL INDUSTRIES -00000060307493207,," 1,416,000.00",, 28/01/2026, MAHBR52026012822811928, FORT
, RTGS Cr-UTIB0001609-SHRIRAM PISTONS RINGS LIMITED-CMR GREEN TECHNOLOGIES LIMITED-UTIBR72026012800000956,," 6,747,280.44",, 28/01/2026, UTIBR72026012800000956, FORT
, FT Cr ECMS-CMRGR1100LCU100221-NIYAZ MOHD TRADING AND CASTING-59209813362326,," 458,843.00",, 28/01/2026, NBYQDS45G0Z4KY1V," NETBANK, MUMBAI"
, CHCE0A219T134I-CBICICEGATE,,,"-780,571.00", 28/01/2026, 601287433127," NETBANK, MUMBAI"
, KOTAK SECURITI-1100B0226013732,,,"-10,000,000.00", 28/01/2026, HDFCH00762744054," NETBANK, MUMBAI"
, INW 280126I049903740 USD168581.12@91.79,," 15,474,061.00",, 28/01/2026, 280126330905," NETBANK, MUMBAI"
, 280126I049903740 DPO2602848052381 IGST,,,"-3,595.33", 28/01/2026, 280126330912," NETBANK, MUMBAI"
, RTGS Cr-ICIC0099999-RICO AUTO INDUSTRIES LIMITED-CMR GREEN TECHNOLOGIES LIMITED-ICICR22026012814110580,," 14,491,619.16",, 28/01/2026, ICICR22026012814110580, FORT
, RTGS Cr ECMS-KKBK0000958-CMRGR1100LCU101760-NIA METALS-3347508444,," 263,000.00",, 28/01/2026, KKBKR52026012800813106, FORT
, RTGS Cr-UTIB0000039-CMR GREEN TECHNOLOGIES LIMITED FORMERLY-CENTURY METAL RECYCLING LIMITE-UTIBR62026012852858678,," 2,100,000.00",, 28/01/2026, UTIBR62026012852858678, FORT
, RTGS Cr-UTIB0000039-CMR GREEN TECHNOLOGIES LIMITED FORMERLY-CENTURY METAL RECYCLING LIMITE-UTIBR62026012852859062,," 9,900,000.00",, 28/01/2026, UTIBR62026012852859062, CMS TF WBO MUMBAI
, RTGS Cr-UTIB0000039-CMR GREEN TECHNOLOGIES LIMITED FORMERLY-CENTURY METAL RECYCLING LIMITE-UTIBR62026012852858669,," 9,900,000.00",, 28/01/2026, UTIBR62026012852858669, CMS TF WBO MUMBAI
, RTGS Cr-UTIB0000039-CMR GREEN TECHNOLOGIES LIMITED FORMERLY-CENTURY METAL RECYCLING LIMITE-UTIBR62026012852858644,," 9,900,000.00",, 28/01/2026, UTIBR62026012852858644, CMS TF WBO MUMBAI
, RTGS Cr-UTIB0000039-CMR GREEN TECHNOLOGIES LIMITED FORMERLY-CENTURY METAL RECYCLING LIMITE-UTIBR62026012852859070,," 9,900,000.00",, 28/01/2026, UTIBR62026012852859070, CMS TF WBO MUMBAI
, RTGS Cr-UTIB0000039-CMR GREEN TECHNOLOGIES LIMITED FORMERLY-CENTURY METAL RECYCLING LIMITE-UTIBR62026012852859071,," 9,900,000.00",, 28/01/2026, UTIBR62026012852859071, CMS TF WBO MUMBAI
, RTGS Cr-UTIB0000039-CMR GREEN TECHNOLOGIES LIMITED FORMERLY-CENTURY METAL RECYCLING LIMITE-UTIBR62026012852858683,," 9,900,000.00",, 28/01/2026, UTIBR62026012852858683, CMS TF WBO MUMBAI
, AUTO SWEEPOUT TO CMR GREEN TECHNOLOGI 57500000342857,," 56,386.00",, 28/01/2026,, FARIDABAD HARYANA
, AUTO SWEEPOUT TO CMR GREEN TECHNOLOGI 12540310000177,," 2,994,856.34",, 28/01/2026,, SRIPERAMBUDUR
1/29/2026,Opening balance,"-18,684,576.12",,,,,
, RTGS Cr ECMS-IDFB0021315-CMRLTD201LCU100393-J V K ENTERPRISES-50000019860,," 300,000.00",, 29/01/2026, IDFBR62026012901619212, FORT
, NEFT Cr ECMS-CNRB0019251-CMRLTD151LCU101556-M S ENTERPRISES-92511400000402,," 1,000,000.00",, 29/01/2026, CNRBH00106290109, FORT
, IMPS CR ECMS-9015-CMRGR1100LCU101620-RITIK TRADING COMPAN-120017944599,," 400,000.00",, 29/01/2026, 602907509692, FARIDABAD HARYANA
, FT Cr ECMS-CMRGR1100LCU100963-HEAVEN TRADING COMPANY-50200074139709,," 681,700.00",, 29/01/2026, HDFC6AAAA1C56FA7," NETBANK, MUMBAI"
, RTGS Cr ECMS-KKBK0000958-CMRGR1100LCU101691-VEDANSH TRADING-3850190839,," 2,590,000.00",, 29/01/2026, KKBKR52026012900839107, FORT
, RTGS Cr ECMS-INDB0000098-CMRGR1100LCU101587-RITIKA TRADING COMPANY-259716215100,," 810,424.00",, 29/01/2026, INDBR32026012900817451, FORT
, FT Cr ECMS-CMRLTD154LCU101434-AMIT ALLOYS COMPANY-99997635077350,," 383,800.00",, 29/01/2026, HDFC721963CC16C5," NETBANK, MUMBAI"
, FT Cr ECMS-CMRLTD151LCU101434-AMIT ALLOYS COMPANY-99997635077350,," 160,000.00",, 29/01/2026, HDFC81A512ADF2F1," NETBANK, MUMBAI"
, FT Cr ECMS-CMRLTD152LCU101434-AMIT ALLOYS COMPANY-99997635077350,," 128,800.00",, 29/01/2026, HDFC01F949D51C67," NETBANK, MUMBAI"
, FT Cr ECMS-CMRLTD201LCU100820-MOHINI INDUSTRIES-50200033588193,," 1,514,600.00",, 29/01/2026, NBRPZMTFSZP5KSLF," NETBANK, MUMBAI"
, FT Cr ECMS-CMRLTD151LCU101434-AMIT ALLOYS COMPANY-99997635077350,," 506,500.00",, 29/01/2026, NBMACZCTDVFHWZNY," NETBANK, MUMBAI"
, FT CR ECMS-CMRGR1100LCU100767-PEEYUSH METAL-50200073483622,," 2,725,800.00",, 29/01/2026, 000174, RAILWAY ROAD ALIGARH
, NEFT Cr ECMS-CNRB0019251-CMRLTD152LCU101556-M S ENTERPRISES-92511400000402,," 50,000.00",, 29/01/2026, CNRBH00106294554, FORT
, RTGS Cr ECMS-INDB0000098-CMRGR1100LCU101587-RITIKA TRADING COMPANY-259716215100,," 905,768.00",, 29/01/2026, INDBR32026012900821399, FORT
, LOCAL BILL LIQUIDATED,,,"-19,462,517.38", 29/01/2026, 612SB04260150005," KUNDLI, SONEPAT"
, LOCAL BILL LIQUIDATED,,,"-46,857,507.16", 29/01/2026, 612SB04260200004," KUNDLI, SONEPAT"
, LOCAL BILL LIQUIDATED,,,"-18,751,102.76", 29/01/2026, 612SB04260200005," KUNDLI, SONEPAT"
, LOCAL BILL LIQUIDATED,,,"-21,347,591.83", 29/01/2026, 612SB04260150004," KUNDLI, SONEPAT"
, RTGS Cr ECMS-KKBK0000958-CMRGR1100LCU101249-WHITEROCK-9945250938,," 9,300,000.00",, 29/01/2026, KKBKR12026012900877147, FORT
, IMPS CR ECMS-9751-cmrgr1100lcu101943-MR TRADING CO-89650005280,," 360,000.00",, 29/01/2026, 602912616278, FARIDABAD HARYANA
, IMPS CR ECMS-9751-cmrgr1100lcu101943-MR TRADING CO-89650005280,," 200,000.00",, 29/01/2026, 602912619237, FARIDABAD HARYANA
, RTGS Cr-UTIB0000039-CMR GREEN TECHNOLOGIES LIMITED FORMERLY-CENTURY METAL RECYCLING LIMITE-UTIBR62026012952955361,," 40,000,000.00",, 29/01/2026, UTIBR62026012952955361, CMS TF WBO MUMBAI
, RTGS Cr-SBIN0004298-M s Century Metal Recycling Private-Century Metal Rceycling Pvt Ltd-SBINR12026012914512901,," 10,000,000.00",, 29/01/2026, SBINR12026012914512901, CMS TF WBO MUMBAI
, RTGS Cr-SBIN0004298-M s Century Metal Recycling Private-Century Metal Rceycling Pvt Ltd-SBINR12026012914513027,," 10,000,000.00",, 29/01/2026, SBINR12026012914513027, CMS TF WBO MUMBAI
, RTGS Cr-SBIN0004298-M s Century Metal Recycling Private-Century Metal Rceycling Pvt Ltd-SBINR12026012914513010,," 10,000,000.00",, 29/01/2026, SBINR12026012914513010, CMS TF WBO MUMBAI
, RTGS Cr-SBIN0004298-M s Century Metal Recycling Private-Century Metal Rceycling Pvt Ltd-SBINR12026012914512866,," 10,000,000.00",, 29/01/2026, SBINR12026012914512866, CMS TF WBO MUMBAI
, RTGS Cr-SBIN0004298-M s Century Metal Recycling Private-Century Metal Rceycling Pvt Ltd-SBINR12026012914512974,," 10,000,000.00",, 29/01/2026, SBINR12026012914512974, CMS TF WBO MUMBAI
, RTGS Cr-SBIN0004298-M s Century Metal Recycling Private-Century Metal Rceycling Pvt Ltd-SBINR12026012914513009,," 10,000,000.00",, 29/01/2026, SBINR12026012914513009, CMS TF WBO MUMBAI
, RTGS Cr-SBIN0004298-M s Century Metal Recycling Private-Century Metal Rceycling Pvt Ltd-SBINR12026012914512900,," 10,000,000.00",, 29/01/2026, SBINR12026012914512900, CMS TF WBO MUMBAI
, RTGS Cr-SBIN0004298-M s Century Metal Recycling Private-Century Metal Rceycling Pvt Ltd-SBINR12026012914512905,," 10,000,000.00",, 29/01/2026, SBINR12026012914512905, CMS TF WBO MUMBAI
, RTGS Cr-SBIN0004298-M s Century Metal Recycling Private-Century Metal Rceycling Pvt Ltd-SBINR12026012914513029,," 10,000,000.00",, 29/01/2026, SBINR12026012914513029, CMS TF WBO MUMBAI
, ODEX INDIA SOL-1100B0226013721,,,"-946,721.08", 29/01/2026, HDFCH00764384889," NETBANK, MUMBAI"
, Hyundai Mercha-1100B0226013722,,,"-89,794.46", 29/01/2026, HDFCH00764386253," NETBANK, MUMBAI"
, Cosco Shipping-1100B0226013744,,,"-326,895.40", 29/01/2026, HDFCH00764386929," NETBANK, MUMBAI"
, TREIS SOLUTION-1100B0226013767,,,"-130,844.08", 29/01/2026, HDFCH00764386258," NETBANK, MUMBAI"
, RTGS Cr ECMS-MAHB0001317-CMRGR1100LCU101891-SINGHAL CHEMICAL INDUSTRIES -00000060307493207,," 1,500,000.00",, 29/01/2026, MAHBR52026012922825574, FORT
, ODEX INDIA SOL-1100B0226013800,,,"-9,440.00", 29/01/2026, HDFCH00764635390," NETBANK, MUMBAI"
, Ocean Network -1100B0226013796,,,"-304,027.00", 29/01/2026, HDFCH00764633112," NETBANK, MUMBAI"
, Ocean Network -1100B0226013794,,,"-304,027.00", 29/01/2026, HDFCH00764633114," NETBANK, MUMBAI"
, ODEX INDIA SOL-1100B0226013792,,,"-2,219,791.22", 29/01/2026, HDFCH00764637817," NETBANK, MUMBAI"
, RTGS Cr ECMS-CNRB0019260-CMRGR1100LCU101620-RITIK TRADING COMPANY-120017944599,," 2,000,000.00",, 29/01/2026, CNRBR52026012976036615, FORT
, RTGS Cr ECMS-CNRB0018238-CMRGR1100LCU101813-NEW METAL INDIA-125006674160,," 1,800,000.00",, 29/01/2026, CNRBR52026012976043071, FORT
, IMPS CR ECMS-9485-CMRGR1100LCU101825-SHREE SHYAM TRADERS-3347733051,," 424,000.00",, 29/01/2026, 602915373649, FARIDABAD HARYANA
, FT601298672447-CMR TOYOTSU ALUMINIUM INDIA PL FT-00930310001264,," 90,000,000.00",, 29/01/2026, 601298672447," NETBANK, MUMBAI"
, RTGS Cr ECMS-MAHB0001317-CMRGR1100LCU101891-SINGHAL CHEMICAL INDUSTRIES -00000060307493207,," 496,265.00",, 29/01/2026, MAHBR52026012922829135, FORT
, ODEX INDIA SOL-1100B0226013803,,,"-50,460.00", 29/01/2026, HDFCH00764925027," NETBANK, MUMBAI"
, RTGS Cr-SBIN0004298-M s Century Metal Recycling Private-Century Metal Rceycling Pvt Ltd-SBINR12026012914577840,," 10,000,000.00",, 29/01/2026, SBINR12026012914577840, CMS TF WBO MUMBAI
, 601298588270Hold Salary Vasu15556,,,"-27,631.00", 29/01/2026, HDFCH00764952920," NETBANK, MUMBAI"
, RTGS Cr-SBIN0004298-M s Century Metal Recycling Private-Century Metal Rceycling Pvt Ltd-SBINR12026012914581479,," 10,000,000.00",, 29/01/2026, SBINR12026012914581479, CMS TF WBO MUMBAI
, RTGS Cr-SBIN0004298-M s Century Metal Recycling Private-Century Metal Rceycling Pvt Ltd-SBINR12026012914581434,," 10,000,000.00",, 29/01/2026, SBINR12026012914581434, CMS TF WBO MUMBAI
, RTGS Cr-SBIN0004298-M s Century Metal Recycling Private-Century Metal Rceycling Pvt Ltd-SBINR12026012914581435,," 10,000,000.00",, 29/01/2026, SBINR12026012914581435, CMS TF WBO MUMBAI
, HOTEL SARVOTTA-1100B0226013757,,,"-69,207.12", 29/01/2026, 601297955649," NETBANK, MUMBAI"
, JOHAR AUTOMOB-1100B0226013749,,,"-1,473,281.70", 29/01/2026, 601297935360," NETBANK, MUMBAI"
, ASA ASSOCIAT-1100B0226013779,,,"-81,000.00", 29/01/2026, 601298021061," NETBANK, MUMBAI"
, SAIDEEP VIBRAT-1100B0226013750,,,"-17,759.00", 29/01/2026, HDFCH00764997645," NETBANK, MUMBAI"
, ARYA STEELS-1100B0226013770,,,"-379,412.25", 29/01/2026, HDFCH00765000813," NETBANK, MUMBAI"
, RAPIDUE TECHNO-1100B0226013760,,,"-1,906,551.45", 29/01/2026, HDFCH00764998386," NETBANK, MUMBAI"
, GNEXAA INFO SO-1100B0226013765,,,"-55,382.94", 29/01/2026, HDFCH00765000818," NETBANK, MUMBAI"
, AGARWAL S. A-1100B0226013763,,,"-64,800.00", 29/01/2026, HDFCH00765000479," NETBANK, MUMBAI"
, M P INDUSTRIAL-1100B0226013752,,,"-63,507.60", 29/01/2026, HDFCH00765000819," NETBANK, MUMBAI"
, Parmanand Tiwa-1100B0226013746,,,"-12,400.00", 29/01/2026, HDFCH00764998397," NETBANK, MUMBAI"
, AM TRADING CO.-1100B0226013771,,,"-2,337,344.75", 29/01/2026, HDFCH00765000487," NETBANK, MUMBAI"
, ADITI ENTERPRI-1100B0226013754,,,"-40,000.00", 29/01/2026, HDFCH00765000498," NETBANK, MUMBAI"
, Continental Th-1100B0226013748,,,"-2,652.00", 29/01/2026, HDFCH00765001910," NETBANK, MUMBAI"
, Pratibha Agarw-1100B0226013764,,,"-79,748.14", 29/01/2026, HDFCH00764998407," NETBANK, MUMBAI"
, GULAFSHA GUPTA-1100B0226013762,,,"-12,486.60", 29/01/2026, HDFCH00765000834," NETBANK, MUMBAI"
, M S JAY AMBE M-1100B0226013747,,,"-290,445.00", 29/01/2026, HDFCH00765000841," NETBANK, MUMBAI"
, UNIKOM IT SOLU-1100B0226013751,,,"-23,400.00", 29/01/2026, HDFCH00765000510," NETBANK, MUMBAI"
, MAKE MY TRIP -1100B0226013758,,,"-150,324.55", 29/01/2026, HDFCH00765000852," NETBANK, MUMBAI"
, POWERTEK CONTR-1100B0226013756,,,"-19,000.00", 29/01/2026, HDFCH00765000853," NETBANK, MUMBAI"
, BHARAT SCRAP F-1100B0226013769,,,"-1,340,676.34", 29/01/2026, HDFCH00765000531," NETBANK, MUMBAI"
, SINGHAL METALL-1100B0226013761,,,"-37,234.90", 29/01/2026, HDFCH00764998432," NETBANK, MUMBAI"
, RTGS Cr ECMS-ICIC0000011-CMRGE1100LCU101832-MANOJ TRADING CO.-235451000006,," 4,886,360.00",, 29/01/2026, ICICR42026012900567305, FORT
, IMPS CR ECMS-9012-CMRGR1100LCU101696-KHUSHBUENTERPRISES-45590200000197,," 25,000.00",, 29/01/2026, 602917613284, FARIDABAD HARYANA
, NEFT Cr ECMS-BKID0000200-CMRGR1100LCU101880-AKHILESH FABRICATOR-673520110000226,," 1,156,500.00",, 29/01/2026, BKIDY26029724966, FORT
, RTGS Cr-ICIC0000083-CMR ALUMINIUM PVT LTD-CMR GREEN TECHNOLOGIES LTD-ICICR52026012900458326,," 120,000,000.00",, 29/01/2026, ICICR52026012900458326, FORT
, COMM ON LIQD OF IMP COLL BILL,,,-177, 29/01/2026, 612BC05260290003," KUNDLI, SONEPAT"
, 57500000342857-1240 to 2857,,,"-302,800,000.00", 29/01/2026, 601298922627," NETBANK, MUMBAI"
, COMM ON LIQD OF IMP COLL BILL,,,-177, 29/01/2026, 612BC05260290004," KUNDLI, SONEPAT"
, KOTAK SECURITI-1100B0226013814,,,"-2,500,000.00", 29/01/2026, HDFCH00765244153," NETBANK, MUMBAI"
, KOTAK SECURITI-1100B0226013817,,,"-2,500,000.00", 29/01/2026, HDFCH00765245204," NETBANK, MUMBAI"
, KOTAK SECURITI-1100B0226013810,,,"-2,500,000.00", 29/01/2026, HDFCH00765246344," NETBANK, MUMBAI"
, KOTAK SECURITI-1100B0226013820,,,"-2,500,000.00", 29/01/2026, HDFCH00765245212," NETBANK, MUMBAI"
, KOTAK SECURITI-1100B0226013812,,,"-2,500,000.00", 29/01/2026, HDFCH00765245475," NETBANK, MUMBAI"
, KOTAK SECURITI-1100B0226013816,,,"-2,500,000.00", 29/01/2026, HDFCH00765244171," NETBANK, MUMBAI"
, KOTAK SECURITI-1100B0226013818,,,"-2,500,000.00", 29/01/2026, HDFCH00765245481," NETBANK, MUMBAI"
, KOTAK SECURITI-1100B0226013813,,,"-2,500,000.00", 29/01/2026, HDFCH00765246426," NETBANK, MUMBAI"
, KOTAK SECURITI-1100B0226013815,,,"-2,500,000.00", 29/01/2026, HDFCH00765248285," NETBANK, MUMBAI"
, KOTAK SECURITI-1100B0226013821,,,"-1,934,480.18", 29/01/2026, HDFCH00765246432," NETBANK, MUMBAI"
, KOTAK SECURITI-1100B0226013819,,,"-2,500,000.00", 29/01/2026, HDFCH00765248325," NETBANK, MUMBAI"
, RTGS Cr ECMS-IDFB0021313-CMRGR1100LCU101255-RITIKA ENTERPRISES-10209542353,," 1,015,415.00",, 29/01/2026, IDFBR62026012901631083, FORT
, RTGS Cr ECMS-CNRB0019260-CMRGR1100LCU101620-RITIK TRADING COMPAN-120017944599,," 200,000.00",, 29/01/2026, CNRBR52026012976087496, FORT
, IMPS CR ECMS-9015-CMRGR1100LCU101620-RITIK TRADING COMPAN-120017944599,," 100,000.00",, 29/01/2026, 602919721742, FARIDABAD HARYANA
, RTGS Cr ECMS-CNRB0019260-CMRGR1100LCU100355-M S MANUFACTURING AN-120028091709,," 572,064.00",, 29/01/2026, CNRBR52026012976088276, FORT
, RTGS Cr-YESB0000403-DEL WBCAD OUT TRFR-CMR GREEN TECHNOLOGIES LIMITED-YESBR52026012957073992,," 150,000,000.00",, 29/01/2026, YESBR52026012957073992, FORT
, FT Cr ECMS-CMRGR1100LCU101902-PRATEEK TRADERS-01532320000994,," 727,000.00",, 29/01/2026, NB6YJGVUHUJ0TZ07," NETBANK, MUMBAI"
, 00930310001274-1274,,,"-80,000,000.00", 29/01/2026, 601299460033," NETBANK, MUMBAI"
, 57500000863497-Eco,,,"-40,000,000.00", 29/01/2026, 601299460749," NETBANK, MUMBAI"
1/30/2026,Opening balance,"-20,784,379.01",,,,,
, AUTO SWEEPOUT TO CMR GREEN TECHNOLOGI 57500000342857,," 63,396.96",, 29/01/2026,, FARIDABAD HARYANA
, AUTO SWEEPOUT TO CMR GREEN TECHNOLOGI 12540310000177,," 9,270.00",, 29/01/2026,, SRIPERAMBUDUR
, AUTO WCDL LIQUIDATED AGAINST 572LN01260020005,,,"-154,268,282.00", 30/01/2026, 572LN01260020005, SECTOR-53
, AUTO INTEREST PAYMENT ON WCDL AGAINST 572LN01260020005,,,"-1,553,425.00", 30/01/2026, 572LN01260020005, SECTOR-53
, FT601299460910-CMR NIKKEI INDIA PVT LTD 1274 FT-00930310001274,," 50,000,000.00",, 30/01/2026, 601299460910," NETBANK, MUMBAI"
, IMPS CR ECMS-9015-CMRGR1100LCU101620-RITIK TRADING COMPAN-120017944599,," 265,000.00",, 30/01/2026, 603007785760, FARIDABAD HARYANA
, RTGS Cr ECMS-SBIN0004849-CMRGR1100LCU101784-ZINIC ENTERPRISES-42150693862,," 1,545,000.00",, 30/01/2026, SBINR12026013014642593, FORT
, FT Cr ECMS-CMRLTD151LCU101434-AMIT ALLOYS COMPANY-99997635077350,," 506,000.00",, 30/01/2026, HDFC820D3BCCA300," NETBANK, MUMBAI"
, FT Cr ECMS-CMRLTD151LCU101434-AMIT ALLOYS COMPANY-99997635077350,," 161,000.00",, 30/01/2026, HDFCFA3DAB99512C," NETBANK, MUMBAI"
, RTGS Cr ECMS-KVBL0002101-CMRGR1100LCU100305-SARA METAL-4204280000000512,," 270,000.00",, 30/01/2026, KVBLR52026013063611601, FORT
, RTGS Cr ECMS-UTIB0001331-CMRLTD201LCU100754-M/S R.P. METAL MERCHANT-920030058906721,," 1,520,000.00",, 30/01/2026, UTIBR72026013000550362, FORT
, FT Cr ECMS-CMRGR1100LCU100221-NIYAZ MOHD TRADING AND CASTING-59209813362326,," 524,000.00",, 30/01/2026, NB3I0DOZJNEFPICC," NETBANK, MUMBAI"
, NEFT Cr ECMS-CNRB0019251-CMRLTD152LCU101556-M S ENTERPRISES-92511400000402,," 500,000.00",, 30/01/2026, CNRBH00106544814, FORT
, FT Cr ECMS-CMRGR1100LCU100963-HEAVEN TRADING COMPANY-50200074139709,," 1,200,000.00",, 30/01/2026, NBXVQMGFRGEHEJG1," NETBANK, MUMBAI"
, FT Cr ECMS-CMRGR1100LCU100963-HEAVEN TRADING COMPANY-50200074139709,," 220,000.00",, 30/01/2026, HDFCE1DCCD5EDC44," NETBANK, MUMBAI"
, IMPS CR ECMS-9052-CMRGR1100LCU101769-AMAN ENTERPRISES-0667202500004701,," 47,600.00",, 30/01/2026, 603036415526, FARIDABAD HARYANA
, WCDL LIQUIDATED AGAINST 572LN01260020005,,,"-145,731,718.00", 30/01/2026, 572LN01260020005, SECTOR-53
, RTGS Cr ECMS-CNRB0018238-CMRGR1100LCU101813-NEW METAL INDIA-125006674160,," 700,000.00",, 30/01/2026, CNRBR52026013076104142, FORT
, RTGS Cr ECMS-UJVN0002204-CMRGR1100LCU101893-PRIME METALLURGICAL ENTERPRISE-2204230110000001,," 262,200.00",, 30/01/2026, UJVNR92026013000376961, FORT
, WILLUS INFRAST-1100B0226013809,,,"-1,868,518.96", 30/01/2026, HDFCH00766553629," NETBANK, MUMBAI"
, APR FOREX PRIV-1100B0226013822,,,"-645,751.00", 30/01/2026, HDFCH00766556521," NETBANK, MUMBAI"
, IMPS CR ECMS-9211-CMRGR1100LCU101769-NAEEMJAVED-919020035458367,," 34,500.00",, 30/01/2026, 603031437750, FARIDABAD HARYANA
, LOCAL BILL LIQUIDATED,,,"-13,231,642.08", 30/01/2026, 612SB04260200008," KUNDLI, SONEPAT"
, LOCAL BILL LIQUIDATED,,,"-46,677,939.12", 30/01/2026, 612SB04260150003," KUNDLI, SONEPAT"
, LOCAL BILL LIQUIDATED,,,"-27,161,762.64", 30/01/2026, 612SB04260200006," KUNDLI, SONEPAT"
, LOCAL BILL LIQUIDATED,,,"-13,053,817.71", 30/01/2026, 612SB04260200009," KUNDLI, SONEPAT"
, LOCAL BILL LIQUIDATED,,,"-9,317,499.08", 30/01/2026, 612SB04260200007," KUNDLI, SONEPAT"
, KOSMIK CARGO I-1100B0226013929,,,"-422,554.80", 30/01/2026, HDFCH00767146573," NETBANK, MUMBAI"
, Maersk Line In-1100B0226013884,,,"-501,393.80", 30/01/2026, HDFCH00767147546," NETBANK, MUMBAI"
, KOSMIK CARGO I-1100B0226013930,,,"-72,298.50", 30/01/2026, HDFCH00767146576," NETBANK, MUMBAI"
, ODEX INDIA SOL-1100B0226013847,,,"-2,050,732.62", 30/01/2026, HDFCH00767143462," NETBANK, MUMBAI"
, ODEX INDIA SOL-1100B0226013843,,,"-1,844,651.52", 30/01/2026, HDFCH00767147566," NETBANK, MUMBAI"
, ODEX INDIA SOL-1100B0226013842,,,"-453,833.79", 30/01/2026, HDFCH00767145209," NETBANK, MUMBAI"
, ODEX INDIA SOL-1100B0226013890,,,"-1,379,185.18", 30/01/2026, HDFCH00767143470," NETBANK, MUMBAI"
, RTGS Cr ECMS-CNRB0019260-CMRGR1100LCU101620-RITIK TRADING COMPANY-120017944599,," 1,500,000.00",, 30/01/2026, CNRBR52026013076160282, FORT
, COMM ON EXPORT COLL BILL,,,-177, 30/01/2026, 612BC73260300014," KUNDLI, SONEPAT"
, RTGS Cr ECMS-CNRB0019260-CMRGR1100LCU101620-RITIK TRADING COMPAN-120017944599,," 450,000.00",, 30/01/2026, CNRBR52026013076179429, FORT
, COMM ON LIQD OF IMP COLL BILL,,,-177, 30/01/2026, 612BC05260300002," KUNDLI, SONEPAT"
, RTGS Cr ECMS-YESB0000001-CMRGR1100LCU101972-SUN SHINE ENTERPRISES-048761900000594,," 429,500.00",, 30/01/2026, YESBR12026013000040512, FORT
, INW 300126I049905081 USD172751.44@91.885,," 15,873,266.06",, 30/01/2026, 300126230519," NETBANK, MUMBAI"
, 300126I049905081 DPO2603053759183 IGST,,,"-3,667.19", 30/01/2026, 300126230526," NETBANK, MUMBAI"
, 57500000342857-2857,,,"-26,200,000.00", 30/01/2026, 601300609134," NETBANK, MUMBAI"
, FCY OUTWARD REMITTANCE,,,"-11,290,858.37", 30/01/2026, 612FT01260300064," KUNDLI, SONEPAT"
, FCY OUTWARD REMITTANCE,,,"-293,482.42", 30/01/2026, 612FT01260300065," KUNDLI, SONEPAT"
, FCY OUTWARD REMITTANCE,,,"-6,261,240.19", 30/01/2026, 612FT01260300068," KUNDLI, SONEPAT"
, RTGS Cr-SBIN0004298-M s Century Metal Recycling Private-Century Metal Rceycling Pvt Ltd-SBINR12026013014772805,," 10,000,000.00",, 30/01/2026, SBINR12026013014772805, CMS TF WBO MUMBAI
, RTGS Cr-SBIN0004298-M s Century Metal Recycling Private-Century Metal Rceycling Pvt Ltd-SBINR12026013014772791,," 10,000,000.00",, 30/01/2026, SBINR12026013014772791, CMS TF WBO MUMBAI
, RTGS Cr-SBIN0004298-M s Century Metal Recycling Private-Century Metal Rceycling Pvt Ltd-SBINR12026013014772789,," 10,000,000.00",, 30/01/2026, SBINR12026013014772789, CMS TF WBO MUMBAI
, RTGS Cr-SBIN0004298-M s Century Metal Recycling Private-Century Metal Rceycling Pvt Ltd-SBINR12026013014772794,," 10,000,000.00",, 30/01/2026, SBINR12026013014772794, CMS TF WBO MUMBAI
, RTGS Cr-SBIN0004298-M s Century Metal Recycling Private-Century Metal Rceycling Pvt Ltd-SBINR12026013014772793,," 10,000,000.00",, 30/01/2026, SBINR12026013014772793, CMS TF WBO MUMBAI
, 50100232024203-Amit Arora 12613,,,"-250,000.00", 30/01/2026, 601301206876," NETBANK, MUMBAI"
, FCY OUTWARD REMITTANCE,,,"-162,771.63", 30/01/2026, 612FT01260300070," KUNDLI, SONEPAT"
, APR FOREX PRIV-1100B0226013939,,,"-220,783.00", 30/01/2026, HDFCH00767806427," NETBANK, MUMBAI"
, KOTAK SECURITI-1100B0226013948,,,"-700,000.00", 30/01/2026, HDFCH00767805140," NETBANK, MUMBAI"
, RTGS Cr ECMS-INDB0000098-CMRGR1100LCU101587-RITIKA TRADING COMPANY-259716215100,," 810,424.00",, 30/01/2026, INDBR32026013000894014, FORT
, NEFT Cr ECMS-CNRB0000378-CMRGR1100LCU101545-GOYAL METAL AND ALLOYS-125004451390,," 1,800,000.00",, 30/01/2026, CNRBH00106823153, FORT
, COMM ON LIQD OF IMP COLL BILL,,,-177, 30/01/2026, 612BC05260300003," KUNDLI, SONEPAT"
, RTGS Cr-KKBK0000958-CMR Green Technologies Limited-CMR Green Technologies Limited-KKBKR52026013000255004,," 22,706,762.79",, 30/01/2026, KKBKR52026013000255004, FORT
, NEFT Cr ECMS-BKID0000200-CMRGR1100LCU101880-AKHILESH FABRICATOR-673520110000226,," 578,000.00",, 30/01/2026, BKIDP26030944680, FORT
, NEFT Cr ECMS-IDFB0021315-CMRLTD201LCU100393-J V K ENTERPRISES-50000019860,," 50,000.00",, 30/01/2026, IDFB603062239291, FORT
, FT Cr ECMS-CMRLTD151LCU101331-J B TRADING-50200083168153,," 43,500.00",, 30/01/2026, HDFC88A524867183," NETBANK, MUMBAI"
1/31/2026,Opening balance,"-334,333,298.80",,,,,
, AUTO SWEEPOUT TO CMR GREEN TECHNOLOGI 57500000342857,," 272,059.23",, 30/01/2026,, FARIDABAD HARYANA
, AUTO SWEEPOUT TO CMR GREEN TECHNOLOGI 12540310000177,," 30,000,000.00",, 30/01/2026,, SRIPERAMBUDUR
, RTGS Cr ECMS-CNRB0019260-CMRGR1100LCU101620-RITIK TRADING COMPAN-120017944599,," 562,000.00",, 31/01/2026, CNRBR52026013176215155, FORT
, NEFT Cr ECMS-CNRB0019251-CMRLTD152LCU101556-M S ENTERPRISES-92511400000402,," 530,000.00",, 31/01/2026, CNRBH00106857162, FORT
, RTGS Cr ECMS-ICIC0000011-CMRLTD151LCU101487-MAYA ENTERPRISES-140105001960,," 597,100.00",, 31/01/2026, ICICR42026013100502598, FORT
, IMPS CR ECMS-9751-cmrgr1100lcu101943-MR TRADING CO-89650005280,," 500,000.00",, 31/01/2026, 603108722907, FARIDABAD HARYANA
, IMPS CR ECMS-9751-cmrgr1100lcu101943-MR TRADING CO-89650005280,," 78,000.00",, 31/01/2026, 603108723076, FARIDABAD HARYANA
, RTGS Cr ECMS-UTIB0002437-CMRLTD151LCU101262-MAHAKAL ENTERPRISES-921020020261421,," 1,720,000.00",, 31/01/2026, UTIBR72026013100570482, FORT
, RTGS Cr ECMS-ICIC0000011-CMRLTD152LCU101326-VIPUL ENTERPRISE-348605000307,," 3,289,368.00",, 31/01/2026, ICICR42026013100503816, FORT
, FT Cr ECMS-CMRLTD151LCU101434-AMIT ALLOYS COMPANY-99997635077350,," 274,000.00",, 31/01/2026, HDFC37004C3DEF7B," NETBANK, MUMBAI"
, IMPS CR ECMS-9751-CMRLTD201LCU100393-J V K ENTERPRISES-50000019860,," 105,000.00",, 31/01/2026, 603109775488, FARIDABAD HARYANA
, RTGS Cr ECMS-IDIB000K796-CMRGR1100LCU101732-DAUJI METAL INDUSTRIES-00000007776647636,," 2,800,730.00",, 31/01/2026, IDIBR52026013100108385, FORT
, WASTE TO ENERG-1100B0226013772,,,"-5,171,332.75", 31/01/2026, 601297967967," NETBANK, MUMBAI"
, FT-HIZINC7795-Hindustan Zinc Ltd.,,,"-31,884,404.40", 31/01/2026, 601297949880," NETBANK, MUMBAI"
, AMAIRA METALS-1100B0226013773,,,"-5,750,787.34", 31/01/2026, 601297967969," NETBANK, MUMBAI"
, PARAS OIL DIST-1100B0226013766,,,"-3,732,334.36", 31/01/2026, HDFCH00769307296," NETBANK, MUMBAI"
, SINGHAL METALL-1100B0226013768,,,"-27,591,642.15", 31/01/2026, HDFCH00769307306," NETBANK, MUMBAI"
, METALOR GREEN-1100B0226013753,,,"-2,582,792.28", 31/01/2026, HDFCH00769305347," NETBANK, MUMBAI"
, JP JINDAL RECY-1100B0226013759,,,"-3,635,344.62", 31/01/2026, HDFCH00769301667," NETBANK, MUMBAI"
, RTGS Cr ECMS-ICIC0003581-CMRGR1100LSU102994-U P GREEN RECYCLING CO-358105500284,," 2,000,000.00",, 31/01/2026, ICICR52026013100577442, FORT
, IMPS CR ECMS-9015-CMRLTD201LCU100837-DHARMENDRA SINGH-94532200010284,," 13,500.00",, 31/01/2026, 603110110755, FARIDABAD HARYANA
, FT Cr ECMS-CMRGR1100LCU101564-SUNLITE RECYCLING INDUSTRIES L-50200073104369,," 27,482,908.00",, 31/01/2026, 1442560845, CBX Internet System Mumbai
, IMPS CR ECMS-9052-CMRGR1100LCU101769-AMAN ENTERPRISES-0667202500004701,," 45,000.00",, 31/01/2026, 603136665246, FARIDABAD HARYANA
, FT Cr ECMS-CMRGR1100LCU100663-MOHAMMAD KASIM-50100524872327,," 40,000.00",, 31/01/2026, NBKFD3TJB4TLDHZE," NETBANK, MUMBAI"
, RTGS Cr-SCBL0036001-SUNBEAM LIGHTWEIGHTING SOLUTIONS PR-CMR GREEN TECHNOLOGIES LIMITED-SCBLR12026013100924128,," 45,090,734.62",, 31/01/2026, SCBLR12026013100924128, FORT
, IMPS CR ECMS-9015-CMRLTD201LCU100837-PRATEEK METALS RECYC-94533070001899,," 350,000.00",, 31/01/2026, 603113174123, FARIDABAD HARYANA
, FT Cr ECMS-CMRLTD201LCU100820-MOHINI INDUSTRIES-50200033588193,," 1,514,600.00",, 31/01/2026, NBRDH9J24M7SFUX8," NETBANK, MUMBAI"
, WCDL DISBURSED AGAINST 572LN01260310003,," 300,000,000.00",, 30/01/2026, 572LN01260310003, SECTOR-53
, KOTAK SECURITI-1100B0226014004,,,"-25,000,000.00", 31/01/2026, HDFCH00770266305," NETBANK, MUMBAI"
, RTGS Cr ECMS-IDFB0021313-CMRGR1100LCU101255-RITIKA ENTERPRISES-10209542353,," 957,535.00",, 31/01/2026, IDFBR62026013101656638, FORT
, RTGS Cr-SBIN0004298-CMR NIKKEI INDIA PVT LTD-Century Metal Recycling Limited-SBINR12026013114930098,," 10,000,000.00",, 31/01/2026, SBINR12026013114930098, CMS TF WBO MUMBAI
, RTGS Cr-SBIN0004298-CMR NIKKEI INDIA PVT LTD-Century Metal Recycling Limited-SBINR12026013114930096,," 10,000,000.00",, 31/01/2026, SBINR12026013114930096, CMS TF WBO MUMBAI
, RTGS Cr-SBIN0004298-CMR NIKKEI INDIA PVT LTD-Century Metal Recycling Limited-SBINR12026013114929989,," 10,000,000.00",, 31/01/2026, SBINR12026013114929989, CMS TF WBO MUMBAI
, RTGS Cr-SBIN0004298-CMR NIKKEI INDIA PVT LTD-Century Metal Recycling Limited-SBINR12026013114930101,," 10,000,000.00",, 31/01/2026, SBINR12026013114930101, CMS TF WBO MUMBAI
, RTGS Cr-SBIN0004298-CMR NIKKEI INDIA PVT LTD-Century Metal Recycling Limited-SBINR12026013114929990,," 10,000,000.00",, 31/01/2026, SBINR12026013114929990, CMS TF WBO MUMBAI
, RTGS Cr-SBIN0004298-CMR NIKKEI INDIA PVT LTD-Century Metal Recycling Limited-SBINR12026013114930135,," 10,000,000.00",, 31/01/2026, SBINR12026013114930135, CMS TF WBO MUMBAI
, RTGS Cr-SBIN0004298-CMR NIKKEI INDIA PVT LTD-Century Metal Recycling Limited-SBINR12026013114930117,," 10,000,000.00",, 31/01/2026, SBINR12026013114930117, CMS TF WBO MUMBAI
, RTGS Cr-SBIN0004298-CMR NIKKEI INDIA PVT LTD-Century Metal Recycling Limited-SBINR12026013114929994,," 10,000,000.00",, 31/01/2026, SBINR12026013114929994, CMS TF WBO MUMBAI
, RTGS Cr-SBIN0004298-CMR NIKKEI INDIA PVT LTD-Century Metal Recycling Limited-SBINR12026013114930051,," 10,000,000.00",, 31/01/2026, SBINR12026013114930051, CMS TF WBO MUMBAI
, RTGS Cr-SBIN0004298-CMR NIKKEI INDIA PVT LTD-Century Metal Recycling Limited-SBINR12026013114930115,," 10,000,000.00",, 31/01/2026, SBINR12026013114930115, CMS TF WBO MUMBAI
, 50100517396689-,,,"-20,280.00", 31/01/2026, 601312328502," NETBANK, MUMBAI"
, CHCED5E1A4QBPC-CBICICEGATE,,,"-971,035.00", 31/01/2026, 601312926912," NETBANK, MUMBAI"
, CHCEGHE1A4PVHZ-CBICICEGATE,,,"-1,164,203.00", 31/01/2026, 601312918264," NETBANK, MUMBAI"
, 601312351155Ashwani Chaoudhary 15993,,,"-44,620.00", 31/01/2026, HDFCH00770778015," NETBANK, MUMBAI"
, CHCEI0M1A4R4FX-CBICICEGATE,,,"-3,416,562.00", 31/01/2026, 601312942405," NETBANK, MUMBAI"
, CHCE7T61A4RGS5-CBICICEGATE,,,"-6,343,615.00", 31/01/2026, 601312947710," NETBANK, MUMBAI"
, CHCEX4X1A4SXPR-CBICICEGATE,,,"-7,040,692.00", 31/01/2026, 601312981038," NETBANK, MUMBAI"
, CHCEG841A4UQ3H-CBICICEGATE,,,"-2,419,666.00", 31/01/2026, 601313032467," NETBANK, MUMBAI"
, CHCEYL61A4UIPO-CBICICEGATE,,,"-8,528,490.00", 31/01/2026, 601313024544," NETBANK, MUMBAI"
, CHCEVT01A51O8Z-EPFOBD,,,-692, 31/01/2026, 601313244865," NETBANK, MUMBAI"
, IMPS CR ECMS-9751-CMRLTD201LCU100393-J V K ENTERPRISES-50000019860,," 10,000.00",, 31/01/2026, 603117382148, FARIDABAD HARYANA
," RTGS Dr-SHBK0000004-ShinhanBank-NETBANK, MUM-HDFCR52026013163949764",,,"-2,225,205.00", 31/01/2026, HDFCR52026013163949764," NETBANK, MUMBAI"
," RTGS Dr-FDRL0001914-CENTURYMETALRECYCLINGLIMITED-NETBANK, MUM-HDFCR52026013164082565",,,"-5,500,000.00", 31/01/2026, HDFCR52026013164082565," NETBANK, MUMBAI"
," RTGS Dr-RATN0000990-CMRGreenTechnologiesLimited-NETBANK, MUM-HDFCR52026013164097053",,,"-2,503,096.00", 31/01/2026, HDFCR52026013164097053," NETBANK, MUMBAI"
," RTGS Dr-HSBC0110002-CENTURYMETALRECYCLINGLIMITED-NETBANK, MUM-HDFCR52026013164018422",,,"-500,000.00", 31/01/2026, HDFCR52026013164018422," NETBANK, MUMBAI"
," RTGS Dr-YESB0000003-YESBANKLTD-NETBANK, MUM-HDFCR52026013164097092",,,"-4,287,808.22", 31/01/2026, HDFCR52026013164097092," NETBANK, MUMBAI"
," RTGS Dr-CTCB0000001-CTBCBANKCOLTD-NETBANK, MUM-HDFCR52026013164082572",,,"-1,279,494.00", 31/01/2026, HDFCR52026013164082572," NETBANK, MUMBAI"
, CHCET6W1A4Q78M-CBICICEGATE,,,"-23,567,746.00", 31/01/2026, 601312924090," NETBANK, MUMBAI"
, CHCEBNZ1A4P8YP-CBICICEGATE,,,"-22,539,536.00", 31/01/2026, 601312905722," NETBANK, MUMBAI"
, CHCEQLH1A4PRHF-CBICICEGATE,,,"-28,644,959.00", 31/01/2026, 601312913065," NETBANK, MUMBAI"
, CHCESQ51A4OU11-CBICICEGATE,,,"-22,264,494.00", 31/01/2026, 601312898263," NETBANK, MUMBAI"
, CHCEIVW1A4PLO3-CBICICEGATE,,,"-26,441,914.00", 31/01/2026, 601312911091," NETBANK, MUMBAI"
, CHCEL6V1A4P1HA-CBICICEGATE,,,"-24,343,455.00", 31/01/2026, 601312901547," NETBANK, MUMBAI"
, CHCEORH1A4PG90-CBICICEGATE,,,"-20,085,208.00", 31/01/2026, 601312908912," NETBANK, MUMBAI"
, CHCEPVY1A4OMKS-CBICICEGATE,,,"-14,379,609.00", 31/01/2026, 601312893974," NETBANK, MUMBAI"
, CHCERXQ1A4R9TV-CBICICEGATE,,,"-12,412,710.00", 31/01/2026, 601312944430," NETBANK, MUMBAI"
2/1/2026,Opening balance,"-162,374,491.07",,,,,
, Interest debited till 31-JAN-2026,,,"-570,425.00", 31/01/2026,, FARIDABAD HARYANA
2/1/2026,Closing balance,"-162,944,916.07",,,,,
2/1/2026,Opening balance,"-162,944,916.07",,,,,
, AUTO INTEREST PAYMENT ON WCDL AGAINST 572LN01260310003,,,"-110,959.00", 01/02/2026, 572LN01260310003, SECTOR-53
, RTGS Cr ECMS-UTIB0002437-CMRGR1100LCU101541-MEHAK TRADING CASTING WORKS-922020029366131,," 1,966,470.00",, 01/02/2026, UTIBR72026020100572002, FORT
, NEFT Cr ECMS-CNRB0000378-CMRGR1100LCU101545-GOYAL METAL AND ALLOYS-125004451390,," 1,800,000.00",, 01/02/2026, CNRBH00107177483, FORT
, RTGS Cr ECMS-ICIC0000011-CMRLTD201LCU100490-M K TRADERS CASTING-661305500712,," 900,000.00",, 01/02/2026, ICICR42026020100514244, FORT
, IMPS CR ECMS-9229-CMRLTD201LCU100490-M K TRADERS & CASTIN-661305500712,," 280,000.00",, 01/02/2026, 603220218574, FARIDABAD HARYANA
, RTGS Cr ECMS-ICIC0000011-CMRGR1100LCU101832-MANOJ TRADING CO.-235451000006,," 5,000,000.00",, 01/02/2026, ICICR42026020100516024, FORT
, RTGS Cr ECMS-ICIC0000011-CMRGR1100LCU101832-MANOJ TRADING CO.-235451000006,," 3,000,000.00",, 01/02/2026, ICICR42026020100516045, FORT
2/2/2026,Opening balance,"-150,109,405.07",,,,,
, RTGS Cr ECMS-UTIB0002437-CMRLTD151LCU101262-MAHAKAL ENTERPRISES-921020020261421,," 1,710,000.00",, 02/02/2026, UTIBR72026020200570131, FORT
, FT Cr ECMS-CMRGR1100LCU101661-MOURYA ENTERPRISES-50200068028400,," 1,000,000.00",, 02/02/2026, HDFCE062216F6E37," NETBANK, MUMBAI"
, FT Cr ECMS-CMRGR1100LCU101661-MOURYA ENTERPRISES-50200068028400,," 134,594.00",, 02/02/2026, NB3CLEDYWQRRFGDM," NETBANK, MUMBAI"
, FT Cr ECMS-CMRGR1100LCU100221-NIYAZ MOHD TRADING AND CASTING-59209813362326,," 644,100.00",, 02/02/2026, NBHFMLLZ4XZC7GGJ," NETBANK, MUMBAI"
, IMPS CR ECMS-9757-CMRGR1100LCU101951-ZOYA METALS-4467120020000154,," 300,000.00",, 02/02/2026, 603310536824, FARIDABAD HARYANA
, RTGS Cr ECMS-ICIC0000011-CMRGR1100LCU101832-MANOJ TRADING CO.-235451000006,," 3,100,000.00",, 02/02/2026, ICICR42026020200507619, FORT
, RTGS Cr ECMS-INDB0000098-CMRGR1100LCU101587-RITIKA TRADING COMPANY-259716215100,," 1,072,620.00",, 02/02/2026, INDBR32026020200955401, FORT
, RTGS Cr-SBIN0004298-M s Century Metal Recycling Private-Century Metal Rceycling Pvt Ltd-SBINR12026020215026983,," 10,000,000.00",, 02/02/2026, SBINR12026020215026983, CMS TF WBO MUMBAI
, RTGS Cr-SBIN0004298-M s Century Metal Recycling Private-Century Metal Rceycling Pvt Ltd-SBINR12026020215026969,," 10,000,000.00",, 02/02/2026, SBINR12026020215026969, CMS TF WBO MUMBAI
, RTGS Cr-SBIN0004298-M s Century Metal Recycling Private-Century Metal Rceycling Pvt Ltd-SBINR12026020215026897,," 10,000,000.00",, 02/02/2026, SBINR12026020215026897, CMS TF WBO MUMBAI
, RTGS Cr-SBIN0004298-M s Century Metal Recycling Private-Century Metal Rceycling Pvt Ltd-SBINR12026020215026971,," 10,000,000.00",, 02/02/2026, SBINR12026020215026971, CMS TF WBO MUMBAI
, RTGS Cr-SBIN0004298-M s Century Metal Recycling Private-Century Metal Rceycling Pvt Ltd-SBINR12026020215026968,," 10,000,000.00",, 02/02/2026, SBINR12026020215026968, CMS TF WBO MUMBAI
, RTGS Cr-SBIN0004298-M s Century Metal Recycling Private-Century Metal Rceycling Pvt Ltd-SBINR12026020215026972,," 10,000,000.00",, 02/02/2026, SBINR12026020215026972, CMS TF WBO MUMBAI
, RTGS Cr-SBIN0004298-M s Century Metal Recycling Private-Century Metal Rceycling Pvt Ltd-SBINR12026020215026973,," 10,000,000.00",, 02/02/2026, SBINR12026020215026973, CMS TF WBO MUMBAI
, RTGS Cr-SBIN0004298-M s Century Metal Recycling Private-Century Metal Rceycling Pvt Ltd-SBINR12026020215026898,," 10,000,000.00",, 02/02/2026, SBINR12026020215026898, CMS TF WBO MUMBAI
, RTGS Cr-SBIN0004298-M s Century Metal Recycling Private-Century Metal Rceycling Pvt Ltd-SBINR12026020215027375,," 10,000,000.00",, 02/02/2026, SBINR12026020215027375, CMS TF WBO MUMBAI
, RTGS Cr-SBIN0004298-M s Century Metal Recycling Private-Century Metal Rceycling Pvt Ltd-SBINR12026020215027407,," 10,000,000.00",, 02/02/2026, SBINR12026020215027407, CMS TF WBO MUMBAI
, RTGS Cr-SBIN0004298-M s Century Metal Recycling Private-Century Metal Rceycling Pvt Ltd-SBINR12026020215027409,," 10,000,000.00",, 02/02/2026, SBINR12026020215027409, CMS TF WBO MUMBAI
, RTGS Cr-SBIN0004298-M s Century Metal Recycling Private-Century Metal Rceycling Pvt Ltd-SBINR12026020215027444,," 10,000,000.00",, 02/02/2026, SBINR12026020215027444, CMS TF WBO MUMBAI
, RTGS Cr-SBIN0004298-M s Century Metal Recycling Private-Century Metal Rceycling Pvt Ltd-SBINR12026020215027443,," 10,000,000.00",, 02/02/2026, SBINR12026020215027443, CMS TF WBO MUMBAI
, IMPS CR ECMS-9052-CMRGR1100LCU101769-AMAN ENTERPRISES-0667202500004701,," 124,000.00",, 02/02/2026, 603337119337, FARIDABAD HARYANA
, RTGS Cr-ICIC0099999-RICO AUTO INDUSTRIES LIMITED-CMR GREEN TECHNOLOGIES LIMITED-ICICR22026020214208615,," 8,764,423.96",, 02/02/2026, ICICR22026020214208615, FORT
, IMPS CR ECMS-9211-CMRGR1100LCU101769-NAEEMJAVED-919020035458367,," 16,500.00",, 02/02/2026, 603342418982, FARIDABAD HARYANA
, IMPS CR ECMS-9751-cmrgr1100lcu101943-MR TRADING CO-89650005280,," 500,000.00",, 02/02/2026, 603312306849, FARIDABAD HARYANA
, IMPS CR ECMS-9751-cmrgr1100lcu101943-MR TRADING CO-89650005280,," 60,000.00",, 02/02/2026, 603312307824, FARIDABAD HARYANA
, FT Cr ECMS-CMRLTD201LCU100820-MOHINI INDUSTRIES-50200033588193,," 1,514,600.00",, 02/02/2026, NBBSCUAKJKLVPTYM," NETBANK, MUMBAI"
, IMPS CR ECMS-9751-cmrgr1100lcu101943-MR TRADING CO-89650005280,," 2,500.00",, 02/02/2026, 603313373773, FARIDABAD HARYANA
, 602024199636SHINHAN,,,"-71,781.13", 02/02/2026, HDFCH00773845871," NETBANK, MUMBAI"
, RTGS Cr-SBIN0004298-M s Century Metal Recycling Private-Century Metal Rceycling Pvt Ltd-SBINR12026020215068388,," 10,000,000.00",, 02/02/2026, SBINR12026020215068388, CMS TF WBO MUMBAI
, RTGS Cr-SBIN0004298-M s Century Metal Recycling Private-Century Metal Rceycling Pvt Ltd-SBINR12026020215068404,," 10,000,000.00",, 02/02/2026, SBINR12026020215068404, CMS TF WBO MUMBAI
, RTGS Cr-UTIB0000039-CMR GREEN TECHNOLOGIES LIMITED FORMERLY-CENTURY METAL RECYCLING LIMITE-UTIBR62026020253951646,," 25,000,000.00",, 02/02/2026, UTIBR62026020253951646, CMS TF WBO MUMBAI
, COMM ON LIQD OF IMP COLL BILL,,,-177, 02/02/2026, 612BC05260330002," KUNDLI, SONEPAT"
, Ocean Network -1100B0226014198,,,"-748,562.50", 02/02/2026, HDFCH00774150504," NETBANK, MUMBAI"
, ODEX INDIA SOL-1100B0226014067,,,"-801,951.60", 02/02/2026, HDFCH00774147859," NETBANK, MUMBAI"
, SINOKOR MERCHA-1100B0226014030,,,"-605,267.34", 02/02/2026, HDFCH00774149103," NETBANK, MUMBAI"
, ODEX INDIA SOL-1100B0226014033,,,"-319,002.38", 02/02/2026, HDFCH00774147873," NETBANK, MUMBAI"
, Msc Agency Ind-1100B0226014065,,,"-8,584.50", 02/02/2026, HDFCH00774149751," NETBANK, MUMBAI"
, INTERASIA LINE-1100B0226014000,,,"-31,225.16", 02/02/2026, HDFCH00774149123," NETBANK, MUMBAI"
, FT-IOCLMDTA343014-Indian Oil Corporation Ltd.Roorkee,,,"-945,360.00", 02/02/2026, 602024191100," NETBANK, MUMBAI"
, Hindustan Petr-1100B0226014044,,,"-54,020.40", 02/02/2026, HDFCH00774167153," NETBANK, MUMBAI"
, Hind Terminals-1100B0226014045,,,"-255,771.88", 02/02/2026, HDFCH00774169464," NETBANK, MUMBAI"
, COMM ON LIQD OF IMP COLL BILL,,,-177, 02/02/2026, 612BC05260310004," KUNDLI, SONEPAT"
, COMM ON LIQD OF IMP COLL BILL,,,-177, 02/02/2026, 612BC05260310003," KUNDLI, SONEPAT"
, FCY OUTWARD REMITTANCE,,,"-18,471,964.73", 02/02/2026, 612FT01260330061," KUNDLI, SONEPAT"
, FCY OUTWARD REMITTANCE,,,"-486,753.78", 02/02/2026, 612FT01260330064," KUNDLI, SONEPAT"
, FT Cr ECMS-CMRLTD151LCU101461-SHREE JEE METALS-50200071755012,," 931,000.00",, 02/02/2026, NBLNBEPJP0A9CV3E," NETBANK, MUMBAI"
, FINETECH MATER-1100B0226014054,,,"-50,584.24", 02/02/2026, 602024200456," NETBANK, MUMBAI"
, Vhs Worldwide -1100B0226014047,,,"-22,346.01", 02/02/2026, 602024200488," NETBANK, MUMBAI"
, SAI INDUSTRIAL-1100B0226014063,,,"-3,186.00", 02/02/2026, 602024200480," NETBANK, MUMBAI"
, ADA INFOCOM-1100B0226014035,,,"-684,400.00", 02/02/2026, 602024183990," NETBANK, MUMBAI"
, MASTERS INDIA -1100B0226014050,,,"-40,500.00", 02/02/2026, 602024200494," NETBANK, MUMBAI"
, Milap Tyres-1100B0226014090,,,"-29,425.66", 02/02/2026, 602024353038," NETBANK, MUMBAI"
, S.T.C-1100B0226014040,,,"-200,000.00", 02/02/2026, 602024193761," NETBANK, MUMBAI"
, KRISHNA ELECTR-1100B0226014057,,,"-2,843.80", 02/02/2026, 602024200465," NETBANK, MUMBAI"
, Balbir Singh a-1100B0226014043,,,"-46,728.00", 02/02/2026, 602024200474," NETBANK, MUMBAI"
, ARORA GIFTS PV-1100B0226014041,,,"-112,200.00", 02/02/2026, 602024195838," NETBANK, MUMBAI"
, BOMBAY STATION-1100B0226014048,,,"-32,447.96", 02/02/2026, HDFCH00774572335," NETBANK, MUMBAI"
, Mahesh Agencie-1100B0226014096,,,"-21,335.58", 02/02/2026, HDFCH00774572336," NETBANK, MUMBAI"
, GRAVITY FACILI-1100B0226014056,,,"-578,558.80", 02/02/2026, HDFCH00774572340," NETBANK, MUMBAI"
, Devirosh Group-1100B0226014088,,,"-351,628.20", 02/02/2026, HDFCH00774573791," NETBANK, MUMBAI"
, M S JAY AMBE M-1100B0226014036,,,"-1,406,665.00", 02/02/2026, HDFCH00774573209," NETBANK, MUMBAI"
, ADVAIYA SOLUTI-1100B0226014061,,,"-121,297.50", 02/02/2026, HDFCH00774573213," NETBANK, MUMBAI"
, MITTAL DEALS-1100B0226014095,,,"-2,961.69", 02/02/2026, HDFCH00774573809," NETBANK, MUMBAI"
, ICICI CREDIT C-1100B0226014077,,,"-315,137.42", 02/02/2026, HDFCH00774573227," NETBANK, MUMBAI"
, Wesman Thermal-1100B0226014079,,,"-45,118.36", 02/02/2026, HDFCH00774571330," NETBANK, MUMBAI"
, HOTEL NEW CLAS-1100B0226014099,,,"-91,792.00", 02/02/2026, HDFCH00774571331," NETBANK, MUMBAI"
, RU ENGINEERING-1100B0226014089,,,"-56,990.00", 02/02/2026, HDFCH00774570162," NETBANK, MUMBAI"
, RTS Fire Syste-1100B0226014084,,,"-3,540.00", 02/02/2026, HDFCH00774573258," NETBANK, MUMBAI"
, SARDARI LAL AN-1100B0226014059,,,"-22,675.00", 02/02/2026, HDFCH00774570166," NETBANK, MUMBAI"
, Shah Coal Depo-1100B0226014087,,,"-82,644.50", 02/02/2026, HDFCH00774573270," NETBANK, MUMBAI"
, BABLI ENTERPRI-1100B0226014074,,,"-1,625,695.12", 02/02/2026, HDFCH00774573284," NETBANK, MUMBAI"
, SHASHI DHAWAL -1100B0226014062,,,"-5,045.68", 02/02/2026, HDFCH00774571352," NETBANK, MUMBAI"
, Acryon Enginee-1100B0226014078,,,"-9,841.20", 02/02/2026, HDFCH00774572351," NETBANK, MUMBAI"
, MAKE MY TRIP -1100B0226014076,,,"-333,312.00", 02/02/2026, HDFCH00774573296," NETBANK, MUMBAI"
, Continental Th-1100B0226014034,,,"-17,437.50", 02/02/2026, HDFCH00774573848," NETBANK, MUMBAI"
, Infor India -1100B0226014042,,,"-90,838.14", 02/02/2026, HDFCH00774573308," NETBANK, MUMBAI"
, Chhavi Road Li-1100B0226014081,,,"-42,316.56", 02/02/2026, HDFCH00774570175," NETBANK, MUMBAI"
, Sukhveer Singh-1100B0226014094,,,"-3,264.20", 02/02/2026, HDFCH00774571361," NETBANK, MUMBAI"
, Ved Engineerin-1100B0226014091,,,"-38,493.66", 02/02/2026, HDFCH00774573324," NETBANK, MUMBAI"
, Rainbow Paints-1100B0226014129,,,"-97,438.46", 02/02/2026, 602024384330," NETBANK, MUMBAI"
, Navkar Electri-1100B0226014092,,,"-9,559.18", 02/02/2026, HDFCH00774571365," NETBANK, MUMBAI"
, PARAS OIL DIST-1100B0226014097,,,"-1,179,683.82", 02/02/2026, HDFCH00774572356," NETBANK, MUMBAI"
, Jagat Motor St-1100B0226014037,,,"-11,522.70", 02/02/2026, HDFCH00774570180," NETBANK, MUMBAI"
, KREATIVE ENGIN-1100B0226014153,,,"-6,370.23", 02/02/2026, 602024384304," NETBANK, MUMBAI"
, PROFESSIONAL M-1100B0226014098,,,"-1,043,021.64", 02/02/2026, HDFCH00774573882," NETBANK, MUMBAI"
, Shib Dass So-1100B0226014139,,,"-11,566.84", 02/02/2026, 602024384272," NETBANK, MUMBAI"
, GEMINI EQUIPME-1100B0226014052,,,"-358,118.94", 02/02/2026, HDFCH00774571408," NETBANK, MUMBAI"
, Continental Ea-1100B0226014093,,,"-6,632.91", 02/02/2026, HDFCH00774573405," NETBANK, MUMBAI"
, INTEGRATED PER-1100B0226014075,,,"-989,419.00", 02/02/2026, HDFCH00774571429," NETBANK, MUMBAI"
, V.V. CONSTRUCT-1100B0226014164,,,"-89,935.03", 02/02/2026, 602024384328," NETBANK, MUMBAI"
, KOHINOOR ENGIN-1100B0226014038,,,"-2,376.00", 02/02/2026, HDFCH00774573988," NETBANK, MUMBAI"
, Shri Balaji Me-1100B0226014143,,,"-2,145,320.31", 02/02/2026, 602024384281," NETBANK, MUMBAI"
, HALOL PAKING W-1100B0226014051,,,"-2,124.00", 02/02/2026, HDFCH00774572392," NETBANK, MUMBAI"
, VRISHTI BEVERA-1100B0226014049,,,"-13,466.14", 02/02/2026, HDFCH00774575504," NETBANK, MUMBAI"
, SIS Limited-1100B0226014086,,,"-24,667.33", 02/02/2026, HDFCH00774574006," NETBANK, MUMBAI"
, Nexus Power Sy-1100B0226014135,,,"-129,920.00", 02/02/2026, 602024384262," NETBANK, MUMBAI"
, PRAKASH ENTERP-1100B0226014060,,,"-62,628.50", 02/02/2026, HDFCH00774570223," NETBANK, MUMBAI"
, Sharma Steels -1100B0226014140,,,"-154,457.28", 02/02/2026, 602024384274," NETBANK, MUMBAI"
, Pearl Automati-1100B0226014046,,,"-9,280.00", 02/02/2026, HDFCH00774572413," NETBANK, MUMBAI"
, Energy Solutio-1100B0226014148,,,-504, 02/02/2026, 602024384293," NETBANK, MUMBAI"
, PRAGNESHKUMAR -1100B0226014055,,,"-30,690.00", 02/02/2026, HDFCH00774575529," NETBANK, MUMBAI"
, Bharat Oil W-1100B0226014080,,,"-119,468.20", 02/02/2026, HDFCH00774575548," NETBANK, MUMBAI"
, Hindustan Petr-1100B0226014082,,,"-4,484.00", 02/02/2026, HDFCH00774572417," NETBANK, MUMBAI"
, Balbir Singh a-1100B0226014134,,,"-3,422.00", 02/02/2026, 602024384398," NETBANK, MUMBAI"
, I.T.SOLUTIONS -1100B0226014058,,,"-405,000.00", 02/02/2026, HDFCH00774576559," NETBANK, MUMBAI"
, Ankit Enterpri-1100B0226014147,,,"-4,130.00", 02/02/2026, 602024384291," NETBANK, MUMBAI"
, SAI METAL WORK-1100B0226014156,,,"-628,940.00", 02/02/2026, 602024384312," NETBANK, MUMBAI"
, SAFE WELD TRAD-1100B0226014108,,,"-10,100.80", 02/02/2026, HDFCH00774576581," NETBANK, MUMBAI"
, SHIV REFRIGERA-1100B0226014103,,,"-1,170.00", 02/02/2026, HDFCH00774575571," NETBANK, MUMBAI"
, Krishna Sweets-1100B0226014152,,,"-36,467.56", 02/02/2026, 602024384302," NETBANK, MUMBAI"
, M.S. Engineeri-1100B0226014138,,,"-32,154.75", 02/02/2026, HDFCH00774572429," NETBANK, MUMBAI"
, PASCO EARTHMOV-1100B0226014165,,,"-243,333.47", 02/02/2026, HDFCH00774577442," NETBANK, MUMBAI"
, WASTE TO ENERG-1100B0226014116,,,"-855,034.38", 02/02/2026, 602024353098," NETBANK, MUMBAI"
, Dagar Enterpri-1100B0226014154,,,"-103,908.51", 02/02/2026, HDFCH00774574149," NETBANK, MUMBAI"
, PYROTEK INDIA -1100B0226014105,,,"-739,233.00", 02/02/2026, HDFCH00774576632," NETBANK, MUMBAI"
, Milap Tyres-1100B0226014145,,,"-51,684.00", 02/02/2026, 602024384287," NETBANK, MUMBAI"
, AMLINE HOTELS -1100B0226014102,,,"-4,952.00", 02/02/2026, HDFCH00774570257," NETBANK, MUMBAI"
, Icon Engineers-1100B0226014150,,,"-119,340.00", 02/02/2026, HDFCH00774577511," NETBANK, MUMBAI"
, Pacific Electr-1100B0226014142,,,"-6,549.00", 02/02/2026, HDFCH00774570260," NETBANK, MUMBAI"
, PROFESSIONAL S-1100B0226014159,,,"-2,227,226.29", 02/02/2026, HDFCH00774575617," NETBANK, MUMBAI"
, VICKY TRADERS-1100B0226014155,,,"-58,654.96", 02/02/2026, HDFCH00774575619," NETBANK, MUMBAI"
, S.P. Decorator-1100B0226014131,,,"-66,670.00", 02/02/2026, HDFCH00774576672," NETBANK, MUMBAI"
, Gujarat Enviro-1100B0226014141,,,"-57,336.77", 02/02/2026, HDFCH00774575623," NETBANK, MUMBAI"
, SETH AIR PRODU-1100B0226014161,,,"-2,891.00", 02/02/2026, HDFCH00774576679," NETBANK, MUMBAI"
, JADE SOLUTIONS-1100B0226014162,,,"-178,449.04", 02/02/2026, HDFCH00774574213," NETBANK, MUMBAI"
, Tetra Tekseal -1100B0226014133,,,"-19,942.00", 02/02/2026, HDFCH00774574223," NETBANK, MUMBAI"
, AIR WATER INDI-1100B0226014109,,,"-25,858.24", 02/02/2026, HDFCH00774575636," NETBANK, MUMBAI"
, Raman Electric-1100B0226014130,,,"-11,711.70", 02/02/2026, HDFCH00774570272," NETBANK, MUMBAI"
, NABIYA TRADERS-1100B0226014112,,,"-2,255,924.58", 02/02/2026, HDFCH00774577574," NETBANK, MUMBAI"
, Arte Engineeri-1100B0226014127,,,"-6,946.10", 02/02/2026, HDFCH00774570274," NETBANK, MUMBAI"
, M S SHIVAM ENT-1100B0226014100,,,"-62,312.85", 02/02/2026, HDFCH00774570275," NETBANK, MUMBAI"
, Scottish Chemi-1100B0226014151,,,"-1,826.64", 02/02/2026, HDFCH00774574261," NETBANK, MUMBAI"
, KALPATARU PARI-1100B0226014104,,,"-618,190.68", 02/02/2026, HDFCH00774575657," NETBANK, MUMBAI"
, Devirosh Group-1100B0226014136,,,"-167,229.60", 02/02/2026, HDFCH00774575660," NETBANK, MUMBAI"
, LIFE FIRST SOL-1100B0226014101,,,"-16,200.00", 02/02/2026, HDFCH00774575662," NETBANK, MUMBAI"
, Wesman Thermal-1100B0226014132,,,"-131,568.35", 02/02/2026, HDFCH00774575673," NETBANK, MUMBAI"
, Blue Deep Cour-1100B0226014128,,,"-1,490.26", 02/02/2026, HDFCH00774576726," NETBANK, MUMBAI"
, M P INDUSTRIAL-1100B0226014106,,,"-56,050.00", 02/02/2026, HDFCH00774576752," NETBANK, MUMBAI"
, Environment Po-1100B0226014149,,,"-61,422.00", 02/02/2026, HDFCH00774570284," NETBANK, MUMBAI"
, ECON LABORATOR-1100B0226014111,,,"-27,144.00", 02/02/2026, HDFCH00774577614," NETBANK, MUMBAI"
, DURGA TRADERS-1100B0226014157,,,"-92,901.33", 02/02/2026, HDFCH00774576785," NETBANK, MUMBAI"
, ATIF TRADING C-1100B0226014115,,,"-1,821,813.52", 02/02/2026, HDFCH00774570292," NETBANK, MUMBAI"
, Linde India Li-1100B0226014137,,,"-17,070.24", 02/02/2026, HDFCH00774575698," NETBANK, MUMBAI"
, Meet Engineeri-1100B0226014146,,,"-37,760.00", 02/02/2026, HDFCH00774576793," NETBANK, MUMBAI"
, Allied Refract-1100B0226014144,,,"-142,158.00", 02/02/2026, HDFCH00774576814," NETBANK, MUMBAI"
, UNIVERSAL META-1100B0226014113,,,"-2,120,749.97", 02/02/2026, HDFCH00774577629," NETBANK, MUMBAI"
, STAR WIRE IND-1100B0226014179,,,"-13,554.00", 02/02/2026, 602024384362," NETBANK, MUMBAI"
, MELTWELL LININ-1100B0226014188,,,"-85,550.00", 02/02/2026, 602024384386," NETBANK, MUMBAI"
, SARRC TEST HOU-1100B0226014186,,,"-1,690.71", 02/02/2026, 602024384382," NETBANK, MUMBAI"
, ACHINT CHEMICA-1100B0226014187,,,"-207,263.00", 02/02/2026, 602024384384," NETBANK, MUMBAI"
, AIR WATER INDI-1100B0226014174,,,"-18,415.08", 02/02/2026, HDFCH00774578009," NETBANK, MUMBAI"
, AMAN TRADING C-1100B0226014177,,,"-3,115.20", 02/02/2026, HDFCH00774578010," NETBANK, MUMBAI"
, EURO POWER TEC-1100B0226014182,,,"-4,720.00", 02/02/2026, HDFCH00774578015," NETBANK, MUMBAI"
, SHRI SHYAM ENT-1100B0226014168,,,"-328,185.00", 02/02/2026, HDFCH00774577227," NETBANK, MUMBAI"
, HICARE SAFETY -1100B0226014167,,,"-68,250.00", 02/02/2026, HDFCH00774579526," NETBANK, MUMBAI"
, NIKSON ENTERPR-1100B0226014190,,,"-13,204.20", 02/02/2026, HDFCH00774579552," NETBANK, MUMBAI"
, RISANSI INDUST-1100B0226014169,,,"-27,184.84", 02/02/2026, HDFCH00774577237," NETBANK, MUMBAI"
, TREIS SOLUTION-1100B0226014171,,,"-130,844.08", 02/02/2026, HDFCH00774576050," NETBANK, MUMBAI"
, V N METAL-1100B0226014176,,,-533, 02/02/2026, HDFCH00774576056," NETBANK, MUMBAI"
, BHAGWATI ENTER-1100B0226014191,,,"-1,783,272.51", 02/02/2026, HDFCH00774579142," NETBANK, MUMBAI"
, SHARMA METAL-1100B0226014180,,,"-4,929.00", 02/02/2026, HDFCH00774579557," NETBANK, MUMBAI"
, URBAN METAL -1100B0226014175,,,"-2,462,911.06", 02/02/2026, HDFCH00774576084," NETBANK, MUMBAI"
, ANSH ENTERPRIS-1100B0226014189,,,"-2,279,414.40", 02/02/2026, HDFCH00774579559," NETBANK, MUMBAI"
, R J ENTERPRISE-1100B0226014172,,,"-43,070.00", 02/02/2026, HDFCH00774576089," NETBANK, MUMBAI"
, MS ENTERPRISES-1100B0226014166,,,"-106,065.00", 02/02/2026, HDFCH00774576090," NETBANK, MUMBAI"
, AMPLE INDUSTRI-1100B0226014185,,,"-21,830.00", 02/02/2026, HDFCH00774576094," NETBANK, MUMBAI"
, SAFE WELD TRAD-1100B0226014173,,,"-5,221.52", 02/02/2026, HDFCH00774578035," NETBANK, MUMBAI"
, PYROTEK INDIA -1100B0226014170,,,"-673,091.10", 02/02/2026, HDFCH00774579563," NETBANK, MUMBAI"
, INW 310126I049902514 USD225521.17@91.457,," 20,625,602.41",, 02/02/2026, 020226334806," NETBANK, MUMBAI"
, 310126I049902514 DPO2603363392906 IGST,,,"-4,522.61", 02/02/2026, 020226334813," NETBANK, MUMBAI"
, NEFT Cr ECMS-CNRB0000378-CMRGR1100LCU101545-GOYAL METAL AND ALLOYS-125004451390,," 1,800,000.00",, 02/02/2026, CNRBH00107474237, FORT
, COMM ON IMPORT LC ISSUED,,,"-14,398.36", 02/02/2026, 612SBBC260280001," KUNDLI, SONEPAT"
," RTGS Dr-ICIC0000083-CMRAluminiumPrivateLimited-NETBANK, MUM-HDFCR52026020264689645",,,"-50,000,000.00", 02/02/2026, HDFCR52026020264689645," NETBANK, MUMBAI"
," RTGS Dr-ICIC0006303-CENTURYMETALRECYCLINGLIMITED-NETBANK, MUM-HDFCR52026020264649781",,,"-50,000,000.00", 02/02/2026, HDFCR52026020264649781," NETBANK, MUMBAI"
, COMM ON LIQD OF IMP COLL BILL,,,-177, 02/02/2026, 612BC05260310002," KUNDLI, SONEPAT"
, COMM ON IMPORT LC ISSUED,,,"-28,426.20", 02/02/2026, 612SBBC260330001," KUNDLI, SONEPAT"
, RTGS Cr ECMS-UTIB0000792-CMRGR1100LCU100393-J.V.K. ENTERPRISES-919020063199555,," 300,000.00",, 02/02/2026, UTIBR72026020200580266, FORT
, FT602025272543-CMR TOYOTSU ALUMINIUM INDIA PL FT-00930310001264,," 50,000,000.00",, 02/02/2026, 602025272543," NETBANK, MUMBAI"
, RTGS Cr ECMS-ICIC0000011-CMRLTD201LCU100490-M K TRADERS CASTING-661305500712,," 555,000.00",, 03/02/2026, ICICR42026020200600983, FORT
2/3/2026,Opening balance,"-39,611,900.85",,,,,
, AUTO SWEEPOUT TO CMR GREEN TECHNOLOGI 57500000342857,," 16,929,905.03",, 02/02/2026,, FARIDABAD HARYANA
, AUTO SWEEPOUT TO CMR GREEN TECHNOLOGI 12540310000177,," 641,401.19",, 02/02/2026,, SRIPERAMBUDUR
, RTGS Cr ECMS-UTIB0002437-CMRLTD151LCU101262-MAHAKAL ENTERPRISES-921020020261421,," 858,000.00",, 03/02/2026, UTIBR72026020300570292, FORT
, NEFT Cr ECMS-CNRB0019251-CMRLTD151LCU101556-M S ENTERPRISES-92511400000402,," 265,000.00",, 03/02/2026, CNRBH00107548919, FORT
, RTGS Cr ECMS-SBIN0050304-CMRGR1100LCU101368-KP ENTERPRISES-41198832765,," 893,860.00",, 03/02/2026, SBINR12026020315165278, FORT
, RTGS Cr ECMS-KKBK0000958-CMRGR1100LCU101691-VEDANSH TRADING-3850190839,," 2,590,000.00",, 03/02/2026, KKBKR52026020300729046, FORT
, FT Cr ECMS-CMRLTD151LCU101331-J B TRADING-50200083168153,," 2,000.00",, 03/02/2026, HDFC8B752749CE89," NETBANK, MUMBAI"
, RTGS Cr-SBIN0004298-M s Century Metal Recycling Private-Century Metal Rceycling Pvt Ltd-SBINR12026020315168776,," 10,000,000.00",, 03/02/2026, SBINR12026020315168776, CMS TF WBO MUMBAI
, RTGS Cr-SBIN0004298-M s Century Metal Recycling Private-Century Metal Rceycling Pvt Ltd-SBINR12026020315168812,," 10,000,000.00",, 03/02/2026, SBINR12026020315168812, CMS TF WBO MUMBAI
, RTGS Cr-SBIN0004298-M s Century Metal Recycling Private-Century Metal Rceycling Pvt Ltd-SBINR12026020315168777,," 10,000,000.00",, 03/02/2026, SBINR12026020315168777, CMS TF WBO MUMBAI
, RTGS Cr-SBIN0004298-M s Century Metal Recycling Private-Century Metal Rceycling Pvt Ltd-SBINR12026020315168811,," 10,000,000.00",, 03/02/2026, SBINR12026020315168811, CMS TF WBO MUMBAI
, IMPS CR ECMS-9052-CMRGR1100LCU101769-AMAN ENTERPRISES-0667202500004701,," 44,500.00",, 03/02/2026, 603437346350, FARIDABAD HARYANA
, RTGS Cr ECMS-ICIC0003581-CMRGR1100LSU102994-U P GREEN RECYCLING CO-358105500284,," 2,000,000.00",, 03/02/2026, ICICR52026020300724072, FORT
, COMM ON LIQD OF IMP COLL BILL,,,-177, 03/02/2026, 612BC05260340001," KUNDLI, SONEPAT"
, IMPS CR ECMS-9211-CMRGR1100LCU101769-NAEEMJAVED-919020035458367,," 47,000.00",, 03/02/2026, 603446244576, FARIDABAD HARYANA
, COMM ON LIQD OF IMP COLL BILL,,,-177, 03/02/2026, 612BC05260340002," KUNDLI, SONEPAT"
, LOCAL BILL DISCOUNTED,," 80,192,922.54",, 03/02/2026, 612SB04260340001," KUNDLI, SONEPAT"
, IMPS CR ECMS-9012-CMRGR1100LCU101696-KHUSHBUENTERPRISES-45590200000197,," 23,000.00",, 03/02/2026, 603411940914, FARIDABAD HARYANA
, LOCAL BILL DISCOUNTED,," 81,366,319.59",, 03/02/2026, 612SB04260340002," KUNDLI, SONEPAT"
, LOCAL BILL DISCOUNTED,," 55,039,811.05",, 03/02/2026, 612SB04260340003," KUNDLI, SONEPAT"
, IMPS CR ECMS-9751-cmrgr1100lcu101943-MR TRADING CO-89650005280,," 500,000.00",, 03/02/2026, 603413705759, FARIDABAD HARYANA
, IMPS CR ECMS-9751-cmrgr1100lcu101943-MR TRADING CO-89650005280,," 300,000.00",, 03/02/2026, 603413707563, FARIDABAD HARYANA
, FCY OUTWARD REMITTANCE,,,"-185,750.66", 03/02/2026, 612FT01260340016," KUNDLI, SONEPAT"
, FCY OUTWARD REMITTANCE,,,"-6,986,697.18", 03/02/2026, 612FT01260340013," KUNDLI, SONEPAT"
, FCY OUTWARD REMITTANCE,,,"-642,709.98", 03/02/2026, 612FT01260340019," KUNDLI, SONEPAT"
, FCY OUTWARD REMITTANCE,,,"-24,179,284.94", 03/02/2026, 612FT01260340017," KUNDLI, SONEPAT"
, FCY OUTWARD REMITTANCE,,,"-573,131.66", 03/02/2026, 612FT01260340024," KUNDLI, SONEPAT"
, FCY OUTWARD REMITTANCE,,,"-21,628,801.68", 03/02/2026, 612FT01260340023," KUNDLI, SONEPAT"
, FCY OUTWARD REMITTANCE,,,"-91,183.47", 03/02/2026, 612FT01260340026," KUNDLI, SONEPAT"
, FCY OUTWARD REMITTANCE,,,"-3,429,010.22", 03/02/2026, 612FT01260340025," KUNDLI, SONEPAT"
, FCY OUTWARD REMITTANCE,,,"-360,207.46", 03/02/2026, 612FT01260340030," KUNDLI, SONEPAT"
, FCY OUTWARD REMITTANCE,,,"-13,550,436.09", 03/02/2026, 612FT01260340028," KUNDLI, SONEPAT"
, FCY OUTWARD REMITTANCE,,,"-150,339.26", 03/02/2026, 612FT01260340032," KUNDLI, SONEPAT"
, FCY OUTWARD REMITTANCE,,,"-5,654,363.07", 03/02/2026, 612FT01260340031," KUNDLI, SONEPAT"
, IMPS CR ECMS-9751-cmrgr1100lcu101943-MR TRADING CO-89650005280,," 300,000.00",, 03/02/2026, 603414829535, FARIDABAD HARYANA
, TIRUPATI TRADE-1100B0226014117,,,"-2,586,891.06", 03/02/2026, HDFCH00776683357," NETBANK, MUMBAI"
, Saini Placemen-1100B0226014085,,,"-2,558,483.29", 03/02/2026, HDFCH00776688562," NETBANK, MUMBAI"
, Manmachine Man-1100B0226014083,,,"-2,861,240.50", 03/02/2026, HDFCH00776687155," NETBANK, MUMBAI"
, SHIVAY ULTIMAT-1100B0226014110,,,"-5,618,607.82", 03/02/2026, HDFCH00776687158," NETBANK, MUMBAI"
, RAPIDUE TECHNO-1100B0226014107,,,"-4,063,982.95", 03/02/2026, HDFCH00776686257," NETBANK, MUMBAI"
, SHARMA METAL-1100B0226014114,,,"-3,445,465.00", 03/02/2026, HDFCH00776683359," NETBANK, MUMBAI"
, SCOPE OVERSEAS-1100B0226014118,,,"-3,115,971.50", 03/02/2026, 602024353104," NETBANK, MUMBAI"
, Ved Prakash Gu-1100B0226014240,,,"-1,551.00", 03/02/2026, HDFCH00776689029," NETBANK, MUMBAI"
, Dilip Dash-1100B0226014247,,,"-3,000.00", 03/02/2026, HDFCH00776689030," NETBANK, MUMBAI"
, SANJAY SINGH-1100B0226014260,,,"-2,574.00", 03/02/2026, HDFCH00776692588," NETBANK, MUMBAI"
, Ashok Kumar-1100B0226014255,,,"-3,875.00", 03/02/2026, HDFCH00776690768," NETBANK, MUMBAI"
, Rishabh Saini-1100B0226014265,,,-758, 03/02/2026, HDFCH00776689043," NETBANK, MUMBAI"
, Sourabh Singh-1100B0226014237,,,"-3,024.46", 03/02/2026, HDFCH00776692591," NETBANK, MUMBAI"
, Ravindra Prata-1100B0226014235,,,"-2,998.00", 03/02/2026, HDFCH00776689073," NETBANK, MUMBAI"
, Mukesh Kumar J-1100B0226014248,,,"-3,304.50", 03/02/2026, HDFCH00776689905," NETBANK, MUMBAI"
, Rupesh Prasad-1100B0226014244,,,"-4,627.26", 03/02/2026, 602035534869," NETBANK, MUMBAI"
, FT-HDFC555122767-HAPPAY POOL ACCOUNT CMRG,,,"-120,309.11", 03/02/2026, 602035534857," NETBANK, MUMBAI"
, Narendra Das-1100B0226014238,,,"-15,941.00", 03/02/2026, HDFCH00776691907," NETBANK, MUMBAI"
, RAJESH SINGH-1100B0226014245,,,"-1,271.00", 03/02/2026, 602035534871," NETBANK, MUMBAI"
, Deepak Bhardwa-1100B0226014257,,,"-3,000.00", 03/02/2026, HDFCH00776692597," NETBANK, MUMBAI"
, KALPIT KUMAR D-1100B0226014261,,,"-3,900.00", 03/02/2026, HDFCH00776690790," NETBANK, MUMBAI"
, Ashish Jasvant-1100B0226014268,,,"-3,315.00", 03/02/2026, HDFCH00776691918," NETBANK, MUMBAI"
, Manish Agrahar-1100B0226014259,,,"-2,900.00", 03/02/2026, 602035534920," NETBANK, MUMBAI"
, Abhishek Soam-1100B0226014242,,,"-4,372.00", 03/02/2026, HDFCH00776691923," NETBANK, MUMBAI"
, Dharmendra Sai-1100B0226014250,,,-140, 03/02/2026, HDFCH00776689146," NETBANK, MUMBAI"
, Rahul Malake-1100B0226014273,,,"-3,100.00", 03/02/2026, 602035534957," NETBANK, MUMBAI"
, Ashutosh Anand-1100B0226014256,,,"-1,473.00", 03/02/2026, HDFCH00776690798," NETBANK, MUMBAI"
, Rahul Jayant-1100B0226014258,,,"-4,322.00", 03/02/2026, 602035534918," NETBANK, MUMBAI"
, Prateek Rai-1100B0226014271,,,"-2,000.00", 03/02/2026, HDFCH00776689155," NETBANK, MUMBAI"
, Jaswant Sharma-1100B0226014234,,,"-3,501.50", 03/02/2026, HDFCH00776691931," NETBANK, MUMBAI"
, Ravi Kant sing-1100B0226014270,,,-500, 03/02/2026, 602035534950," NETBANK, MUMBAI"
, parth parekh-1100B0226014249,,,"-1,150.00", 03/02/2026, HDFCH00776689935," NETBANK, MUMBAI"
, Rajesh Kumar C-1100B0226014246,,,"-3,600.00", 03/02/2026, HDFCH00776689172," NETBANK, MUMBAI"
, Vandana Patel-1100B0226014264,,,"-3,511.55", 03/02/2026, HDFCH00776689177," NETBANK, MUMBAI"
, Vikas Mishra-1100B0226014277,,,-840, 03/02/2026, HDFCH00776691946," NETBANK, MUMBAI"
, Aman Kesarwani-1100B0226014263,,,"-3,873.22", 03/02/2026, 602035534932," NETBANK, MUMBAI"
, Prdeep Kumar-1100B0226014251,,,"-7,517.00", 03/02/2026, HDFCH00776689182," NETBANK, MUMBAI"
, Bhabani Sankar-1100B0226014266,,,"-7,000.00", 03/02/2026, HDFCH00776689188," NETBANK, MUMBAI"
, Rudra Narayan -1100B0226014272,,,"-3,187.00", 03/02/2026, HDFCH00776691955," NETBANK, MUMBAI"
, Sudhir Kumar-1100B0226014243,,,-377.5, 03/02/2026, HDFCH00776690825," NETBANK, MUMBAI"
, Naveen Kumar-1100B0226014239,,,"-5,260.00", 03/02/2026, HDFCH00776689952," NETBANK, MUMBAI"
, Ayush kumar-1100B0226014269,,,"-4,991.00", 03/02/2026, HDFCH00776689205," NETBANK, MUMBAI"
, Pankaj Gahlot-1100B0226014252,,,"-15,118.00", 03/02/2026, HDFCH00776691965," NETBANK, MUMBAI"
, Rajesh Kumar K-1100B0226014253,,,"-5,675.00", 03/02/2026, HDFCH00776691971," NETBANK, MUMBAI"
, Surya Pratap-1100B0226014262,,,"-1,185.00", 03/02/2026, HDFCH00776690853," NETBANK, MUMBAI"
, Rahul Verma-1100B0226014274,,,"-3,605.73", 03/02/2026, HDFCH00776691974," NETBANK, MUMBAI"
, Sanjay Dubey-1100B0226014267,,,"-28,418.00", 03/02/2026, HDFCH00776690860," NETBANK, MUMBAI"
, Vijay Kumar-1100B0226014275,,,"-1,311.00", 03/02/2026, HDFCH00776692664," NETBANK, MUMBAI"
, Sachin Dudeja-1100B0226014236,,,"-4,500.00", 03/02/2026, HDFCH00776691977," NETBANK, MUMBAI"
, Ankit Sharma-1100B0226014254,,,-667, 03/02/2026, HDFCH00776690870," NETBANK, MUMBAI"
, Deepak Kumar G-1100B0226014232,,,"-12,000.00", 03/02/2026, HDFCH00776689221," NETBANK, MUMBAI"
, Anil Kumar Sha-1100B0226014241,,,"-5,320.00", 03/02/2026, HDFCH00776689226," NETBANK, MUMBAI"
, Tulsi Ram Yada-1100B0226014233,,,"-1,220.00", 03/02/2026, HDFCH00776689227," NETBANK, MUMBAI"
, APPLE MANPOWER-1100B0226014160,,,"-8,225,040.08", 03/02/2026, 602024384320," NETBANK, MUMBAI"
, WASTE TO ENERG-1100B0226014183,,,"-2,928,353.04", 03/02/2026, 602024384372," NETBANK, MUMBAI"
, AMAIRA METALS-1100B0226014184,,,"-12,077,804.38", 03/02/2026, 602024384374," NETBANK, MUMBAI"
, MULTI MODAL OV-1100B0226014163,,,"-3,351,634.65", 03/02/2026, HDFCH00776691434," NETBANK, MUMBAI"
, Prubel Metals-1100B0226014126,,,"-5,930,306.29", 03/02/2026, HDFCH00776693163," NETBANK, MUMBAI"
, ARYA STEELS-1100B0226014181,,,"-6,412,628.41", 03/02/2026, HDFCH00776693171," NETBANK, MUMBAI"
, PROFESSIONAL M-1100B0226014158,,,"-3,702,746.83", 03/02/2026, HDFCH00776693175," NETBANK, MUMBAI"
, OMKAR METAL-1100B0226014178,,,"-7,363,838.46", 03/02/2026, HDFCH00776693184," NETBANK, MUMBAI"
, ODEX INDIA SOL-1100B0226014224,,,"-823,624.66", 03/02/2026, HDFCH00776695592," NETBANK, MUMBAI"
, ODEX INDIA SOL-1100B0226014223,,,"-2,155,942.60", 03/02/2026, HDFCH00776694906," NETBANK, MUMBAI"
, ODEX INDIA SOL-1100B0226014222,,,"-160,508.32", 03/02/2026, HDFCH00776695610," NETBANK, MUMBAI"
, UNIFEEDER AGEN-1100B0226014278,,,"-113,164.67", 03/02/2026, 602035549070," NETBANK, MUMBAI"
, FT-HIZINC7795-Hindustan Zinc Ltd.,,,"-16,604,446.50", 03/02/2026, 602024357360," NETBANK, MUMBAI"
, FT-HIZINC7904-Hindustan Zinc Ltd.,,,"-16,604,446.50", 03/02/2026, 602024368978," NETBANK, MUMBAI"
, 50100404578022-F F Vishnu Kumar 10600,,,"-267,144.00", 03/02/2026, 602035522946," NETBANK, MUMBAI"
, 602035383211F F Partap Singh 10477,,,"-4,278.00", 03/02/2026, HDFCH00776695248," NETBANK, MUMBAI"
, 602035382688F F shiv shankar15083,,,"-84,716.00", 03/02/2026, HDFCH00776697980," NETBANK, MUMBAI"
, 602035382284F FTej Bahadur Yadav15313,,,"-50,885.00", 03/02/2026, HDFCH00776697997," NETBANK, MUMBAI"
, 602035381164F F Shalu Priya15900,,,"-66,300.00", 03/02/2026, HDFCH00776696908," NETBANK, MUMBAI"
, 602035383775DA Ved Gupta 10206 Bangkok,,,"-38,914.00", 03/02/2026, HDFCH00776698000," NETBANK, MUMBAI"
, 602035381587F F Jogendra Singh 10764,,,"-294,847.00", 03/02/2026, HDFCH00776698881," NETBANK, MUMBAI"
, Shriram Piston-1100B0226014073,,,"-9,864,800.00", 03/02/2026, 602024342240," NETBANK, MUMBAI"
, FT-HIZINC7904-Hindustan Zinc Ltd.,,,"-15,942,202.20", 03/02/2026, 602024338391," NETBANK, MUMBAI"
, LARSEN TOUBR-1100B0226014053,,,"-3,684,450.04", 03/02/2026, HDFCH00776707458," NETBANK, MUMBAI"
, FT Cr ECMS-CMRLTD151LCU101557-S G M METAL COMPANY-50200085699296,," 2,271,690.00",, 03/02/2026, NBS8I10C81SFSEPG," NETBANK, MUMBAI"
, FT Cr ECMS-CMRGR1100LCU101315-HERO MOTOCORP LIMITED 315-00030110000315,," 28,334,080.51",, 03/02/2026, 602035565000," NETBANK, MUMBAI"
, FT Cr ECMS-CMRGR1100LCU101315-HERO MOTOCORP LIMITED 315-00030110000315,," 13,137,043.11",, 03/02/2026, 602035565002," NETBANK, MUMBAI"
, FT Cr ECMS-CMRGR1100LCU101320-HERO MOTOCORP LIMITED 315-00030110000315,," 712,070.46",, 03/02/2026, 602035565003," NETBANK, MUMBAI"
," RTGS Dr-SBIN0004298-CENTURYMETALRECYCLINGPVTLTD-NETBANK, MUM-HDFCR52026020365048256",,,"-70,000,000.00", 03/02/2026, HDFCR52026020365048256," NETBANK, MUMBAI"
," RTGS Dr-ICIC0006303-CENTURYMETALRECYCLINGLIMITED-NETBANK, MUM-HDFCR52026020365066549",,,"-120,000,000.00", 03/02/2026, HDFCR52026020365066549," NETBANK, MUMBAI"
, IMPS CR ECMS-9757-CMRGR1100LCU101951-ZOYA METALS-4467120020000154,," 115,000.00",, 03/02/2026, 603416565691, FARIDABAD HARYANA
, NEFT Cr-YESB0000402-MUM WBCAD OUT TRFR-CMR GREEN TECHNOLOGIES LIMITED-YESB60344326923,," 1,100.00",, 03/02/2026, YESB60344326923, FORT
, COMM ON LIQD OF IMP COLL BILL,,,-177, 03/02/2026, 612BC05260340004," KUNDLI, SONEPAT"
, INW 310126I049901848 USD2470.0@90.23,," 222,868.10",, 03/02/2026, 030226268408," NETBANK, MUMBAI"
, 310126I049901848 DPO2603465776170 IGST,,,-290.58, 03/02/2026, 030226268423," NETBANK, MUMBAI"
, INW 290126I049908427 USD7900.0@90.23,," 712,817.00",, 03/02/2026, 030226268484," NETBANK, MUMBAI"
, 290126I049908427 DPO2603465776176 IGST,,,-731.54, 03/02/2026, 030226268491," NETBANK, MUMBAI"
, CHCER9S1AG2D9J-CBICICEGATE,,,"-3,262,026.00", 03/02/2026, 602036274351," NETBANK, MUMBAI"
, COMM ON LIQD OF IMP COLL BILL,,,-177, 03/02/2026, 612BC05260340005," KUNDLI, SONEPAT"
, FT602036327394-CMR GREEN TECHNOLOGIES L57FT-57500000342857,," 530,062,618.72",, 03/02/2026, 602036327394," NETBANK, MUMBAI"
, 00930310001274-1274,,,"-180,000,000.00", 03/02/2026, 602036329764," NETBANK, MUMBAI"
," RTGS Dr-SBIN0004298-CENTURYMETALRECYCLINGPVTLTD-NETBANK, MUM-HDFCR52026020365209051",,,"-250,000,000.00", 03/02/2026, HDFCR52026020365209051," NETBANK, MUMBAI"
," RTGS Dr-SBIN0004298-CENTURYMETALRECYCLINGPVTLTD-NETBANK, MUM-HDFCR52026020365189281",,,"-97,500,000.00", 03/02/2026, HDFCR52026020365189281," NETBANK, MUMBAI"
, FT602036425716-CMR GREEN TECHNOLOGIES L57FT-57500000342857,," 97,300,000.00",, 03/02/2026, 602036425716," NETBANK, MUMBAI"
, 00930310001264-,,,"-20,000,000.00", 03/02/2026, 602036423561," NETBANK, MUMBAI"
, IMPS CR ECMS-9026-CMRGE1100LCU101973-FKMETALINDUSTRIES-483301010036635,," 100,000.00",, 03/02/2026, 603418434685, FARIDABAD HARYANA
, 00930310001264-1264,,,"-40,000,000.00", 03/02/2026, 602036504810," NETBANK, MUMBAI"
, FT602036505384-CMR NIKKEI INDIA PVT LTD 1274 FT-00930310001274,," 20,000,000.00",, 03/02/2026, 602036505384," NETBANK, MUMBAI"
, NEFT Cr ECMS-IDFB0021315-CMRLTD201LCU100393-J V K ENTERPRISES-50000019860,," 100,000.00",, 03/02/2026, IDFB603463095516, FORT
, FT Cr ECMS-CMRLTD201LCU100983-TOLA TRADING AND CASTING WORKS-50200035571033,," 643,572.00",, 03/02/2026, NBQIXEMIFH6H1Y4U," NETBANK, MUMBAI"
, AUTO SWEEPOUT TO CMR GREEN TECHNOLOGI 57500000342857,," 67,948.76",, 03/02/2026,, FARIDABAD HARYANA
2/4/2026,Opening balance,"-63,352,792.16",,,,,
, 50200086230464-TPT-Bill pay advance-SK ENTERPRISES,," 50,000.00",, 04/02/2026, 000221242352," NETBANK, MUMBAI"
, RTGS Cr ECMS-KKBK0000958-CMRLTD151LCU101407-GLOBAL METAL RECYCLERS-1145328738,," 595,305.00",, 04/02/2026, KKBKR52026020400973589, FORT
, IMPS CR ECMS-9229-CMRGR1100LCU101733-SHREE VINAYAK METALS-007105010931,," 259,813.00",, 04/02/2026, 603509168401, FARIDABAD HARYANA
, RTGS Cr-UTIB0000176-APJ INVESTMENTS PRIVATE LIMITED UNI-CMR Green Technologies Limited-UTIBR72026020400420579,," 3,549,842.00",, 04/02/2026, UTIBR72026020400420579, FORT
, IMPS CR ECMS-9024-CMRLTD201LCU100256-INDIAN METAL SCRAP-08281131002695,," 85,000.00",, 04/02/2026, 603509243336, FARIDABAD HARYANA
, RTGS Cr ECMS-KKBK0000958-CMRGR1100LCU100496-GMC ENTERPRISES-0747497392,," 2,000,000.00",, 04/02/2026, KKBKR12026020400990413, FORT
, RTGS Cr ECMS-BARB0ALIGAR-CMRGR1100LCU100496-GMC ENTERPRISES-05830200000426,," 1,068,000.00",, 04/02/2026, BARBR52026020400810359, FORT
, NEFT Cr ECMS-IDFB0021315-CMRLTD201LCU100393-J V K ENTERPRISES-50000019860,," 150,000.00",, 04/02/2026, IDFB603563121628, FORT
, RTGS Cr ECMS-YESB0000001-CMRGR1100LCU101888-MOREY TRADERS-053161900012080,," 893,850.00",, 04/02/2026, YESBR12026020400015961, FORT
, RTGS Cr ECMS-IDIB000K796-CMRGR1100LCU101732-DAUJI METAL INDUSTRIES-00000007776647636,," 2,200,000.00",, 04/02/2026, IDIBR52026020400198066, FORT
, RTGS Cr ECMS-PUNB0107400-CMRLTD201LCU100256-INDIAN METAL SCRAP-08281131002695,," 715,000.00",, 04/02/2026, PUNBR52026020412727348, FORT
, FCY OUTWARD REMITTANCE,,,"-5,331,252.87", 04/02/2026, 612FT01260350027," KUNDLI, SONEPAT"
, FCY OUTWARD REMITTANCE,,,"-142,099.67", 04/02/2026, 612FT01260350028," KUNDLI, SONEPAT"
, FCY OUTWARD REMITTANCE,,,"-4,754,686.57", 04/02/2026, 612FT01260350029," KUNDLI, SONEPAT"
, FCY OUTWARD REMITTANCE,,,"-126,737.11", 04/02/2026, 612FT01260350030," KUNDLI, SONEPAT"
, IMPS CR ECMS-9757-CMRGR1100LCU101951-ZOYA METALS-4467120020000154,," 10,000.00",, 04/02/2026, 603514581764, FARIDABAD HARYANA
," RTGS Dr-ICIC0006303-CMRTICICI-NETBANK, MUM-HDFCR52026020465646142",,,"-60,200,000.00", 04/02/2026, HDFCR52026020465646142," NETBANK, MUMBAI"
, RTGS Cr ECMS-CNRB0019260-CMRGR1100LCU100355-M S MANUFACTURING AN-120028091709,," 429,048.00",, 04/02/2026, CNRBR52026020476627265, FORT
," RTGS Dr-RATN0000990-CMRGreenTechnologiesLimited-NETBANK, MUM-HDFCR52026020465661063",,,"-259,863.00", 04/02/2026, HDFCR52026020465661063," NETBANK, MUMBAI"
, FT Cr ECMS-CMRGR1100LCU101964-SHREE RADHA ENTERPRISE-50200066931940,," 299,000.00",, 04/02/2026, NBOCI71TZJHDSVH2," NETBANK, MUMBAI"
, Energy Solutio-1100B0226014313,,,"-43,070.00", 04/02/2026, 602046825830," NETBANK, MUMBAI"
, UNIFEEDER AGEN-1100B0226014301,,,"-113,164.67", 04/02/2026, 602046699458," NETBANK, MUMBAI"
, ODEX INDIA SOL-1100B0226014322,,,"-4,720.00", 04/02/2026, HDFCH00780298085," NETBANK, MUMBAI"
, ODEX INDIA SOL-1100B0226014305,,,"-352,532.08", 04/02/2026, HDFCH00780299479," NETBANK, MUMBAI"
, MSC MEDITERRAN-1100B0226014324,,,"-1,968.10", 04/02/2026, HDFCH00780298693," NETBANK, MUMBAI"
, ARYA OMNITALK -1100B0226014314,,,"-18,000.00", 04/02/2026, HDFCH00780298702," NETBANK, MUMBAI"
, MSC MEDITERRAN-1100B0226014323,,,"-4,720.00", 04/02/2026, HDFCH00780299489," NETBANK, MUMBAI"
, RTGS Cr ECMS-IDIB000K796-CMRGR1100LCU101732-DAUJI METAL INDUSTRIES-00000007776647636,," 577,000.00",, 04/02/2026, IDIBR52026020400206602, FORT
, FT Cr ECMS-CMRLTD151LCU101461-SHREE JEE METALS-50200071755012,," 931,000.00",, 04/02/2026, NBE0ZOVVRNH8Y6SQ," NETBANK, MUMBAI"
, FT Cr ECMS-CMRLTD201LCU100820-MOHINI INDUSTRIES-50200033588193,," 1,528,500.00",, 04/02/2026, NBFSX63VLZENW6QV," NETBANK, MUMBAI"
, RTGS Cr-KKBK0000958-CMR GREEN TECHNOLOGIES LIMITED-CMR GREEN TECHNOLOGIES LIMITED-KKBKR52026020400522810,," 4,263,864.16",, 04/02/2026, KKBKR52026020400522810, FORT
, RTGS Cr-UTIB0001609-SHRIRAM PISTONS RINGS LIMITED-CMR GREEN TECHNOLOGIES LIMITED-UTIBR72026020400041833,," 17,678,118.27",, 04/02/2026, UTIBR72026020400041833, FORT
, NEFT Cr ECMS-CNRB0000378-CMRGR1100LCU101545-GOYAL METAL AND ALLOYS-125004451390,," 5,500,000.00",, 04/02/2026, CNRBH00108090379, FORT
, RTGS Cr ECMS-UTIB0001602-CMRLTD201LCU100885-BALAJI METAL-919020028918184,," 1,145,000.00",, 04/02/2026, UTIBR72026020400578188, FORT
, 57500000261345-1345,,,"-40,000,000.00", 04/02/2026, 602047643981," NETBANK, MUMBAI"
, FT602047637074-CMR GREEN TECHNOLOGIES L57FT-57500000342857,," 50,000,000.00",, 04/02/2026, 602047637074," NETBANK, MUMBAI"
, 00930310001274-1274,,,"-40,000,000.00", 04/02/2026, 602047642802," NETBANK, MUMBAI"
, LOCAL BILL DISCOUNTED,," 226,006,195.24",, 04/02/2026, 612SB04260350001," KUNDLI, SONEPAT"
, 00930310001274-1274,,,"-120,000,000.00", 04/02/2026, 602047696506," NETBANK, MUMBAI"
, LIQUIDATION OF IMP COLL BILL,,,"-3,033,608.30", 04/02/2026, 612BC05260170006," KUNDLI, SONEPAT"
, RTGS Cr ECMS-ICIC0000011-CMRLTD151LCU101487-MAYA ENTERPRISES-140105001960,," 597,100.00",, 04/02/2026, ICICR42026020400577472, FORT
, LIQUIDATION OF IMP COLL BILL,,,"-50,745,161.22", 04/02/2026, 612BC05260200001," KUNDLI, SONEPAT"
, RTGS Cr-KKBK0000958-CMR GREEN TECHNOLOGIES LTD-CMR GREEN TECHNOLOGIES LTD-KKBKR52026020400544451,," 3,547,917.90",, 04/02/2026, KKBKR52026020400544451, FORT
, RTGS Cr-KKBK0000958-CMR GREEN TECHNOLOGIES-CMR GREEN TECHNOLOGIES LTD-KKBKR52026020400542285,," 5,738,825.70",, 04/02/2026, KKBKR52026020400542285, FORT
, FT Cr ECMS-CMRGR1100LCU101661-MOURYA ENTERPRISES-50200068028400,," 1,000,000.00",, 04/02/2026, HDFC58E45837ED34," NETBANK, MUMBAI"
, RTGS Cr ECMS-UTIB0002437-CMRLTD151LCU101262-MAHAKAL ENTERPRISES-921020020261421,," 600,000.00",, 04/02/2026, UTIBR72026020400579776, FORT
, RTGS Cr-KKBK0000958-CMR GREEN TECHNOLOGIES LTD-CMR GREEN TECHNOLOGIES LTD-KKBKR52026020400544878,," 3,274,640.10",, 04/02/2026, KKBKR52026020400544878, FORT
, AUTO SWEEPOUT TO CMR GREEN TECHNOLOGI 57500000342857,," 13,646,212.13",, 04/02/2026,, FARIDABAD HARYANA
2/5/2026,Opening balance,"-40,145,144.25",,,,,
, NEFT Cr ECMS-CNRB0019251-CMRLTD152LCU101556-M S ENTERPRISES-92511400000402,," 540,000.00",, 05/02/2026, CNRBH00108180663, FORT
, FT Cr ECMS-CMRGR1100LCU101661-MOURYA ENTERPRISES-50200068028400,," 96,018.00",, 05/02/2026, HDFC80E4D3F7331A," NETBANK, MUMBAI"
, 20421000011318-Ajay prajapati 15657,,,"-150,000.00", 05/02/2026, 602047361004," NETBANK, MUMBAI"
, RTGS Cr ECMS-KVBL0002101-CMRGR1100LCU100305-SARA METAL-4204280000000512,," 270,000.00",, 05/02/2026, KVBLR52026020563763374, FORT
, FT Cr ECMS-CMRLTD151LCU101331-J B TRADING-50200083168153,," 44,600.00",, 05/02/2026, HDFCF40B93CBDF05," NETBANK, MUMBAI"
, IMPS CR ECMS-9052-CMRGR1100LCU101769-AMAN ENTERPRISES-0667202500004701,," 45,000.00",, 05/02/2026, 603637835468, FARIDABAD HARYANA
, IMPS CR ECMS-9751-cmrgr1100lcu101943-MR TRADING CO-89650005280,," 200,000.00",, 05/02/2026, 603611214317, FARIDABAD HARYANA
, NEFT Cr ECMS-IDFB0021314-cmrgr1100lcu101943-M.R. TRADING CO.-89650005280,," 1,000,000.00",, 05/02/2026, IDFB603663331599, FORT
, IMPS CR ECMS-9751-cmrgr1100lcu101943-MR TRADING CO-89650005280,," 500,000.00",, 05/02/2026, 603612309092, FARIDABAD HARYANA
, FT Cr ECMS-CMRLTD201LCU100820-MOHINI INDUSTRIES-50200033588193,," 1,528,500.00",, 05/02/2026, NBXU2L1S9ELTWOQY," NETBANK, MUMBAI"
, IMPS CR ECMS-9751-cmrgr1100lcu101943-MR TRADING CO-89650005280,," 130,000.00",, 05/02/2026, 603612351135, FARIDABAD HARYANA
, FT Cr ECMS-CMRGR1100LCU101935-TS ENTERPRISES-50200092311919,," 595,000.00",, 05/02/2026, HDFC5179E1F2A5AF," NETBANK, MUMBAI"
, M S HINDUSTAN -1100B0226014419,,,-635.23, 05/02/2026, 602058485231," NETBANK, MUMBAI"
, FT-HIZINC7795-Hindustan Zinc Ltd.,,,"-2,497,122.00", 05/02/2026, 602058102498," NETBANK, MUMBAI"
, SANJAY KRISHNA-1100B0226014374,,,"-1,041,862.50", 05/02/2026, 602058168561," NETBANK, MUMBAI"
, FIRE STONE MET-1100B0226014414,,,-724.84, 05/02/2026, HDFCH00782840746," NETBANK, MUMBAI"
, AMARAMA ENGINE-1100B0226014366,,,"-62,936.49", 05/02/2026, HDFCH00782841176," NETBANK, MUMBAI"
, Himenviro Env -1100B0226014363,,,"-250,000.00", 05/02/2026, HDFCH00782840747," NETBANK, MUMBAI"
, ACCORD AUTOMAT-1100B0226014365,,,"-270,000.00", 05/02/2026, HDFCH00782837911," NETBANK, MUMBAI"
, VANCMRG2H-1100B0226014370,,,"-39,531.00", 05/02/2026, HDFCH00782840787," NETBANK, MUMBAI"
, MICROMAP ELECT-1100B0226014372,,,"-16,992.00", 05/02/2026, HDFCH00782840794," NETBANK, MUMBAI"
, WORTH OF WASTE-1100B0226014399,,,"-1,620,342.44", 05/02/2026, HDFCH00782837927," NETBANK, MUMBAI"
, URBAN METAL -1100B0226014401,,,"-2,154,363.32", 05/02/2026, HDFCH00782835060," NETBANK, MUMBAI"
, MAKE MY TRIP -1100B0226014371,,,"-197,973.08", 05/02/2026, HDFCH00782837938," NETBANK, MUMBAI"
, Mohan Agarwal-1100B0226014373,,,"-1,981,725.00", 05/02/2026, HDFCH00782837939," NETBANK, MUMBAI"
, ATIF TRADING C-1100B0226014420,,,"-2,390,364.58", 05/02/2026, HDFCH00782837940," NETBANK, MUMBAI"
, FIRST CARS PRI-1100B0226014375,,,"-14,381.68", 05/02/2026, HDFCH00782837946," NETBANK, MUMBAI"
, M S GOLDEN ENT-1100B0226014421,,,"-656,091.36", 05/02/2026, HDFCH00782835107," NETBANK, MUMBAI"
, RAPIDUE TECHNO-1100B0226014416,,,"-2,399,787.61", 05/02/2026, HDFCH00782839807," NETBANK, MUMBAI"
, ODEX INDIA SOL-1100B0226014386,,,"-2,172,285.60", 05/02/2026, HDFCH00782842121," NETBANK, MUMBAI"
, PARAS OIL DIST-1100B0226014395,,,"-1,252,068.52", 05/02/2026, HDFCH00782837990," NETBANK, MUMBAI"
, CERA THERMAL T-1100B0226014364,,,"-1,509,415.32", 05/02/2026, HDFCH00782842135," NETBANK, MUMBAI"
, OPTIMA METAL R-1100B0226014394,,,"-1,130,565.65", 05/02/2026, HDFCH00782838032," NETBANK, MUMBAI"
, RETRIEVE EXIM -1100B0226014418,,,-51.6, 05/02/2026, HDFCH00782838049," NETBANK, MUMBAI"
, BALAJI TRADING-1100B0226014400,,,"-6,105,810.13", 05/02/2026, 602058370383," NETBANK, MUMBAI"
, GURU KIRPA TRA-1100B0226014396,,,"-3,952,307.43", 05/02/2026, HDFCH00782961294," NETBANK, MUMBAI"
, MARWADI METALL-1100B0226014398,,,"-9,559,439.52", 05/02/2026, HDFCH00782958605," NETBANK, MUMBAI"
, ARYA STEELS-1100B0226014404,,,"-4,992,345.55", 05/02/2026, HDFCH00782954757," NETBANK, MUMBAI"
, ALPHA METALS -1100B0226014405,,,"-4,342,484.47", 05/02/2026, HDFCH00782960662," NETBANK, MUMBAI"
, NABIYA TRADERS-1100B0226014417,,,"-4,445,022.07", 05/02/2026, HDFCH00782954790," NETBANK, MUMBAI"
, A R STEEL-1100B0226014415,,,"-3,459,223.87", 05/02/2026, HDFCH00782961325," NETBANK, MUMBAI"
, SHARMA METAL-1100B0226014403,,,"-6,019,273.69", 05/02/2026, HDFCH00782954793," NETBANK, MUMBAI"
, PARMESHWAR REC-1100B0226014402,,,"-29,920,149.79", 05/02/2026, HDFCH00782961332," NETBANK, MUMBAI"
, RAVI METALS P-1100B0226014397,,,"-5,171,946.88", 05/02/2026, HDFCH00782960769," NETBANK, MUMBAI"
, Mascot Recycli-1100B0226014393,,,"-4,935,918.76", 05/02/2026, HDFCH00782960899," NETBANK, MUMBAI"
, D. B. Enterpri-1100B0226014389,,,"-5,340,802.11", 05/02/2026, HDFCH00782969959," NETBANK, MUMBAI"
, FT-HIZINC7799-Hindustan Zinc Ltd.,,,"-17,479,854.00", 05/02/2026, 602058152929," NETBANK, MUMBAI"
, FT-HIZINC7795-Hindustan Zinc Ltd.,,,"-17,479,854.00", 05/02/2026, 602058148093," NETBANK, MUMBAI"
, Material Recyc-1100B0226014376,,,"-2,700,000.00", 05/02/2026, HDFCH00782973559," NETBANK, MUMBAI"
, RTGS Cr ECMS-ICIC0000011-cmrltd201lcu100036-BRIGHT INDUSTRIES-035105500290,," 643,572.00",, 05/02/2026, ICICR42026020500549333, FORT
, RTGS Cr ECMS-PUNB0107400-CMRLTD201LCU100256-INDIAN METAL SCRAP-08281131002695,," 700,000.00",, 05/02/2026, PUNBR52026020512802410, FORT
, COMM ON LIQD OF IMP COLL BILL,,,-177, 05/02/2026, 612BC05260360002," KUNDLI, SONEPAT"
, COMM ON LIQD OF IMP COLL BILL,,,-177, 05/02/2026, 612BC05260360003," KUNDLI, SONEPAT"
, FT - 41283665-57500001719146-INDUS TOWERS LIMITED-IPA A/C,," 9,680.00",, 05/02/2026, 1453363455, CBX Internet System Mumbai
, NEFT Cr ECMS-CNRB0000378-CMRGR1100LCU101545-GOYAL METAL AND ALLOYS-125004451390,," 4,900,000.00",, 05/02/2026, CNRBH00108402053, FORT
, LOCAL BILL DISCOUNTED,," 139,681,559.79",, 05/02/2026, 612SB04260360001," KUNDLI, SONEPAT"
, RTGS Cr ECMS-CNRB0019260-CMRGR1100LCU101620-RITIK TRADING COMPAN-120017944599,," 600,000.00",, 05/02/2026, CNRBR52026020576768871, FORT
, RTGS Cr ECMS-ICIC0000011-CMRGR1100LCU101579-SHIVAANYA METAL ALLOYS-032705008599,," 3,050,000.00",, 05/02/2026, ICICR42026020500570904, FORT
, COMM ON LIQD OF IMP COLL BILL,,,-177, 05/02/2026, 612BC05260360001," KUNDLI, SONEPAT"
, LIQUIDATION OF IMP COLL BILL,,,"-6,125,157.18", 05/02/2026, 612BC05260160003," KUNDLI, SONEPAT"
, LIQUIDATION OF IMP COLL BILL,,,"-3,017,785.46", 05/02/2026, 612BC05260270001," KUNDLI, SONEPAT"
, LIQUIDATION OF IMP COLL BILL,,,"-3,029,085.00", 05/02/2026, 612BC05260290004," KUNDLI, SONEPAT"
, LIQUIDATION OF IMP COLL BILL,,,"-5,808,770.24", 05/02/2026, 612BC05260290003," KUNDLI, SONEPAT"
, AUTO SWEEPOUT TO CMR GREEN TECHNOLOGI 57500000342857,," 18,632,742.19",, 05/02/2026,, FARIDABAD HARYANA
2/6/2026,Opening balance,"-32,673,453.24",,,,,
, NEFT Cr ECMS-CNRB0019251-CMRLTD151LCU101556-M S ENTERPRISES-92511400000402,," 425,000.00",, 06/02/2026, CNRBH00108493090, FORT
, FT Cr ECMS-CMRGR1100LCU100335-REHAN TRADERS-50200087498200,," 563,200.00",, 06/02/2026, NBC50KJ6QVQOYCCP," NETBANK, MUMBAI"
, IMPS CR ECMS-9024-CMRGR1100LCU101579-SHIVAANYAMETALANDALLOYS-2961002100030204,," 6,200.00",, 06/02/2026, 603710461612, FARIDABAD HARYANA
, RTGS Cr ECMS-KVBL0002101-CMRGR1100LCU100305-SARA METAL-4204280000000512,," 270,000.00",, 06/02/2026, KVBLR52026020663792529, FORT
, FT CR ECMS-CMRGR1100LCU101842-VISHNU VIHAN FUTURE WORLD-50200102162927,," 1,800,000.00",, 06/02/2026, 000014," ROHINI SE 11,N DELHI"
, RTGS Cr ECMS-ICIC0003581-CMRGR1100LSU102994-U P GREEN RECYCLING CO-358105500284,," 2,150,000.00",, 06/02/2026, ICICR52026020600269688, FORT
, RTGS Cr ECMS-CNRB0008423-CMRGR1100LCU101620-RITIK TRADING COMPANY-120017944599,," 1,800,000.00",, 06/02/2026, CNRBR52026020676791895, FORT
, RTGS Cr ECMS-INDB0000098-CMRGR1100LCU101587-RITIKA TRADING COMPANY-259716215100,," 1,072,620.00",, 06/02/2026, INDBR32026020600108555, FORT
, RTGS Cr ECMS-CNRB0019260-CMRGR1100LCU101620-RITIK TRADING COMPAN-120017944599,," 550,000.00",, 06/02/2026, CNRBR52026020676804627, FORT
, Emirates Shipp-1100B0226014441,,,"-157,854.50", 06/02/2026, HDFCH00785188107," NETBANK, MUMBAI"
, ODEX INDIA SOL-1100B0226014443,,,"-712,144.16", 06/02/2026, HDFCH00785188625," NETBANK, MUMBAI"
, Emirates Shipp-1100B0226014442,,,"-9,440.00", 06/02/2026, HDFCH00785188123," NETBANK, MUMBAI"
, VANNUMBERCMRTT-1100B0226014432,,,"-159,073.00", 06/02/2026, HDFCH00785189501," NETBANK, MUMBAI"
, Maersk Line In-1100B0226014377,,,"-301,362.56", 06/02/2026, HDFCH00785189504," NETBANK, MUMBAI"
, IMPS CR ECMS-9052-CMRGR1100LCU101769-AMAN ENTERPRISES-0667202500004701,," 44,500.00",, 06/02/2026, 603738105852, FARIDABAD HARYANA
, 12540310000177-177,,,"-3,700,000.00", 06/02/2026, 602069994109," NETBANK, MUMBAI"
," RTGS Dr-RATN0000990-CMRGreenTechnologiesLimited-NETBANK, MUM-HDFCR52026020666570072",,,"-224,219.00", 06/02/2026, HDFCR52026020666570072," NETBANK, MUMBAI"
, NEFT Cr ECMS-PUNB0107400-CMRLTD201LCU100256-INDIAN METAL SCRAP-08281131002695,," 200,000.00",, 06/02/2026, PUNBH70060482710, FORT
, RTGS Cr-ICIC0000083-CMR GREEN TECHNOLOGIES LIMITED-CMR GREEN TECHNOLOGIES LTD-ICICR52026020600306770,," 100,000,000.00",, 06/02/2026, ICICR52026020600306770, FORT
," RTGS Dr-RATN0000990-CMRGreenTechnologiesLimited-NETBANK, MUM-HDFCR52026020666654105",,,"-200,000,000.00", 06/02/2026, HDFCR52026020666654105," NETBANK, MUMBAI"
, LOCAL BILL DISCOUNTED,," 161,632,358.53",, 06/02/2026, 612SB04260370001," KUNDLI, SONEPAT"
, LOCAL BILL DISCOUNTED,," 72,217,512.49",, 06/02/2026, 612SB04260370002," KUNDLI, SONEPAT"
, FT Cr ECMS-CMRGR1100LCU101964-SHREE RADHA ENTERPRISE-50200066931940,," 2,181,000.00",, 06/02/2026, NBIKQZJBFCHLVT5N," NETBANK, MUMBAI"
, Maersk Line In-1100B0226014455,,,"-216,187.80", 06/02/2026, HDFCH00786489079," NETBANK, MUMBAI"
, Maersk Line In-1100B0226014471,,,"-10,719.12", 06/02/2026, HDFCH00786490334," NETBANK, MUMBAI"
, Maersk Line In-1100B0226014456,,,"-138,366.80", 06/02/2026, HDFCH00786488149," NETBANK, MUMBAI"
, Maersk Line In-1100B0226014470,,,"-24,791.80", 06/02/2026, HDFCH00786487357," NETBANK, MUMBAI"
, ODEX INDIA SOL-1100B0226014469,,,"-251,861.56", 06/02/2026, HDFCH00786488230," NETBANK, MUMBAI"
, COMM ON LIQD OF IMP COLL BILL,,,-177, 06/02/2026, 612BC05260370003," KUNDLI, SONEPAT"
," RTGS Dr-ICIC0000083-CMRAluminiumPrivateLimited-NETBANK, MUM-HDFCR52026020666688626",,,"-135,730,000.00", 06/02/2026, HDFCR52026020666688626," NETBANK, MUMBAI"
," RTGS Dr-ICIC0006303-CENTURYMETALRECYCLINGLIMITED-NETBANK, MUM-HDFCR52026020666676563",,,"-160,000,000.00", 06/02/2026, HDFCR52026020666676563," NETBANK, MUMBAI"
, FT602060929278-CMR GREEN TECHNOLOGIES L57FT-57500000342857,," 278,228,272.58",, 06/02/2026, 602060929278," NETBANK, MUMBAI"
, 57500000863497-ECO,,,"-40,000,000.00", 06/02/2026, 602060936937," NETBANK, MUMBAI"
, 57500000540028-CMRA HDFC,,,"-60,000,000.00", 06/02/2026, 602060937478," NETBANK, MUMBAI"
, 00930310001264-CMRT,,,"-50,000,000.00", 06/02/2026, 602060954436," NETBANK, MUMBAI"
, COMM ON LIQD OF IMP COLL BILL,,,-177, 06/02/2026, 612BC05260370004," KUNDLI, SONEPAT"
," RTGS Dr-SBIN0004298-CENTURYMETALRECYCLINGPVTLTD-NETBANK, MUM-HDFCR52026020666762274",,,"-50,000,000.00", 06/02/2026, HDFCR52026020666762274," NETBANK, MUMBAI"
, NEFT Cr-UTIB0004138-GRAND GLOBAL JUNKYARD AND RECYCLING LLP-CMR GREEN TECHNOLOGIES LIMITED-AXODH03729978205,, 280.00,, 06/02/2026, AXODH03729978205, FORT
, FT602061083048-CMR GREEN TECHNOLOGIES L57FT-57500000342857,," 79,328,715.00",, 06/02/2026, 602061083048," NETBANK, MUMBAI"
, 0002374663-06 02 2026-HDFC6416,," 8,497,426.75",, 06/02/2026, 602060383908," NETBANK, MUMBAI"
," RTGS Dr-SBIN0004298-CMRTOYOTSUALUMINIUMINDIAPVTLTD-NETBANK, MUM-HDFCR52026020666811153",,,"-170,000,000.00", 06/02/2026, HDFCR52026020666811153," NETBANK, MUMBAI"
, NEFT Cr-RATN0000100-CMR GREEN TECHNOLOGIES LIMITED-CMR GREEN TECHNOLOGIES LTD-000500717910,," 200,000,000.00",, 06/02/2026, 000500717910, FORT
, RTGS Cr ECMS-IOBA0002449-CMRLTD201LCU100982-JAI DURGE ENTERPRISES-244933000000031,," 1,135,000.00",, 06/02/2026, IOBAR52026020600437292, FORT
, RTGS Cr ECMS-UTIB0002437-CMRLTD151LCU101262-MAHAKAL ENTERPRISES-921020020261421,," 625,000.00",, 06/02/2026, UTIBR72026020600578998, FORT
, FCY OUTWARD REMITTANCE,,,"-295,462.25", 06/02/2026, 612FT01260370085," KUNDLI, SONEPAT"
, 00930310001264-1264,,,"-50,000,000.00", 06/02/2026, 602061214968," NETBANK, MUMBAI"
, ADVANCE PAYMENT OF IMPORT BILL,,,"-791,178.18", 06/02/2026, 612BC09260370147," KUNDLI, SONEPAT"
, FT Cr ECMS-CMRGR1100LCU101945-SHAMBHO INDUSTRIES-50200112977320,," 1,000.00",, 06/02/2026, MB06211005175T38284636," NETBANK, MUMBAI"
, AUTO SWEEPOUT TO CMR GREEN TECHNOLOGI 12540310000177,," 139,013.52",, 06/02/2026,, SRIPERAMBUDUR
2/7/2026,Opening balance,"-42,529,369.10",,,,,
, RTGS Cr-ICIC0099999-RICO AUTO INDUSTRIES LIMITED-CMR GREEN TECHNOLOGIES LIMITED-ICICR22026020714328302,," 12,591,537.76",, 07/02/2026, ICICR22026020714328302, FORT
, RTGS Cr ECMS-ICIC0000011-CMRGR1100LCU101807-BANSAL TRADERS-235451000005,," 4,314,316.00",, 07/02/2026, ICICR42026020700502253, FORT
, RTGS Cr ECMS-KKBK0000958-CMRGR1100LCU100496-GMC ENTERPRISES-0747497392,," 2,000,000.00",, 07/02/2026, KKBKR12026020700924452, FORT
, RTGS Cr ECMS-BARB0ALIGAR-CMRGR1100LCU100496-GMC ENTERPRISES-05830200000426,," 1,056,200.00",, 07/02/2026, BARBR52026020700756201, FORT
, FT Cr ECMS-CMRGR1100LCU100221-NIYAZ MOHD TRADING AND CASTING-59209813362326,," 534,000.00",, 07/02/2026, NB92PK05FXG8OVQK," NETBANK, MUMBAI"
, 602061052477Employee Loan Himanshu 10146,,,"-50,000.00", 07/02/2026, HDFCH00787941017," NETBANK, MUMBAI"
, FT Cr ECMS-CMRLTD151LCU101434-AMIT ALLOYS COMPANY-99997635077350,," 156,000.00",, 07/02/2026, HDFCE445760FF7AE," NETBANK, MUMBAI"
, FT Cr ECMS-CMRLTD201LCU100820-MOHINI INDUSTRIES-50200033588193,," 1,534,000.00",, 07/02/2026, NBRWZ7V6WTRYTMQU," NETBANK, MUMBAI"
, FT Cr ECMS-CMRGR1100LSU101873 -SHRI BALAJI METAL-50200081806063,," 285,000.00",, 07/02/2026, 1456923832, CBX Internet System Mumbai
, CBDT/Bank Reference No:Y2603845211009/CIN No:26020600110127HDFC/Online,,,"-4,881,487.00", 07/02/2026, 260206110041412," NETBANK, MUMBAI"
, CBDT/Bank Reference No:Y2603845211330/CIN No:26020600125720HDFC/Online,,,"-9,915.00", 07/02/2026, 260206110055798," NETBANK, MUMBAI"
, CBDT/Bank Reference No:Y2603845209318/CIN No:26020600105818HDFC/Online,,,"-5,346,794.00", 07/02/2026, 260206110037482," NETBANK, MUMBAI"
, CBDT/Bank Reference No:Y2603845211333/CIN No:26020700043453HDFC/Online,,,"-4,495,332.00", 07/02/2026, 260207100014850," NETBANK, MUMBAI"
, 14884NMCSALJAN26,,,"-14,522.35", 07/02/2026, 602061100371," NETBANK, MUMBAI"
, 80202NMCSALJAN26,,,"-26,993.00", 07/02/2026, HDFCH00788582686," NETBANK, MUMBAI"
, 14760NMCSALJAN26,,,"-17,482.70", 07/02/2026, HDFCH00788586333," NETBANK, MUMBAI"
, 80206NMCSALJAN26,,,"-26,326.00", 07/02/2026, HDFCH00788584851," NETBANK, MUMBAI"
, 10275NMCSALJAN26,,,"-26,415.75", 07/02/2026, HDFCH00788582710," NETBANK, MUMBAI"
, 10222NMCSALJAN26,,,"-25,478.00", 07/02/2026, HDFCH00788585335," NETBANK, MUMBAI"
, 80012NMCSALJAN26,,,"-15,954.85", 07/02/2026, HDFCH00788586397," NETBANK, MUMBAI"
, 14750NMCSALJAN26,,,"-17,511.80", 07/02/2026, HDFCH00788587276," NETBANK, MUMBAI"
, 10225NMCSALJAN26,,,"-25,685.00", 07/02/2026, HDFCH00788585345," NETBANK, MUMBAI"
, 14743NMCSALJAN26,,,"-15,827.80", 07/02/2026, HDFCH00788587303," NETBANK, MUMBAI"
, 14808NMCSALJAN26,,,"-15,649.95", 07/02/2026, HDFCH00788582801," NETBANK, MUMBAI"
, 14814NMCSALJAN26,,,"-42,007.00", 07/02/2026, HDFCH00788582803," NETBANK, MUMBAI"
, 14576NMCSALJAN26,,,"-16,325.55", 07/02/2026, HDFCH00788587340," NETBANK, MUMBAI"
, 10005NMCSALJAN26,,,"-36,121.00", 07/02/2026, HDFCH00788585372," NETBANK, MUMBAI"
, 12652NMCSALJAN26,,,"-16,354.15", 07/02/2026, HDFCH00788582838," NETBANK, MUMBAI"
, 10017NMCSALJAN26,,,"-38,277.00", 07/02/2026, HDFCH00788585376," NETBANK, MUMBAI"
, 80201NMCSALJAN26,,,"-16,488.71", 07/02/2026, HDFCH00788585379," NETBANK, MUMBAI"
, 14606NMCSALJAN26,,,"-16,359.05", 07/02/2026, HDFCH00788587421," NETBANK, MUMBAI"
, 10230NMCSALJAN26,,,"-29,505.70", 07/02/2026, HDFCH00788585409," NETBANK, MUMBAI"
, 15275NMCSALJAN26,,,"-13,744.27", 07/02/2026, HDFCH00788587482," NETBANK, MUMBAI"
, 10137NMCSALJAN26,,,"-22,061.00", 07/02/2026, HDFCH00788587485," NETBANK, MUMBAI"
, 10010NMCSALJAN26,,,"-45,788.00", 07/02/2026, HDFCH00788582916," NETBANK, MUMBAI"
, 14940NMCSALJAN26,,,"-17,980.10", 07/02/2026, HDFCH00788582921," NETBANK, MUMBAI"
, 80203NMCSALJAN26,,,"-22,666.00", 07/02/2026, HDFCH00788585469," NETBANK, MUMBAI"
, 10026NMCSALJAN26,,,"-35,667.00", 07/02/2026, HDFCH00788586623," NETBANK, MUMBAI"
, 14476NMCSALJAN26,,,"-19,600.00", 07/02/2026, HDFCH00788587599," NETBANK, MUMBAI"
, 10136NMCSALJAN26,,,"-28,018.35", 07/02/2026, HDFCH00788582932," NETBANK, MUMBAI"
, 13265NMCSALJAN26,,,"-18,943.60", 07/02/2026, HDFCH00788582941," NETBANK, MUMBAI"
, 14736NMCSALJAN26,,,"-14,960.84", 07/02/2026, HDFCH00788582949," NETBANK, MUMBAI"
, 10009NMCSALJAN26,,,"-34,052.00", 07/02/2026, HDFCH00788587611," NETBANK, MUMBAI"
, 15636NMCSALJAN26,,,"-22,269.00", 07/02/2026, HDFCH00788586699," NETBANK, MUMBAI"
, 10126NMCSALJAN26,,,"-43,057.52", 07/02/2026, HDFCH00788587618," NETBANK, MUMBAI"
, 13876NMCSALJAN26,,,"-16,762.35", 07/02/2026, HDFCH00788586707," NETBANK, MUMBAI"
, 14593NMCSALJAN26,,,"-15,160.95", 07/02/2026, HDFCH00788586714," NETBANK, MUMBAI"
, 14740NMCSALJAN26,,,"-17,132.00", 07/02/2026, HDFCH00788587631," NETBANK, MUMBAI"
, 14553NMCSALJAN26,,,"-14,987.28", 07/02/2026, HDFCH00788587635," NETBANK, MUMBAI"
, 10106NMCSALJAN26,,,"-31,747.00", 07/02/2026, HDFCH00788582998," NETBANK, MUMBAI"
, 14587NMCSALJAN26,,,"-14,713.98", 07/02/2026, HDFCH00788587639," NETBANK, MUMBAI"
, 14813NMCSALJAN26,,,"-38,478.00", 07/02/2026, HDFCH00788583004," NETBANK, MUMBAI"
, 10187NMCSALJAN26,,,"-15,815.85", 07/02/2026, HDFCH00788587647," NETBANK, MUMBAI"
, 10134NMCSALJAN26,,,"-21,143.00", 07/02/2026, 602061100459," NETBANK, MUMBAI"
, 10006NMCSALJAN26,,,"-22,003.00", 07/02/2026, HDFCH00788587649," NETBANK, MUMBAI"
, 14821NMCSALJAN26,,,"-27,900.00", 07/02/2026, HDFCH00788586736," NETBANK, MUMBAI"
, 10133NMCSALJAN26,,,"-16,081.00", 07/02/2026, HDFCH00788587650," NETBANK, MUMBAI"
, 10238NMCSALJAN26,,,"-27,832.00", 07/02/2026, 602061100457," NETBANK, MUMBAI"
, 14861NMCSALJAN26,,,"-18,546.50", 07/02/2026, HDFCH00788585510," NETBANK, MUMBAI"
, 14789NMCSALJAN26,,,"-31,474.00", 07/02/2026, HDFCH00788590041," NETBANK, MUMBAI"
, 14569NMCSALJAN26,,,"-15,220.00", 07/02/2026, 602061100451," NETBANK, MUMBAI"
, 14832NMCSALJAN26,,,"-17,254.00", 07/02/2026, HDFCH00788586745," NETBANK, MUMBAI"
, 10271NMCSALJAN26,,,"-26,101.00", 07/02/2026, 602061100463," NETBANK, MUMBAI"
, 10151NMCSALJAN26,,,"-31,136.80", 07/02/2026, HDFCH00788587667," NETBANK, MUMBAI"
, 10237NMCSALJAN26,,,"-25,317.00", 07/02/2026, 602061100458," NETBANK, MUMBAI"
, 15685NMCSALJAN26,,,"-12,615.02", 07/02/2026, HDFCH00788585605," NETBANK, MUMBAI"
, 10103NMCSALJAN26,,,"-30,370.00", 07/02/2026, HDFCH00788586867," NETBANK, MUMBAI"
, 10174NMCSALJAN26,,,"-22,551.00", 07/02/2026, HDFCH00788587911," NETBANK, MUMBAI"
, 10048NMCSALJAN26,,,"-26,584.00", 07/02/2026, HDFCH00788585701," NETBANK, MUMBAI"
, 10233NMCSALJAN26,,,"-22,184.00", 07/02/2026, HDFCH00788586889," NETBANK, MUMBAI"
, 15696NMCSALJAN26,,,"-12,979.00", 07/02/2026, HDFCH00788587944," NETBANK, MUMBAI"
, 13822NMCSALJAN26,,,"-20,097.00", 07/02/2026, HDFCH00788587954," NETBANK, MUMBAI"
, 15748NMCSALJAN26,,,"-14,850.00", 07/02/2026, HDFCH00788589230," NETBANK, MUMBAI"
, 14524NMCSALJAN26,,,"-18,150.00", 07/02/2026, HDFCH00788585795," NETBANK, MUMBAI"
, 80007NMCSALJAN26,,,"-17,454.00", 07/02/2026, HDFCH00788585801," NETBANK, MUMBAI"
, 14528NMCSALJAN26,,,"-22,036.00", 07/02/2026, HDFCH00788585802," NETBANK, MUMBAI"
, 80207NMCSALJAN26,,,"-6,725.52", 07/02/2026, HDFCH00788589241," NETBANK, MUMBAI"
, 15584NMCSALJAN26,,,"-14,136.00", 07/02/2026, HDFCH00788585808," NETBANK, MUMBAI"
, 10175NMCSALJAN26,,,"-28,298.00", 07/02/2026, HDFCH00788588001," NETBANK, MUMBAI"
, 15841NMCSALJAN26,,,"-16,339.00", 07/02/2026, HDFCH00788590362," NETBANK, MUMBAI"
, 15586NMCSALJAN26,,,"-13,619.00", 07/02/2026, HDFCH00788585810," NETBANK, MUMBAI"
, 12978NMCSALJAN26,,,"-22,241.00", 07/02/2026, HDFCH00788585813," NETBANK, MUMBAI"
, 13783NMCSALJAN26,,,"-18,902.00", 07/02/2026, HDFCH00788592051," NETBANK, MUMBAI"
, 15684NMCSALJAN26,,,"-12,531.02", 07/02/2026, HDFCH00788585816," NETBANK, MUMBAI"
, 10105NMCSALJAN26,,,"-30,186.00", 07/02/2026, HDFCH00788591116," NETBANK, MUMBAI"
, 10226NMCSALJAN26,,,"-28,574.00", 07/02/2026, HDFCH00788585820," NETBANK, MUMBAI"
, 15535NMCSALJAN26,,,"-13,547.00", 07/02/2026, HDFCH00788591135," NETBANK, MUMBAI"
, 10491NMCSALJAN26,,,"-20,590.00", 07/02/2026, HDFCH00788592129," NETBANK, MUMBAI"
, 14705NMCSALJAN26,,,"-16,389.00", 07/02/2026, HDFCH00788585833," NETBANK, MUMBAI"
, 13028NMCSALJAN26,,,"-19,548.00", 07/02/2026, HDFCH00788591155," NETBANK, MUMBAI"
, 10223NMCSALJAN26,,,"-36,511.61", 07/02/2026, HDFCH00788592157," NETBANK, MUMBAI"
, 80033NMCSALJAN26,,,"-7,213.29", 07/02/2026, HDFCH00788592161," NETBANK, MUMBAI"
, 13396NMCSALJAN26,,,"-13,933.00", 07/02/2026, HDFCH00788591188," NETBANK, MUMBAI"
, 10104NMCSALJAN26,,,"-15,865.00", 07/02/2026, HDFCH00788590426," NETBANK, MUMBAI"
, 10227NMCSALJAN26,,,"-21,573.00", 07/02/2026, HDFCH00788590427," NETBANK, MUMBAI"
, 80025NMCSALJAN26,,,"-16,744.00", 07/02/2026, HDFCH00788591237," NETBANK, MUMBAI"
, 10785NMCSALJAN26,,,"-27,553.00", 07/02/2026, HDFCH00788592217," NETBANK, MUMBAI"
, 60206106775315179NMCSALJAN26,,,"-14,229.00", 07/02/2026, HDFCH00788599892," NETBANK, MUMBAI"
, Manish Pandey-1100Sal15985Jan-2026,,,"-41,603.00", 07/02/2026, HDFCH00788657186," NETBANK, MUMBAI"
, Ritikesh Devar-1100Sal15988Jan-2026,,,"-37,734.00", 07/02/2026, HDFCH00788657188," NETBANK, MUMBAI"
, Vikas Mishra-1100Sal15992Jan-2026,,,"-36,411.00", 07/02/2026, HDFCH00788657190," NETBANK, MUMBAI"
, Ashwani Chaudh-1100Sal15993Jan-2026,,,"-43,794.00", 07/02/2026, HDFCH00788657192," NETBANK, MUMBAI"
, Pankaj Kaushik-1100Sal15994Jan-2026,,,"-122,557.00", 07/02/2026, HDFCH00788657194," NETBANK, MUMBAI"
, Lalit Kumar-1100Sal10102Jan-2026,,,"-75,129.00", 07/02/2026, HDFCH00788657196," NETBANK, MUMBAI"
, Suraj Pathak-1100Sal16001Jan-2026,,,"-36,015.00", 07/02/2026, HDFCH00788657198," NETBANK, MUMBAI"
, Ravindra Singh-1100Sal10046Jan-2026,,,"-176,158.00", 07/02/2026, HDFCH00788657200," NETBANK, MUMBAI"
, Nikita Jain-1100Sal15315Jan-2026,,,"-49,659.00", 07/02/2026, HDFCH00788657202," NETBANK, MUMBAI"
, Vandana Patel-1100Sal15325Jan-2026,,,"-30,343.00", 07/02/2026, HDFCH00788657204," NETBANK, MUMBAI"
, Sachin .-1100Sal15335Jan-2026,,,"-19,145.00", 07/02/2026, HDFCH00788657206," NETBANK, MUMBAI"
, Manjeet-1100Sal15338Jan-2026,,,"-20,781.00", 07/02/2026, HDFCH00788657208," NETBANK, MUMBAI"
, Shivam Dubey-1100Sal15340Jan-2026,,,"-39,987.00", 07/02/2026, HDFCH00788657210," NETBANK, MUMBAI"
, Rishabh Saini-1100Sal15341Jan-2026,,,"-29,989.00", 07/02/2026, HDFCH00788657212," NETBANK, MUMBAI"
, Riya Rawat-1100Sal15345Jan-2026,,,"-39,509.00", 07/02/2026, HDFCH00788657213," NETBANK, MUMBAI"
, Bhiwa Ram-1100Sal16003Jan-2026,,,"-45,718.00", 07/02/2026, HDFCH00788657216," NETBANK, MUMBAI"
, Wrusham Ambada-1100Sal16004Jan-2026,,,"-46,489.00", 07/02/2026, HDFCH00788657218," NETBANK, MUMBAI"
, Jatin Sharma-1100Sal16005Jan-2026,,,"-58,174.00", 07/02/2026, HDFCH00788657221," NETBANK, MUMBAI"
, Himanshu Dahiy-1100Sal16007Jan-2026,,,"-40,368.00", 07/02/2026, HDFCH00788657223," NETBANK, MUMBAI"
, Sandeep Singh-1100Sal10067Jan-2026,,,"-58,364.00", 07/02/2026, HDFCH00788657236," NETBANK, MUMBAI"
, Vasu Dedaniya-1100Sal15556Jan-2026,,,"-38,659.00", 07/02/2026, HDFCH00788657238," NETBANK, MUMBAI"
, Ashish Raval-1100Sal15565Jan-2026,,,"-118,177.00", 07/02/2026, HDFCH00788657241," NETBANK, MUMBAI"
, Neetu Choudhar-1100Sal15567Jan-2026,,,"-43,611.00", 07/02/2026, HDFCH00788657244," NETBANK, MUMBAI"
, Hemant Kumar-1100Sal10516Jan-2026,,,"-71,355.00", 07/02/2026, HDFCH00788657246," NETBANK, MUMBAI"
, Neeraj Bansal-1100Sal10523Jan-2026,,,"-287,361.00", 07/02/2026, HDFCH00788657249," NETBANK, MUMBAI"
, Harsh Bisht-1100Sal10587Jan-2026,,,"-79,518.00", 07/02/2026, HDFCH00788657250," NETBANK, MUMBAI"
, Vijay Pal-1100Sal10603Jan-2026,,,"-105,170.00", 07/02/2026, HDFCH00788657254," NETBANK, MUMBAI"
, Yashwant-1100Sal10611Jan-2026,,,"-56,217.00", 07/02/2026, HDFCH00788657256," NETBANK, MUMBAI"
, Satyawan Singh-1100Sal10671Jan-2026,,,"-33,332.00", 07/02/2026, HDFCH00788657258," NETBANK, MUMBAI"
, Manoj Kumar Ya-1100Sal10768Jan-2026,,,"-50,466.00", 07/02/2026, HDFCH00788657260," NETBANK, MUMBAI"
, Harish Tripath-1100Sal10805Jan-2026,,,"-93,027.00", 07/02/2026, HDFCH00788657262," NETBANK, MUMBAI"
, Chitrasen Vash-1100Sal10020Jan-2026,,,"-98,717.00", 07/02/2026, HDFCH00788657264," NETBANK, MUMBAI"
, Krishan Mohan -1100Sal10829Jan-2026,,,"-49,361.00", 07/02/2026, HDFCH00788657266," NETBANK, MUMBAI"
, Devendra Tiwar-1100Sal15349Jan-2026,,,"-46,721.00", 07/02/2026, HDFCH00788657268," NETBANK, MUMBAI"
, Mohan Agarwal-1100Sal10002Jan-2026,,,"-1,665,003.00", 07/02/2026, HDFCH00788657270," NETBANK, MUMBAI"
, Jeetendra Sing-1100Sal10050Jan-2026,,,"-61,513.00", 07/02/2026, HDFCH00788657272," NETBANK, MUMBAI"
, Suraj Kumar-1100Sal15353Jan-2026,,,"-57,752.00", 07/02/2026, HDFCH00788657274," NETBANK, MUMBAI"
, Mukesh Almiya-1100Sal15354Jan-2026,,,"-57,942.00", 07/02/2026, HDFCH00788657276," NETBANK, MUMBAI"
, Prerna Yadav-1100Sal15355Jan-2026,,,"-70,024.00", 07/02/2026, HDFCH00788657278," NETBANK, MUMBAI"
, Akash Bhargav-1100Sal15359Jan-2026,,,"-39,873.00", 07/02/2026, HDFCH00788657280," NETBANK, MUMBAI"
, Piyush Jain-1100Sal15375Jan-2026,,,"-40,613.00", 07/02/2026, HDFCH00788657282," NETBANK, MUMBAI"
, Puneesh Lamba-1100Sal15390Jan-2026,,,"-387,360.00", 07/02/2026, HDFCH00788657284," NETBANK, MUMBAI"
, Ravi-1100Sal15398Jan-2026,,,"-64,195.00", 07/02/2026, HDFCH00788657286," NETBANK, MUMBAI"
, Rohit Gupta-1100Sal16024Jan-2026,,,"-27,143.00", 07/02/2026, HDFCH00788657288," NETBANK, MUMBAI"
, RATHOD JAYANTI-1100Sal16028Jan-2026,,,"-17,084.00", 07/02/2026, HDFCH00788657289," NETBANK, MUMBAI"
, NITESH KUMAR S-1100Sal16029Jan-2026,,,"-25,394.00", 07/02/2026, HDFCH00788657292," NETBANK, MUMBAI"
, PRADEEP KUMAR-1100Sal16034Jan-2026,,,"-21,021.00", 07/02/2026, HDFCH00788657294," NETBANK, MUMBAI"
, Naveen Singh-1100Sal10116Jan-2026,,,"-44,378.00", 07/02/2026, HDFCH00788657297," NETBANK, MUMBAI"
, Ishwar Das Hal-1100Sal10118Jan-2026,,,"-98,519.00", 07/02/2026, HDFCH00788657299," NETBANK, MUMBAI"
, Sourabh Singh-1100Sal10121Jan-2026,,,"-193,679.00", 07/02/2026, HDFCH00788657301," NETBANK, MUMBAI"
, Dharmender Dag-1100Sal10127Jan-2026,,,"-93,523.00", 07/02/2026, HDFCH00788657303," NETBANK, MUMBAI"
, Raghav Agarwal-1100Sal10004Jan-2026,,,"-515,308.00", 07/02/2026, HDFCH00788657304," NETBANK, MUMBAI"
, Dayaram Thakur-1100Sal10135Jan-2026,,,"-69,642.00", 07/02/2026, HDFCH00788657305," NETBANK, MUMBAI"
, Manas Jana-1100Sal16008Jan-2026,,,"-38,749.00", 07/02/2026, HDFCH00788657224," NETBANK, MUMBAI"
, Shashank Shekh-1100Sal16009Jan-2026,,,"-44,677.00", 07/02/2026, HDFCH00788657227," NETBANK, MUMBAI"
, Ajay Sharma-1100Sal16010Jan-2026,,,"-45,309.00", 07/02/2026, HDFCH00788657228," NETBANK, MUMBAI"
, Rahul Kumar-1100Sal16021Jan-2026,,,"-27,458.00", 07/02/2026, HDFCH00788657230," NETBANK, MUMBAI"
, Vijay Kumar-1100Sal10112Jan-2026,,,"-48,085.00", 07/02/2026, HDFCH00788657232," NETBANK, MUMBAI"
, Renuka Nayak-1100Sal16023Jan-2026,,,"-35,534.00", 07/02/2026, HDFCH00788657234," NETBANK, MUMBAI"
, Gaurav Parihar-1100Sal15401Jan-2026,,,"-39,626.00", 07/02/2026, HDFCH00788657306," NETBANK, MUMBAI"
, Vijay Giri-1100Sal15402Jan-2026,,,"-37,300.00", 07/02/2026, HDFCH00788657307," NETBANK, MUMBAI"
, Deen Mohammad-1100Sal10058Jan-2026,,,"-113,346.00", 07/02/2026, HDFCH00788657308," NETBANK, MUMBAI"
, Rakesh Sadashi-1100Sal15404Jan-2026,,,"-45,572.00", 07/02/2026, HDFCH00788657309," NETBANK, MUMBAI"
, Suman Bala-1100Sal15407Jan-2026,,,"-89,389.00", 07/02/2026, HDFCH00788657310," NETBANK, MUMBAI"
, Apoorva Tiwari-1100Sal15417Jan-2026,,,"-40,805.00", 07/02/2026, HDFCH00788657311," NETBANK, MUMBAI"
, Vishal Mishra-1100Sal15420Jan-2026,,,"-29,315.00", 07/02/2026, HDFCH00788657312," NETBANK, MUMBAI"
, Shirshendu Lah-1100Sal15422Jan-2026,,,"-30,007.00", 07/02/2026, HDFCH00788657313," NETBANK, MUMBAI"
, Sanjay Chauhan-1100Sal10143Jan-2026,,,"-124,159.00", 07/02/2026, HDFCH00788657314," NETBANK, MUMBAI"
, Himanshu Pradh-1100Sal10146Jan-2026,,,"-53,468.00", 07/02/2026, HDFCH00788657316," NETBANK, MUMBAI"
, Himanshu Gupta-1100Sal10147Jan-2026,,,"-164,291.00", 07/02/2026, HDFCH00788657317," NETBANK, MUMBAI"
, Hemant Yadav-1100Sal10148Jan-2026,,,"-147,899.00", 07/02/2026, HDFCH00788657318," NETBANK, MUMBAI"
, Parasnath Yada-1100Sal10155Jan-2026,,,"-95,136.00", 07/02/2026, HDFCH00788657319," NETBANK, MUMBAI"
, Inderjeet .-1100Sal10163Jan-2026,,,"-32,586.00", 07/02/2026, HDFCH00788657320," NETBANK, MUMBAI"
, Mahesh Kumar T-1100Sal10016Jan-2026,,,"-201,650.00", 07/02/2026, HDFCH00788657321," NETBANK, MUMBAI"
, Narendra Das-1100Sal10168Jan-2026,,,"-49,261.00", 07/02/2026, HDFCH00788657322," NETBANK, MUMBAI"
, Ritik-1100Sal15195Jan-2026,,,"-22,318.00", 07/02/2026, HDFCH00788657323," NETBANK, MUMBAI"
, Virender Shima-1100Sal10043Jan-2026,,,"-219,307.00", 07/02/2026, HDFCH00788657324," NETBANK, MUMBAI"
, Rohit Sharma-1100Sal15196Jan-2026,,,"-18,918.00", 07/02/2026, HDFCH00788657325," NETBANK, MUMBAI"
, Arunesh Kumar-1100Sal15217Jan-2026,,,"-107,861.00", 07/02/2026, HDFCH00788657326," NETBANK, MUMBAI"
, Nitin Singh-1100Sal15227Jan-2026,,,"-38,916.00", 07/02/2026, HDFCH00788657327," NETBANK, MUMBAI"
, Deepak Kumar-1100Sal15236Jan-2026,,,"-64,849.00", 07/02/2026, HDFCH00788657328," NETBANK, MUMBAI"
, Anil Goenka-1100Sal15241Jan-2026,,,"-190,073.00", 07/02/2026, HDFCH00788657329," NETBANK, MUMBAI"
, Surya Pratap-1100Sal15244Jan-2026,,,"-66,999.00", 07/02/2026, HDFCH00788657330," NETBANK, MUMBAI"
, Pradeep Chaudh-1100Sal15246Jan-2026,,,"-212,571.00", 07/02/2026, HDFCH00788657331," NETBANK, MUMBAI"
, Dharmendra Sin-1100Sal15978Jan-2026,,,"-30,668.00", 07/02/2026, HDFCH00788657332," NETBANK, MUMBAI"
, Anil Tiwari-1100Sal15979Jan-2026,,,"-39,739.00", 07/02/2026, HDFCH00788657333," NETBANK, MUMBAI"
, Anuj Mathur-1100Sal15982Jan-2026,,,"-154,817.00", 07/02/2026, HDFCH00788657334," NETBANK, MUMBAI"
, Suraj Singh-1100Sal15581Jan-2026,,,"-34,873.00", 07/02/2026, HDFCH00788656214," NETBANK, MUMBAI"
, Rakesh Kumar-1100Sal15591Jan-2026,,,"-98,114.00", 07/02/2026, HDFCH00788656216," NETBANK, MUMBAI"
, Saloni Dewan-1100Sal15595Jan-2026,,,"-26,008.00", 07/02/2026, HDFCH00788656218," NETBANK, MUMBAI"
, Vishal Chauhan-1100Sal15596Jan-2026,,,"-14,923.00", 07/02/2026, HDFCH00788656220," NETBANK, MUMBAI"
, Sunil Kumar-1100Sal10072Jan-2026,,,"-26,682.00", 07/02/2026, HDFCH00788656223," NETBANK, MUMBAI"
, Praveen Aggarw-1100Sal15623Jan-2026,,,"-55,173.00", 07/02/2026, HDFCH00788656225," NETBANK, MUMBAI"
, Rakesh Sharma-1100Sal10038Jan-2026,,,"-95,843.00", 07/02/2026, HDFCH00788655209," NETBANK, MUMBAI"
, Sanjay Singh-1100Sal15068Jan-2026,,,"-85,182.00", 07/02/2026, HDFCH00788655210," NETBANK, MUMBAI"
, LADVA KRUSHNKA-1100Sal15074Jan-2026,,,"-44,181.00", 07/02/2026, HDFCH00788655211," NETBANK, MUMBAI"
, Mohd Khizar-1100Sal15081Jan-2026,,,"-31,586.00", 07/02/2026, HDFCH00788655212," NETBANK, MUMBAI"
, Ankush Gupta-1100Sal15087Jan-2026,,,"-29,883.00", 07/02/2026, HDFCH00788655213," NETBANK, MUMBAI"
, Ganesh Raj-1100Sal15106Jan-2026,,,"-49,686.00", 07/02/2026, HDFCH00788655214," NETBANK, MUMBAI"
, Kajal Goyal-1100Sal15110Jan-2026,,,"-50,725.00", 07/02/2026, HDFCH00788655215," NETBANK, MUMBAI"
, Pradeep Chauha-1100Sal15121Jan-2026,,,"-42,711.00", 07/02/2026, HDFCH00788655216," NETBANK, MUMBAI"
, Rishabh Sajwan-1100Sal15134Jan-2026,,,"-32,984.00", 07/02/2026, HDFCH00788655217," NETBANK, MUMBAI"
, Somya Singh-1100Sal15921Jan-2026,,,"-100,280.00", 07/02/2026, HDFCH00788655218," NETBANK, MUMBAI"
, Soni-1100Sal15927Jan-2026,,,"-18,138.00", 07/02/2026, HDFCH00788655220," NETBANK, MUMBAI"
, Atul Singh-1100Sal15929Jan-2026,,,"-182,823.00", 07/02/2026, HDFCH00788655221," NETBANK, MUMBAI"
, Kapil Kumar-1100Sal15930Jan-2026,,,"-47,791.00", 07/02/2026, HDFCH00788655222," NETBANK, MUMBAI"
, Satyaveer Kara-1100Sal15931Jan-2026,,,"-37,426.00", 07/02/2026, HDFCH00788655223," NETBANK, MUMBAI"
, Naresh Kumar-1100Sal15934Jan-2026,,,"-42,614.00", 07/02/2026, HDFCH00788655224," NETBANK, MUMBAI"
, Avarnika Shree-1100Sal15948Jan-2026,,,"-52,620.00", 07/02/2026, HDFCH00788655225," NETBANK, MUMBAI"
, Prabhakar Dube-1100Sal15949Jan-2026,,,"-52,669.00", 07/02/2026, HDFCH00788655226," NETBANK, MUMBAI"
, Ashok Kumar-1100Sal10094Jan-2026,,,"-49,738.00", 07/02/2026, HDFCH00788655227," NETBANK, MUMBAI"
, Shipra Aneja-1100Sal15950Jan-2026,,,"-103,164.00", 07/02/2026, HDFCH00788655228," NETBANK, MUMBAI"
, Meenu Siwal-1100Sal15135Jan-2026,,,"-52,712.00", 07/02/2026, HDFCH00788655229," NETBANK, MUMBAI"
, Bhagat Singh-1100Sal10039Jan-2026,,,"-206,357.00", 07/02/2026, HDFCH00788655230," NETBANK, MUMBAI"
, Hitesh Pant-1100Sal15142Jan-2026,,,"-41,013.00", 07/02/2026, HDFCH00788655231," NETBANK, MUMBAI"
, Sachin Mahale-1100Sal15624Jan-2026,,,"-33,591.00", 07/02/2026, HDFCH00788656227," NETBANK, MUMBAI"
, Mantu Mandal-1100Sal15635Jan-2026,,,"-27,675.00", 07/02/2026, HDFCH00788656229," NETBANK, MUMBAI"
, Rishabh Khalia-1100Sal15638Jan-2026,,,"-43,873.00", 07/02/2026, HDFCH00788656231," NETBANK, MUMBAI"
, Tinku Sharma-1100Sal10842Jan-2026,,,"-137,424.00", 07/02/2026, HDFCH00788656233," NETBANK, MUMBAI"
, Narender Singh-1100Sal10858Jan-2026,,,"-26,454.00", 07/02/2026, HDFCH00788656235," NETBANK, MUMBAI"
, Satender-1100Sal10946Jan-2026,,,"-68,395.00", 07/02/2026, HDFCH00788656237," NETBANK, MUMBAI"
, Ram Gopal-1100Sal10950Jan-2026,,,"-60,778.00", 07/02/2026, HDFCH00788656239," NETBANK, MUMBAI"
, Pradeep Kumar-1100Sal11091Jan-2026,,,"-29,388.00", 07/02/2026, HDFCH00788656240," NETBANK, MUMBAI"
, Amit Mishra-1100Sal11172Jan-2026,,,"-53,143.00", 07/02/2026, HDFCH00788656242," NETBANK, MUMBAI"
, Vinod Kumar Gi-1100Sal10022Jan-2026,,,"-38,963.00", 07/02/2026, HDFCH00788656244," NETBANK, MUMBAI"
, Rahul Kumar-1100Sal15679Jan-2026,,,"-48,928.00", 07/02/2026, HDFCH00788656246," NETBANK, MUMBAI"
, Deepak Yadav-1100Sal15642Jan-2026,,,"-34,178.00", 07/02/2026, HDFCH00788656248," NETBANK, MUMBAI"
, Vivek Tiwari-1100Sal15648Jan-2026,,,"-41,367.00", 07/02/2026, HDFCH00788656250," NETBANK, MUMBAI"
, Monika .-1100Sal15649Jan-2026,,,"-34,098.00", 07/02/2026, HDFCH00788656252," NETBANK, MUMBAI"
, Bale Singh-1100Sal15653Jan-2026,,,"-29,982.00", 07/02/2026, HDFCH00788656254," NETBANK, MUMBAI"
, Vikas Kumar-1100Sal10073Jan-2026,,,"-59,676.00", 07/02/2026, HDFCH00788656256," NETBANK, MUMBAI"
, Anup Singh-1100Sal15655Jan-2026,,,"-244,737.00", 07/02/2026, HDFCH00788656258," NETBANK, MUMBAI"
, Nitin Verma-1100Sal15658Jan-2026,,,"-129,921.00", 07/02/2026, HDFCH00788656260," NETBANK, MUMBAI"
, Mukesh Kumar J-1100Sal11214Jan-2026,,,"-32,216.00", 07/02/2026, HDFCH00788656262," NETBANK, MUMBAI"
, Patel Pathik-1100Sal11249Jan-2026,,,"-50,678.00", 07/02/2026, HDFCH00788656265," NETBANK, MUMBAI"
, Chandan Singh-1100Sal11256Jan-2026,,,"-42,356.00", 07/02/2026, HDFCH00788656267," NETBANK, MUMBAI"
, Sachin Sharma-1100Sal11290Jan-2026,,,"-36,562.00", 07/02/2026, HDFCH00788656269," NETBANK, MUMBAI"
, Ravi Gupta-1100Sal11385Jan-2026,,,"-64,438.00", 07/02/2026, HDFCH00788656271," NETBANK, MUMBAI"
, Abhishek Gupta-1100Sal11390Jan-2026,,,"-55,658.00", 07/02/2026, HDFCH00788656273," NETBANK, MUMBAI"
, Rajat Kumar-1100Sal11391Jan-2026,,,"-43,867.00", 07/02/2026, HDFCH00788656275," NETBANK, MUMBAI"
, Deepak Kumar G-1100Sal10023Jan-2026,,,"-410,469.00", 07/02/2026, HDFCH00788656277," NETBANK, MUMBAI"
, Ankit Saxena-1100Sal15430Jan-2026,,,"-43,413.00", 07/02/2026, HDFCH00788656279," NETBANK, MUMBAI"
, Sanjay Dubey-1100Sal15440Jan-2026,,,"-67,811.00", 07/02/2026, HDFCH00788656281," NETBANK, MUMBAI"
, Charu Arora-1100Sal15479Jan-2026,,,"-45,922.00", 07/02/2026, HDFCH00788656284," NETBANK, MUMBAI"
, Dinesh Kumar-1100Sal10060Jan-2026,,,"-202,664.00", 07/02/2026, HDFCH00788656286," NETBANK, MUMBAI"
, Surya Prakash-1100Sal15493Jan-2026,,,"-33,932.00", 07/02/2026, HDFCH00788656288," NETBANK, MUMBAI"
, Mohit Singh-1100Sal15496Jan-2026,,,"-46,130.00", 07/02/2026, HDFCH00788656289," NETBANK, MUMBAI"
, Rishabh Chaudh-1100Sal15517Jan-2026,,,"-28,251.00", 07/02/2026, HDFCH00788656291," NETBANK, MUMBAI"
, Ishan Aggarwal-1100Sal15521Jan-2026,,,"-15,693.00", 07/02/2026, HDFCH00788656292," NETBANK, MUMBAI"
, Shubham-1100Sal15522Jan-2026,,,"-25,336.00", 07/02/2026, HDFCH00788656293," NETBANK, MUMBAI"
, Naveen Kumar S-1100Sal10186Jan-2026,,,"-32,084.00", 07/02/2026, HDFCH00788656294," NETBANK, MUMBAI"
, Anil Kumar Sha-1100Sal10217Jan-2026,,,"-29,811.00", 07/02/2026, HDFCH00788656295," NETBANK, MUMBAI"
, Abhishek Soam-1100Sal10270Jan-2026,,,"-54,540.00", 07/02/2026, HDFCH00788656296," NETBANK, MUMBAI"
, Suresh Kumar Y-1100Sal10320Jan-2026,,,"-45,627.00", 07/02/2026, HDFCH00788656297," NETBANK, MUMBAI"
, Rishi Tiwari-1100Sal10420Jan-2026,,,"-218,086.00", 07/02/2026, HDFCH00788656298," NETBANK, MUMBAI"
, Sudhir Kumar-1100Sal10462Jan-2026,,,"-100,234.00", 07/02/2026, HDFCH00788656299," NETBANK, MUMBAI"
, Krishan Kumar-1100Sal15143Jan-2026,,,"-33,244.00", 07/02/2026, HDFCH00788655232," NETBANK, MUMBAI"
, Vipul Saini-1100Sal15154Jan-2026,,,"-37,903.00", 07/02/2026, HDFCH00788655233," NETBANK, MUMBAI"
, Harsh Kumar-1100Sal15160Jan-2026,,,"-39,802.00", 07/02/2026, HDFCH00788655234," NETBANK, MUMBAI"
, Gaurav Sharma-1100Sal15162Jan-2026,,,"-45,863.00", 07/02/2026, HDFCH00788655236," NETBANK, MUMBAI"
, Himanshu Pangh-1100Sal15163Jan-2026,,,"-22,118.00", 07/02/2026, HDFCH00788655237," NETBANK, MUMBAI"
, Mohit Singla-1100Sal15164Jan-2026,,,"-16,231.00", 07/02/2026, HDFCH00788655238," NETBANK, MUMBAI"
, Piyush Sharma-1100Sal15172Jan-2026,,,"-45,843.00", 07/02/2026, HDFCH00788655239," NETBANK, MUMBAI"
, Kalpit Kumar P-1100Sal15180Jan-2026,,,"-46,542.00", 07/02/2026, HDFCH00788655241," NETBANK, MUMBAI"
, Amit Dixit-1100Sal15951Jan-2026,,,"-46,391.00", 07/02/2026, HDFCH00788655242," NETBANK, MUMBAI"
, Bhanu Bhardwaj-1100Sal15953Jan-2026,,,"-100,582.00", 07/02/2026, HDFCH00788655243," NETBANK, MUMBAI"
, Rahul Verma-1100Sal15960Jan-2026,,,"-60,539.00", 07/02/2026, HDFCH00788655244," NETBANK, MUMBAI"
, Amogh Anand-1100Sal15966Jan-2026,,,"-54,602.00", 07/02/2026, HDFCH00788655245," NETBANK, MUMBAI"
, Abhay Singh-1100Sal15971Jan-2026,,,"-41,012.00", 07/02/2026, HDFCH00788655246," NETBANK, MUMBAI"
, Suresh Verma-1100Sal10101Jan-2026,,,"-48,571.00", 07/02/2026, HDFCH00788655247," NETBANK, MUMBAI"
, Kapil Rana-1100Sal15976Jan-2026,,,"-78,191.00", 07/02/2026, HDFCH00788655249," NETBANK, MUMBAI"
, Suneel Kumar-1100Sal14887Jan-2026,,,"-50,577.00", 07/02/2026, HDFCH00788655250," NETBANK, MUMBAI"
, Mohan Shyam Sh-1100Sal10034Jan-2026,,,"-105,976.00", 07/02/2026, HDFCH00788655251," NETBANK, MUMBAI"
, NAVEEN YADAV-1100Sal14888Jan-2026,,,"-25,578.00", 07/02/2026, HDFCH00788655252," NETBANK, MUMBAI"
, Ashok Kumar-1100Sal14890Jan-2026,,,"-24,974.00", 07/02/2026, HDFCH00788655253," NETBANK, MUMBAI"
, Lalit Gupta-1100Sal14902Jan-2026,,,"-41,839.00", 07/02/2026, HDFCH00788655254," NETBANK, MUMBAI"
, Abhay Sharma-1100Sal14905Jan-2026,,,"-58,508.00", 07/02/2026, HDFCH00788655255," NETBANK, MUMBAI"
, Ashutosh Anand-1100Sal14914Jan-2026,,,"-49,539.00", 07/02/2026, HDFCH00788655256," NETBANK, MUMBAI"
, Vedprakash Pra-1100Sal14944Jan-2026,,,"-135,525.00", 07/02/2026, HDFCH00788655258," NETBANK, MUMBAI"
, Deepak Bhardwa-1100Sal14950Jan-2026,,,"-157,199.00", 07/02/2026, HDFCH00788655259," NETBANK, MUMBAI"
, Deepak Chauhan-1100Sal15860Jan-2026,,,"-77,827.00", 07/02/2026, HDFCH00788655260," NETBANK, MUMBAI"
, Durgesh Singh-1100Sal15862Jan-2026,,,"-123,418.00", 07/02/2026, HDFCH00788655261," NETBANK, MUMBAI"
, Abhishek Yadav-1100Sal15865Jan-2026,,,"-40,320.00", 07/02/2026, HDFCH00788655262," NETBANK, MUMBAI"
, Atish Kumar-1100Sal15866Jan-2026,,,"-39,533.00", 07/02/2026, HDFCH00788655263," NETBANK, MUMBAI"
, Vinay Mishra-1100Sal15878Jan-2026,,,"-45,187.00", 07/02/2026, HDFCH00788655265," NETBANK, MUMBAI"
, Akshay Agarwal-1100Sal10003Jan-2026,,,"-367,130.00", 07/02/2026, HDFCH00788655266," NETBANK, MUMBAI"
, Mithilesh Kuma-1100Sal10087Jan-2026,,,"-36,308.00", 07/02/2026, HDFCH00788655267," NETBANK, MUMBAI"
, Kishan Singh-1100Sal15885Jan-2026,,,"-43,925.00", 07/02/2026, HDFCH00788655268," NETBANK, MUMBAI"
, Pawan Chaurash-1100Sal10037Jan-2026,,,"-54,085.00", 07/02/2026, HDFCH00788655269," NETBANK, MUMBAI"
, Mohit Singh-1100Sal14982Jan-2026,,,"-34,289.00", 07/02/2026, HDFCH00788655270," NETBANK, MUMBAI"
, Ajay Singh-1100Sal14996Jan-2026,,,"-51,849.00", 07/02/2026, HDFCH00788655271," NETBANK, MUMBAI"
, Shreyansh Dwiv-1100Sal14999Jan-2026,,,"-32,200.00", 07/02/2026, HDFCH00788655272," NETBANK, MUMBAI"
, Mukesh Tiwari-1100Sal15032Jan-2026,,,"-58,856.00", 07/02/2026, HDFCH00788655273," NETBANK, MUMBAI"
, Nidhi Arora-1100Sal15042Jan-2026,,,"-40,099.00", 07/02/2026, HDFCH00788655274," NETBANK, MUMBAI"
, Rakesh Kumar-1100Sal15826Jan-2026,,,"-29,062.00", 07/02/2026, HDFCH00788656305," NETBANK, MUMBAI"
, Hemant Singh-1100Sal15829Jan-2026,,,"-37,469.00", 07/02/2026, HDFCH00788656307," NETBANK, MUMBAI"
, Shivam Rauthan-1100Sal15830Jan-2026,,,"-45,958.00", 07/02/2026, HDFCH00788656309," NETBANK, MUMBAI"
, Anil Kumar Gir-1100Sal15832Jan-2026,,,"-35,857.00", 07/02/2026, HDFCH00788656310," NETBANK, MUMBAI"
, Utkarsh Nigam-1100Sal15840Jan-2026,,,"-32,130.00", 07/02/2026, HDFCH00788656312," NETBANK, MUMBAI"
, Gauri Aggarwal-1100Sal10001Jan-2026,,,"-520,112.00", 07/02/2026, HDFCH00788656314," NETBANK, MUMBAI"
, Tulsi Ram Yada-1100Sal10024Jan-2026,,,"-175,391.00", 07/02/2026, HDFCH00788656317," NETBANK, MUMBAI"
, Parekh Parth D-1100Sal12050Jan-2026,,,"-53,436.00", 07/02/2026, HDFCH00788656319," NETBANK, MUMBAI"
, Sanjeet Kumar -1100Sal12198Jan-2026,,,"-31,376.00", 07/02/2026, HDFCH00788656321," NETBANK, MUMBAI"
, Vikram Singh B-1100Sal12254Jan-2026,,,"-24,955.00", 07/02/2026, HDFCH00788656323," NETBANK, MUMBAI"
, Santosh Kumar-1100Sal12332Jan-2026,,,"-42,108.00", 07/02/2026, HDFCH00788656325," NETBANK, MUMBAI"
, GOPAL BHASKAR-1100Sal12340Jan-2026,,,"-69,085.00", 07/02/2026, HDFCH00788656327," NETBANK, MUMBAI"
, Rajat Kumar-1100Sal12343Jan-2026,,,"-52,102.00", 07/02/2026, HDFCH00788656329," NETBANK, MUMBAI"
, Abhimanyu Sing-1100Sal15690Jan-2026,,,"-23,239.00", 07/02/2026, HDFCH00788656332," NETBANK, MUMBAI"
, Rahul Kumar Dh-1100Sal15699Jan-2026,,,"-25,435.00", 07/02/2026, HDFCH00788656333," NETBANK, MUMBAI"
, Umesh Kuntal-1100Sal15713Jan-2026,,,"-27,303.00", 07/02/2026, HDFCH00788656335," NETBANK, MUMBAI"
, Sachin Dudeja-1100Sal10074Jan-2026,,,"-141,256.00", 07/02/2026, HDFCH00788656337," NETBANK, MUMBAI"
, Adesh Sharma-1100Sal15716Jan-2026,,,"-48,982.00", 07/02/2026, HDFCH00788656339," NETBANK, MUMBAI"
, Prince-1100Sal15733Jan-2026,,,"-34,742.00", 07/02/2026, HDFCH00788656341," NETBANK, MUMBAI"
, Lokesh-1100Sal15734Jan-2026,,,"-34,976.00", 07/02/2026, HDFCH00788656343," NETBANK, MUMBAI"
, Ruchika Kandwa-1100Sal15735Jan-2026,,,"-46,944.00", 07/02/2026, HDFCH00788656345," NETBANK, MUMBAI"
, Jitendra Kumar-1100Sal11665Jan-2026,,,"-45,441.00", 07/02/2026, HDFCH00788656348," NETBANK, MUMBAI"
, Suchit Chouhan-1100Sal11693Jan-2026,,,"-11,704.00", 07/02/2026, HDFCH00788656349," NETBANK, MUMBAI"
, MAHESHRAM-1100Sal11799Jan-2026,,,"-32,363.00", 07/02/2026, HDFCH00788656351," NETBANK, MUMBAI"
, Pritesh Kumari-1100Sal11807Jan-2026,,,"-36,016.00", 07/02/2026, HDFCH00788656353," NETBANK, MUMBAI"
, Umesh Kumar-1100Sal11810Jan-2026,,,"-39,179.00", 07/02/2026, HDFCH00788656355," NETBANK, MUMBAI"
, Vishal Rameshc-1100Sal11906Jan-2026,,,"-39,400.00", 07/02/2026, HDFCH00788656357," NETBANK, MUMBAI"
, Nitin Soni-1100Sal12750Jan-2026,,,"-66,016.00", 07/02/2026, HDFCH00788656359," NETBANK, MUMBAI"
, Manbir Singh R-1100Sal10025Jan-2026,,,"-101,170.00", 07/02/2026, HDFCH00788656361," NETBANK, MUMBAI"
, Prdeep Kumar-1100Sal12778Jan-2026,,,"-95,705.00", 07/02/2026, HDFCH00788656363," NETBANK, MUMBAI"
, Ram Milan-1100Sal12806Jan-2026,,,"-32,351.00", 07/02/2026, HDFCH00788656365," NETBANK, MUMBAI"
, Ankur Singh-1100Sal12931Jan-2026,,,"-436,448.00", 07/02/2026, HDFCH00788656367," NETBANK, MUMBAI"
, BHANWAR SINGH-1100Sal13877Jan-2026,,,"-45,618.00", 07/02/2026, HDFCH00788656370," NETBANK, MUMBAI"
, Bhagat Singh-1100Sal14447Jan-2026,,,"-94,931.00", 07/02/2026, HDFCH00788656372," NETBANK, MUMBAI"
, Sanjay Singh-1100Sal14468Jan-2026,,,"-443,559.00", 07/02/2026, HDFCH00788656374," NETBANK, MUMBAI"
, Krishan Kumar -1100Sal14470Jan-2026,,,"-32,543.00", 07/02/2026, HDFCH00788656376," NETBANK, MUMBAI"
, Narender Kumar-1100Sal10019Jan-2026,,,"-73,440.00", 07/02/2026, HDFCH00788656300," NETBANK, MUMBAI"
, Naresh Kumar-1100Sal10463Jan-2026,,,"-105,661.00", 07/02/2026, HDFCH00788656301," NETBANK, MUMBAI"
, Lakshya Varshn-1100Sal15536Jan-2026,,,"-26,479.00", 07/02/2026, HDFCH00788656302," NETBANK, MUMBAI"
, Omkar Yadav-1100Sal15550Jan-2026,,,"-40,161.00", 07/02/2026, HDFCH00788656303," NETBANK, MUMBAI"
, Premkumar Pimp-1100Sal15551Jan-2026,,,"-39,072.00", 07/02/2026, HDFCH00788656304," NETBANK, MUMBAI"
, Anuj Kumar-1100Sal15050Jan-2026,,,"-29,309.00", 07/02/2026, HDFCH00788655275," NETBANK, MUMBAI"
, Prateek Rai-1100Sal15886Jan-2026,,,"-28,368.00", 07/02/2026, HDFCH00788655276," NETBANK, MUMBAI"
, Harsh Kumar-1100Sal15896Jan-2026,,,"-48,155.00", 07/02/2026, HDFCH00788655277," NETBANK, MUMBAI"
, Shivam Gupta-1100Sal15897Jan-2026,,,"-55,800.00", 07/02/2026, HDFCH00788655278," NETBANK, MUMBAI"
, Bhawna-1100Sal15898Jan-2026,,,"-43,300.00", 07/02/2026, HDFCH00788655279," NETBANK, MUMBAI"
, Rishikesh Yada-1100Sal15901Jan-2026,,,"-18,346.00", 07/02/2026, HDFCH00788655280," NETBANK, MUMBAI"
, Raj Verma-1100Sal15903Jan-2026,,,"-27,813.00", 07/02/2026, HDFCH00788655281," NETBANK, MUMBAI"
, Vishal Yadav-1100Sal15905Jan-2026,,,"-30,987.00", 07/02/2026, HDFCH00788655282," NETBANK, MUMBAI"
, Rudra Mishra-1100Sal15907Jan-2026,,,"-150,733.00", 07/02/2026, HDFCH00788655283," NETBANK, MUMBAI"
, Pinaki Dhar-1100Sal15909Jan-2026,,,"-166,493.00", 07/02/2026, HDFCH00788655284," NETBANK, MUMBAI"
, Narandra Kumar-1100Sal10092Jan-2026,,,"-45,005.00", 07/02/2026, HDFCH00788655285," NETBANK, MUMBAI"
, Lovekesh Soni-1100Sal15920Jan-2026,,,"-34,697.00", 07/02/2026, HDFCH00788655286," NETBANK, MUMBAI"
, Alok Ram-1100Sal14523Jan-2026,,,"-30,583.00", 07/02/2026, HDFCH00788655287," NETBANK, MUMBAI"
, Data Ram Deshw-1100Sal10029Jan-2026,,,"-272,233.00", 07/02/2026, HDFCH00788655288," NETBANK, MUMBAI"
, Prabhash Singh-1100Sal14608Jan-2026,,,"-31,990.00", 07/02/2026, HDFCH00788655289," NETBANK, MUMBAI"
, Jagat Singh-1100Sal14625Jan-2026,,,"-31,106.00", 07/02/2026, HDFCH00788655290," NETBANK, MUMBAI"
, Pankaj Gahlot-1100Sal14632Jan-2026,,,"-158,705.00", 07/02/2026, HDFCH00788655291," NETBANK, MUMBAI"
, Rajkishore Dub-1100Sal14645Jan-2026,,,"-157,008.00", 07/02/2026, HDFCH00788655292," NETBANK, MUMBAI"
, Meenu Bansal-1100Sal14657Jan-2026,,,"-62,366.00", 07/02/2026, HDFCH00788655293," NETBANK, MUMBAI"
, NEERAJ-1100Sal14695Jan-2026,,,"-29,192.00", 07/02/2026, HDFCH00788655294," NETBANK, MUMBAI"
, Vinod Verma-1100Sal14727Jan-2026,,,"-74,359.00", 07/02/2026, HDFCH00788655295," NETBANK, MUMBAI"
, Anuparna Das-1100Sal15780Jan-2026,,,"-63,106.00", 07/02/2026, HDFCH00788655296," NETBANK, MUMBAI"
, Rathva Mohanbh-1100Sal15783Jan-2026,,,"-30,010.00", 07/02/2026, HDFCH00788655298," NETBANK, MUMBAI"
, Shrestha Ranja-1100Sal15789Jan-2026,,,"-64,717.00", 07/02/2026, HDFCH00788655299," NETBANK, MUMBAI"
, Amit Kumar-1100Sal15790Jan-2026,,,"-112,841.00", 07/02/2026, HDFCH00788655300," NETBANK, MUMBAI"
, Dharamveer Man-1100Sal15800Jan-2026,,,"-40,554.00", 07/02/2026, HDFCH00788655301," NETBANK, MUMBAI"
, Dolly Kathuria-1100Sal15802Jan-2026,,,"-40,698.00", 07/02/2026, HDFCH00788655302," NETBANK, MUMBAI"
, Ashish Chandra-1100Sal10078Jan-2026,,,"-42,743.00", 07/02/2026, HDFCH00788655303," NETBANK, MUMBAI"
, Vikas Mishra-1100Sal15806Jan-2026,,,"-121,146.00", 07/02/2026, HDFCH00788655304," NETBANK, MUMBAI"
, Prayag Raut-1100Sal15812Jan-2026,,,"-65,216.00", 07/02/2026, HDFCH00788655306," NETBANK, MUMBAI"
, Manish Choudha-1100Sal15815Jan-2026,,,"-61,372.00", 07/02/2026, HDFCH00788655307," NETBANK, MUMBAI"
, Rajesh Kumar-1100Sal14746Jan-2026,,,"-179,777.00", 07/02/2026, HDFCH00788655308," NETBANK, MUMBAI"
, Jaswant Sharma-1100Sal10030Jan-2026,,,"-264,807.00", 07/02/2026, HDFCH00788655309," NETBANK, MUMBAI"
, Ankit Sharma-1100Sal14807Jan-2026,,,"-42,532.00", 07/02/2026, HDFCH00788655311," NETBANK, MUMBAI"
, Mohd Rafique-1100Sal14838Jan-2026,,,"-51,109.00", 07/02/2026, HDFCH00788655312," NETBANK, MUMBAI"
, Utkarsh Srivas-1100Sal14865Jan-2026,,,"-43,295.00", 07/02/2026, HDFCH00788655313," NETBANK, MUMBAI"
, Yash Singh-1100Sal14869Jan-2026,,,"-37,620.00", 07/02/2026, HDFCH00788655314," NETBANK, MUMBAI"
, Kuldeep Dagar-1100Sal14513Jan-2026,,,"-54,911.00", 07/02/2026, HDFCH00788656377," NETBANK, MUMBAI"
, Shivam Sethi-1100Sal15741Jan-2026,,,"-70,895.00", 07/02/2026, HDFCH00788656380," NETBANK, MUMBAI"
, Aditya Tiwari-1100Sal15746Jan-2026,,,"-46,080.00", 07/02/2026, HDFCH00788656381," NETBANK, MUMBAI"
, Vicky Kumar-1100Sal15749Jan-2026,,,"-32,802.00", 07/02/2026, HDFCH00788656384," NETBANK, MUMBAI"
, Akanksha Tripa-1100Sal15761Jan-2026,,,"-132,166.00", 07/02/2026, HDFCH00788656386," NETBANK, MUMBAI"
, Dikshant Pal-1100Sal15762Jan-2026,,,"-33,404.00", 07/02/2026, HDFCH00788656388," NETBANK, MUMBAI"
, Hemant Kumar-1100Sal15764Jan-2026,,,"-41,328.00", 07/02/2026, HDFCH00788656390," NETBANK, MUMBAI"
, Deepak Sharma-1100Sal10077Jan-2026,,,"-56,178.00", 07/02/2026, HDFCH00788656392," NETBANK, MUMBAI"
, Kuldeep Kumar-1100Sal15772Jan-2026,,,"-69,595.00", 07/02/2026, HDFCH00788656393," NETBANK, MUMBAI"
, Sharmistha Muk-1100Sal15777Jan-2026,,,"-71,505.00", 07/02/2026, HDFCH00788659396," NETBANK, MUMBAI"
, Rahul Sharma-1100Sal15778Jan-2026,,,"-68,851.00", 07/02/2026, HDFCH00788659398," NETBANK, MUMBAI"
, Ayush Kumar-1100Sal15779Jan-2026,,,"-19,102.00", 07/02/2026, HDFCH00788659400," NETBANK, MUMBAI"
, Aditi Singh-1100Sal14873Jan-2026,,,"-45,103.00", 07/02/2026, HDFCH00788655315," NETBANK, MUMBAI"
, Satyam Katiyar-1100Sal15819Jan-2026,,,"-43,733.00", 07/02/2026, HDFCH00788655316," NETBANK, MUMBAI"
, Vanshika Verma-1100Sal15820Jan-2026,,,"-40,062.00", 07/02/2026, HDFCH00788655317," NETBANK, MUMBAI"
, Manish Agrahar-1100Sal15053Jan-2026,,,"-39,026.00", 07/02/2026, 602071404704," NETBANK, MUMBAI"
, Parveen .-1100Sal15131Jan-2026,,,"-34,932.00", 07/02/2026, 602071404723," NETBANK, MUMBAI"
, Yugal Garg-1100Sal15923Jan-2026,,,"-453,817.00", 07/02/2026, 602071405061," NETBANK, MUMBAI"
, Rahul Malake-1100Sal15955Jan-2026,,,"-54,525.00", 07/02/2026, 602071405086," NETBANK, MUMBAI"
, Rajnish Kumar-1100Sal15958Jan-2026,,,"-34,322.00", 07/02/2026, 602071405088," NETBANK, MUMBAI"
, Sanjeev Kumar-1100Sal15959Jan-2026,,,"-194,754.00", 07/02/2026, 602071405090," NETBANK, MUMBAI"
, Vivek Giri-1100Sal15973Jan-2026,,,"-9,187.00", 07/02/2026, 602071405098," NETBANK, MUMBAI"
, Pawan Bhadri-1100Sal14898Jan-2026,,,"-93,241.00", 07/02/2026, 602071404666," NETBANK, MUMBAI"
, Geetanjali Phu-1100Sal14899Jan-2026,,,"-61,899.00", 07/02/2026, 602071404668," NETBANK, MUMBAI"
, Rupam Kumari-1100Sal15844Jan-2026,,,"-52,656.00", 07/02/2026, 602071405012," NETBANK, MUMBAI"
, Mohit .-1100Sal15846Jan-2026,,,"-41,301.00", 07/02/2026, 602071405014," NETBANK, MUMBAI"
, Beant Singh-1100Sal15858Jan-2026,,,"-46,686.00", 07/02/2026, 602071405017," NETBANK, MUMBAI"
, Naveen Kumar Y-1100Sal14968Jan-2026,,,"-48,580.00", 07/02/2026, 602071404680," NETBANK, MUMBAI"
, Rahul Jayant-1100Sal15006Jan-2026,,,"-94,598.00", 07/02/2026, 602071404691," NETBANK, MUMBAI"
, Ashish Gupta-1100Sal15007Jan-2026,,,"-37,703.00", 07/02/2026, 602071404693," NETBANK, MUMBAI"
, Avnish Pal-1100Sal15022Jan-2026,,,"-36,177.00", 07/02/2026, 602071404695," NETBANK, MUMBAI"
, Priyanka Kapil-1100Sal14574Jan-2026,,,"-167,761.00", 07/02/2026, 602071404617," NETBANK, MUMBAI"
, Anuj Kumar Mis-1100Sal14717Jan-2026,,,"-30,331.00", 07/02/2026, 602071404631," NETBANK, MUMBAI"
, Muskan Garg-1100Sal15817Jan-2026,,,"-66,838.00", 07/02/2026, 602071404992," NETBANK, MUMBAI"
, Uday Tiwari-1100Sal14764Jan-2026,,,"-154,786.00", 07/02/2026, 602071404639," NETBANK, MUMBAI"
, Sunil Kumar-1100Sal14840Jan-2026,,,"-41,704.00", 07/02/2026, 602071404645," NETBANK, MUMBAI"
, Sandeep Bhadau-1100Sal14881Jan-2026,,,"-91,447.00", 07/02/2026, 602071404654," NETBANK, MUMBAI"
, Amit Kumar-1100Sal14882Jan-2026,,,"-45,064.00", 07/02/2026, 602071404656," NETBANK, MUMBAI"
, Ravi Singh-1100Sal15821Jan-2026,,,"-36,632.00", 07/02/2026, 602071404998," NETBANK, MUMBAI"
, RAGHVENDRA SIN-1100Sal10079Jan-2026,,,"-85,734.00", 07/02/2026, 602071405006," NETBANK, MUMBAI"
, Vadodariya Aja-1100Sal11949Jan-2026,,,"-69,768.00", 07/02/2026, 602071404572," NETBANK, MUMBAI"
, Arun Verma-1100Sal12197Jan-2026,,,"-105,162.00", 07/02/2026, 602071404576," NETBANK, MUMBAI"
, Harmeet Singh-1100Sal12552Jan-2026,,,"-37,644.00", 07/02/2026, 602071404588," NETBANK, MUMBAI"
, Deepak Tiwari-1100Sal15701Jan-2026,,,"-31,309.00", 07/02/2026, 602071404932," NETBANK, MUMBAI"
, Raju Singh-1100Sal15710Jan-2026,,,"-36,828.00", 07/02/2026, 602071404934," NETBANK, MUMBAI"
, Arti Bisht-1100Sal15714Jan-2026,,,"-47,744.00", 07/02/2026, 602071404938," NETBANK, MUMBAI"
, Trilok Chand-1100Sal11404Jan-2026,,,"-47,290.00", 07/02/2026, 602071405289," NETBANK, MUMBAI"
, Soma Sharma-1100Sal11522Jan-2026,,,"-88,081.00", 07/02/2026, 602071405291," NETBANK, MUMBAI"
, Mandakini Agar-1100Sal11735Jan-2026,,,"-163,231.00", 07/02/2026, 602071405297," NETBANK, MUMBAI"
, Jalaluddin .-1100Sal14127Jan-2026,,,"-58,351.00", 07/02/2026, 602071404603," NETBANK, MUMBAI"
, Dhananjay Sing-1100Sal15611Jan-2026,,,"-32,070.00", 07/02/2026, 602071404887," NETBANK, MUMBAI"
, Utkarsh Shukla-1100Sal15640Jan-2026,,,"-32,973.00", 07/02/2026, 602071404900," NETBANK, MUMBAI"
, Gautam Singh-1100Sal10871Jan-2026,,,"-35,334.00", 07/02/2026, 602071405246," NETBANK, MUMBAI"
, Amit Kumar Vis-1100Sal10931Jan-2026,,,"-39,399.00", 07/02/2026, 602071405248," NETBANK, MUMBAI"
, Rajesh Singh-1100Sal10934Jan-2026,,,"-32,520.00", 07/02/2026, 602071405250," NETBANK, MUMBAI"
, FARHAN JAVED-1100Sal11180Jan-2026,,,"-56,019.00", 07/02/2026, 602071405263," NETBANK, MUMBAI"
, Shreechandra R-1100Sal15651Jan-2026,,,"-512,150.00", 07/02/2026, 602071404908," NETBANK, MUMBAI"
, Ajay Prajapati-1100Sal15657Jan-2026,,,"-158,587.00", 07/02/2026, 602071404922," NETBANK, MUMBAI"
, Ratipal Yadav-1100Sal11248Jan-2026,,,"-140,442.00", 07/02/2026, 602071405268," NETBANK, MUMBAI"
, SUKHVIR SHARMA-1100Sal11369Jan-2026,,,"-39,409.00", 07/02/2026, 602071405277," NETBANK, MUMBAI"
, Lalit Kumar-1100Sal11403Jan-2026,,,"-49,877.00", 07/02/2026, 602071405287," NETBANK, MUMBAI"
, Amit Singh-1100Sal15450Jan-2026,,,"-57,652.00", 07/02/2026, 602071404838," NETBANK, MUMBAI"
, Pritam Gupta-1100Sal15452Jan-2026,,,"-28,695.00", 07/02/2026, 602071404840," NETBANK, MUMBAI"
, VISHAL PANDEY-1100Sal10177Jan-2026,,,"-55,862.00", 07/02/2026, 602071405196," NETBANK, MUMBAI"
, Shatrughan Pat-1100Sal10197Jan-2026,,,"-42,962.00", 07/02/2026, 602071405200," NETBANK, MUMBAI"
, RAKESH-1100Sal10266Jan-2026,,,"-90,624.00", 07/02/2026, 602071405204," NETBANK, MUMBAI"
, Manoj Kumar-1100Sal15537Jan-2026,,,"-55,784.00", 07/02/2026, 602071404859," NETBANK, MUMBAI"
, Sejal Bhatnaga-1100Sal15548Jan-2026,,,"-35,958.00", 07/02/2026, 602071404861," NETBANK, MUMBAI"
, Vaibhav Vyas-1100Sal15554Jan-2026,,,"-39,031.00", 07/02/2026, 602071404869," NETBANK, MUMBAI"
, Rajeev Mahto-1100Sal15563Jan-2026,,,"-82,111.00", 07/02/2026, 602071404873," NETBANK, MUMBAI"
, Rupesh prasad-1100Sal10696Jan-2026,,,"-66,125.00", 07/02/2026, 602071405232," NETBANK, MUMBAI"
, Sanjeev Kumar-1100Sal15397Jan-2026,,,"-37,898.00", 07/02/2026, 602071404814," NETBANK, MUMBAI"
, Chandra Shriva-1100Sal16027Jan-2026,,,"-25,380.00", 07/02/2026, 602071405154," NETBANK, MUMBAI"
, SUDHEER SINGH-1100Sal10140Jan-2026,,,"-56,327.00", 07/02/2026, 602071405174," NETBANK, MUMBAI"
, Chandan Kumar-1100Sal10142Jan-2026,,,"-106,217.00", 07/02/2026, 602071405176," NETBANK, MUMBAI"
, Sarvesh Kumar-1100Sal10161Jan-2026,,,"-93,475.00", 07/02/2026, 602071405188," NETBANK, MUMBAI"
, JITENDRA SINGH-1100Sal15225Jan-2026,,,"-38,715.00", 07/02/2026, 602071404758," NETBANK, MUMBAI"
, Dipak Topiwala-1100Sal15243Jan-2026,,,"-125,048.00", 07/02/2026, 602071404766," NETBANK, MUMBAI"
, Vijay Kumar-1100Sal15983Jan-2026,,,"-141,336.00", 07/02/2026, 602071405111," NETBANK, MUMBAI"
, Aman Kesarwani-1100Sal15257Jan-2026,,,"-76,420.00", 07/02/2026, 602071404772," NETBANK, MUMBAI"
, Srishti Saxena-1100Sal15268Jan-2026,,,"-110,210.00", 07/02/2026, 602071404776," NETBANK, MUMBAI"
, Ekas Agarwal-1100Sal15288Jan-2026,,,"-126,532.00", 07/02/2026, 602071404778," NETBANK, MUMBAI"
, Apoorva Chaudh-1100Sal16022Jan-2026,,,"-35,182.00", 07/02/2026, 602071405144," NETBANK, MUMBAI"
, COMM ON LIQD OF IMP COLL BILL,,,-177, 07/02/2026, 612BC05260380002," KUNDLI, SONEPAT"
," RTGS Dr-ICIC0006303-CENTURYMETALRECYCLINGLIMITED-NETBANK, MUM-HDFCR52026020767087497",,,"-13,000,000.00", 07/02/2026, HDFCR52026020767087497," NETBANK, MUMBAI"
, CAPITAL VEHICL-1100B0226014496,,,"-25,763.00", 07/02/2026, HDFCH00790286319," NETBANK, MUMBAI"
, WILLUS INFRAST-1100B0226014472,,,"-1,346,961.00", 07/02/2026, HDFCH00790300132," NETBANK, MUMBAI"
, FT602072501065-CMR NLM ECO ALUMINIUM P L 3497 FT-57500000863497,," 13,600,000.00",, 07/02/2026, 602072501065," NETBANK, MUMBAI"
, RTGS Cr-KKBK0000958-CMR GREEN TECHNOLOGIES LIMITED-CMR GREEN TECHNOLOGIES LIMITED-KKBKR52026020700116540,," 3,072,831.30",, 07/02/2026, KKBKR52026020700116540, FORT
, RTGS Cr-KKBK0000958-CMR GREEN TECHNOLOGIES LIMITED-CMR GREEN TECHNOLOGIES LIMITED-KKBKR52026020700116162,," 4,024,206.90",, 07/02/2026, KKBKR52026020700116162, FORT
, IMPS CR ECMS-9026-CMRGR1100LCU101973-FKMETALINDUSTRIES-483301010036635,," 232,500.00",, 07/02/2026, 603821303562, FARIDABAD HARYANA
, RTGS Cr-UTIB0000039-CMR GREEN TECHNOLOGIES LIMITED FORMERLY-CENTURY METAL RECYCLING LIMITE-UTIBR62026020755383034,," 1,200,000.00",, 07/02/2026, UTIBR62026020755383034, FORT
, RTGS Cr-UTIB0000039-CMR GREEN TECHNOLOGIES LIMITED FORMERLY-CENTURY METAL RECYCLING LIMITE-UTIBR62026020755382594,," 9,900,000.00",, 07/02/2026, UTIBR62026020755382594, CMS TF WBO MUMBAI
, RTGS Cr-UTIB0000039-CMR GREEN TECHNOLOGIES LIMITED FORMERLY-CENTURY METAL RECYCLING LIMITE-UTIBR62026020755382589,," 9,900,000.00",, 07/02/2026, UTIBR62026020755382589, CMS TF WBO MUMBAI
, RTGS Cr-UTIB0000039-CMR GREEN TECHNOLOGIES LIMITED FORMERLY-CENTURY METAL RECYCLING LIMITE-UTIBR62026020755383037,," 9,900,000.00",, 07/02/2026, UTIBR62026020755383037, CMS TF WBO MUMBAI
2/8/2026,Opening balance,"-27,078,302.35",,,,,
, IMPS CR ECMS-9015-CMRGR1100LCU101552-RAM UGRAH-125004619169,," 500,000.00",, 08/02/2026, 603906357995, FARIDABAD HARYANA
, RTGS Cr ECMS-UTIB0002437-CMRGR1100LCU101946-GAURAV ENTERPRISES-923020027564985,," 626,000.00",, 08/02/2026, UTIBR72026020800570944, FORT
, NEFT Cr ECMS-IOBA0001450-CMRGR1100LCU100984-VINAYAK INDUSTRIES-145002000001334,," 1,700,000.00",, 08/02/2026, IOBAN26039289049, FORT
, IMPS CR ECMS-9015-CMRGR1100LCU101620-RITIK TRADING COMPAN-120017944599,," 450,000.00",, 08/02/2026, 603919512819, FARIDABAD HARYANA
, RTGS Cr ECMS-UTIB0002437-CMRLTD151LCU101262-MAHAKAL ENTERPRISES-921020020261421,," 600,000.00",, 08/02/2026, UTIBR72026020800573034, FORT
, FT Cr ECMS-CMRGR1100LCU101902-PRATEEK TRADERS-01532320000994,," 568,500.00",, 08/02/2026, NBNE2V2H5NCSNGWF," NETBANK, MUMBAI"
2/9/2026,Opening balance,"-22,633,802.35",,,,,
, IMPS CR ECMS-9015-CMRGR1100LCU101552-RAM UGRAH-125004619169,," 100,000.00",, 09/02/2026, 604008570186, FARIDABAD HARYANA
, FT Cr ECMS-CMRLTD202LCU100983-TOLA TRADING AND CASTING WORKS-50200035571033,," 579,326.00",, 09/02/2026, NBLL3IF0VZPIMWSN," NETBANK, MUMBAI"
, RTGS Cr ECMS-KVBL0002101-CMRGR1100LCU100305-SARA METAL-4204280000000512,," 270,000.00",, 09/02/2026, KVBLR52026020963845915, FORT
, FT Cr ECMS-CMRGR1100LCU101936-JK SLIDE FASTNERS PVT LTD-50200112372292,," 3,229,778.00",, 09/02/2026, NBAANGP4TXWXNTKE," NETBANK, MUMBAI"
, IMPS CR ECMS-9052-CMRGR1100LCU101769-AMAN ENTERPRISES-0667202500004701,," 36,000.00",, 09/02/2026, 604038678761, FARIDABAD HARYANA
, IMPS CR ECMS-9052-CMRGR1100LCU101769-AMAN ENTERPRISES-0667202500004701,," 7,000.00",, 09/02/2026, 604038681023, FARIDABAD HARYANA
, FT Cr ECMS-CMRGR1100LCU100767-PEEYUSH METAL-50200073483622,," 2,755,300.00",, 09/02/2026, 1459949770, CBX Internet System Mumbai
, RTGS Cr ECMS-UBIN0535443-CMRGR1100LSU105359-MOURYA ENTERPRISES-354401010036892,," 930,000.00",, 09/02/2026, UBINR22026020901542875, FORT
, IMPS CR ECMS-9015-CMRGR1100LCU101620-RITIK TRADING COMPAN-120017944599,," 400,000.00",, 09/02/2026, 604010603699, FARIDABAD HARYANA
, FT Cr ECMS-CMRGR1100LCU101945-SHAMBHO INDUSTRIES-50200112977320,," 999,000.00",, 09/02/2026, MB09120152280ET3486545," NETBANK, MUMBAI"
, ODEX INDIA SOL-1100B0226014501,,,"-53,100.00", 09/02/2026, HDFCH00792712203," NETBANK, MUMBAI"
, Maersk Line In-1100B0226014499,,,"-75,413.80", 09/02/2026, HDFCH00792712205," NETBANK, MUMBAI"
, FT-IOCLMDTA343057-Indian Oil Corporation Ltd Delhi,,,"-1,937,404.66", 09/02/2026, 602093088493," NETBANK, MUMBAI"
, ODEX INDIA SOL-1100B0226014536,,,"-238,102.76", 09/02/2026, HDFCH00792712308," NETBANK, MUMBAI"
, Maersk Line In-1100B0226014535,,,"-529,713.80", 09/02/2026, HDFCH00792707423," NETBANK, MUMBAI"
, Maersk Line In-1100B0226014500,,,"-75,413.80", 09/02/2026, HDFCH00792709373," NETBANK, MUMBAI"
, ODEX INDIA SOL-1100B0226014537,,,"-47,101.16", 09/02/2026, HDFCH00792709394," NETBANK, MUMBAI"
, IMPS CR ECMS-9751-cmrgr1100lcu101943-MR TRADING CO-89650005280,," 500,000.00",, 09/02/2026, 604012972605, FARIDABAD HARYANA
, IMPS CR ECMS-9751-cmrgr1100lcu101943-MR TRADING CO-89650005280,," 400,000.00",, 09/02/2026, 604012974582, FARIDABAD HARYANA
, IMPS CR ECMS-9751-cmrgr1100lcu101943-MR TRADING CO-89650005280,," 200,000.00",, 09/02/2026, 604013981110, FARIDABAD HARYANA
, IMPS CR ECMS-9052-CMRGR1100LCU101769-AMAN ENTERPRISES-0667202500004701,," 42,000.00",, 09/02/2026, 604038740772, FARIDABAD HARYANA
, RTGS Cr-SBIN0004298-M s Century Metal Recycling Private-Century Metal Rceycling Pvt Ltd-SBINR12026020915965316,," 10,000,000.00",, 09/02/2026, SBINR12026020915965316, CMS TF WBO MUMBAI
, RTGS Cr-SBIN0004298-M s Century Metal Recycling Private-Century Metal Rceycling Pvt Ltd-SBINR12026020915965318,," 10,000,000.00",, 09/02/2026, SBINR12026020915965318, CMS TF WBO MUMBAI
, RTGS Cr-SBIN0004298-M s Century Metal Recycling Private-Century Metal Rceycling Pvt Ltd-SBINR12026020915965317,," 10,000,000.00",, 09/02/2026, SBINR12026020915965317, CMS TF WBO MUMBAI
, RTGS Cr-SBIN0004298-M s Century Metal Recycling Private-Century Metal Rceycling Pvt Ltd-SBINR12026020915965241,," 10,000,000.00",, 09/02/2026, SBINR12026020915965241, CMS TF WBO MUMBAI
, RTGS Cr-SBIN0004298-M s Century Metal Recycling Private-Century Metal Rceycling Pvt Ltd-SBINR12026020915965300,," 10,000,000.00",, 09/02/2026, SBINR12026020915965300, CMS TF WBO MUMBAI
, LIQUIDATION OF IMP COLL BILL,,,"-61,138,271.98", 09/02/2026, 612BC01260360001," KUNDLI, SONEPAT"
, RTGS Cr ECMS-UTIB0002437-CMRGR1100LCU101947-METALS ALLOY-924020050706201,," 917,686.00",, 09/02/2026, UTIBR72026020900575934, FORT
, 57500000342857-2857,,,"-75,000,000.00", 09/02/2026, 602093460163," NETBANK, MUMBAI"
, Watrana Tracti-1100B0226014549,,,"-82,600.00", 09/02/2026, 602093310226," NETBANK, MUMBAI"
, SAS FREIGHT FO-1100B0226014556,,,"-111,164.00", 09/02/2026, HDFCH00793855044," NETBANK, MUMBAI"
, Nice Cargo Mov-1100B0226014544,,,"-103,194.00", 09/02/2026, HDFCH00793856343," NETBANK, MUMBAI"
, GATEWAY DISTRI-1100B0226014545,,,"-211,120.00", 09/02/2026, HDFCH00793856386," NETBANK, MUMBAI"
, Hind Terminals-1100B0226014547,,,"-552,379.26", 09/02/2026, HDFCH00793856947," NETBANK, MUMBAI"
, JAI MAA LOGIST-1100B0226014625,,,"-941,056.70", 09/02/2026, 602093331045," NETBANK, MUMBAI"
, VASHISTA LOGIS-1100B0226014608,,,"-440,680.83", 09/02/2026, 602093331005," NETBANK, MUMBAI"
, TREIS SOLUTION-1100B0226014617,,,"-130,844.08", 09/02/2026, HDFCH00793877468," NETBANK, MUMBAI"
, AIR WATER INDI-1100B0226014624,,,"-18,415.08", 09/02/2026, HDFCH00793878474," NETBANK, MUMBAI"
, WORTH OF WASTE-1100B0226014613,,,"-1,663,051.72", 09/02/2026, HDFCH00793879584," NETBANK, MUMBAI"
, Chhavi Road Li-1100B0226014658,,,"-750,079.47", 09/02/2026, HDFCH00793886738," NETBANK, MUMBAI"
, CJ DARCL LOGIS-1100B0226014640,,,"-116,589.62", 09/02/2026, HDFCH00793884127," NETBANK, MUMBAI"
, PARVATI CLOTHI-1100B0226014569,,,"-117,941.00", 09/02/2026, 602093310208," NETBANK, MUMBAI"
, JAY AMBE ROADL-1100B0226014557,,,"-399,411.84", 09/02/2026, 602093310179," NETBANK, MUMBAI"
, TEAMLEASE REGT-1100B0226014561,,,"-170,100.00", 09/02/2026, 602093310188," NETBANK, MUMBAI"
, SHREE BALAJI C-1100B0226014543,,,"-1,054,284.07", 09/02/2026, 602093302350," NETBANK, MUMBAI"
, Energy Saving -1100B0226014580,,,"-89,090.00", 09/02/2026, 602093331023," NETBANK, MUMBAI"
, ADROIT INFOWAY-1100B0226014564,,,"-208,980.00", 09/02/2026, 602093310197," NETBANK, MUMBAI"
, HOTEL SARVOTTA-1100B0226014555,,,"-13,342.50", 09/02/2026, 602093310172," NETBANK, MUMBAI"
, NINE TAUR MA-1100B0226014598,,,"-1,827,151.56", 09/02/2026, 602093330972," NETBANK, MUMBAI"
, Krishna Metall-1100B0226014591,,,"-15,567.20", 09/02/2026, 602093330950," NETBANK, MUMBAI"
, Sharma Steels -1100B0226014589,,,"-172,669.38", 09/02/2026, 602093330946," NETBANK, MUMBAI"
, SHREEJEE ELECT-1100B0226014553,,,"-6,258.33", 09/02/2026, 602093310168," NETBANK, MUMBAI"
, KASANA ROADLIN-1100B0226014597,,,"-884,587.61", 09/02/2026, 602093330969," NETBANK, MUMBAI"
, Shri Balaji Me-1100B0226014592,,,-454, 09/02/2026, 602093330952," NETBANK, MUMBAI"
, SHIVDARSH HOSP-1100B0226014573,,,"-10,907.70", 09/02/2026, HDFCH00793887365," NETBANK, MUMBAI"
, SHASHI DHAWAL -1100B0226014570,,,"-8,076.00", 09/02/2026, HDFCH00793888658," NETBANK, MUMBAI"
, Shree Balaji T-1100B0226014590,,,"-1,308,697.74", 09/02/2026, HDFCH00793888099," NETBANK, MUMBAI"
, Allied Refract-1100B0226014593,,,"-533,390.15", 09/02/2026, HDFCH00793884583," NETBANK, MUMBAI"
, LIFE FIRST SOL-1100B0226014558,,,"-24,300.00", 09/02/2026, HDFCH00793883004," NETBANK, MUMBAI"
, BOMBAY STATION-1100B0226014550,,,"-1,475.00", 09/02/2026, HDFCH00793884626," NETBANK, MUMBAI"
, Media Solution-1100B0226014546,,,"-300,150.00", 09/02/2026, HDFCH00793888141," NETBANK, MUMBAI"
, M.S. Engineeri-1100B0226014587,,,"-72,498.00", 09/02/2026, HDFCH00793887514," NETBANK, MUMBAI"
, Shri Ram Machi-1100B0226014585,,,"-23,187.00", 09/02/2026, HDFCH00793887553," NETBANK, MUMBAI"
, S.S. Movers -1100B0226014594,,,"-2,015,034.86", 09/02/2026, HDFCH00793888775," NETBANK, MUMBAI"
, Ganesh Trading-1100B0226014551,,,"-2,454.40", 09/02/2026, HDFCH00793889744," NETBANK, MUMBAI"
, GULAFSHA GUPTA-1100B0226014559,,,"-108,000.00", 09/02/2026, HDFCH00793889758," NETBANK, MUMBAI"
, VIKAS MAHAJAN-1100B0226014599,,,"-14,644.80", 09/02/2026, HDFCH00793888165," NETBANK, MUMBAI"
, Steel Links-1100B0226014595,,,-94.92, 09/02/2026, HDFCH00793888178," NETBANK, MUMBAI"
, GMR LOGISTICS-1100B0226014562,,,"-122,499.00", 09/02/2026, HDFCH00793888180," NETBANK, MUMBAI"
, Instant Swift -1100B0226014588,,,"-7,290.00", 09/02/2026, HDFCH00793888977," NETBANK, MUMBAI"
, ONVID SOLUTION-1100B0226014574,,,"-23,760.00", 09/02/2026, HDFCH00793883077," NETBANK, MUMBAI"
, Chhavi Road Li-1100B0226014586,,,"-503,641.27", 09/02/2026, HDFCH00793888299," NETBANK, MUMBAI"
, Century Roadwa-1100B0226014578,,,"-763,713.80", 09/02/2026, HDFCH00793889780," NETBANK, MUMBAI"
, FANTASTIC HOLI-1100B0226014571,,,"-13,030.00", 09/02/2026, HDFCH00793890656," NETBANK, MUMBAI"
, Icon Engineers-1100B0226014596,,,"-21,528.00", 09/02/2026, HDFCH00793890673," NETBANK, MUMBAI"
, RAJ TRANSPORT -1100B0226014554,,,"-146,776.50", 09/02/2026, HDFCH00793889782," NETBANK, MUMBAI"
, Raman Electric-1100B0226014581,,,"-3,510.00", 09/02/2026, HDFCH00793890698," NETBANK, MUMBAI"
, MICROMAP ELECT-1100B0226014542,,,"-33,984.00", 09/02/2026, HDFCH00793889785," NETBANK, MUMBAI"
, LARSEN TOUBR-1100B0226014560,,,"-826,888.60", 09/02/2026, HDFCH00793888426," NETBANK, MUMBAI"
, JINDAL STEEL T-1100B0226014600,,,"-1,894,992.69", 09/02/2026, HDFCH00793888438," NETBANK, MUMBAI"
, S.P. Decorator-1100B0226014582,,,"-177,647.05", 09/02/2026, HDFCH00793890725," NETBANK, MUMBAI"
, Vinay Trading -1100B0226014583,,,"-8,724.92", 09/02/2026, HDFCH00793889112," NETBANK, MUMBAI"
, Kiran Design A-1100B0226014541,,,"-122,500.00", 09/02/2026, HDFCH00793888451," NETBANK, MUMBAI"
, Acryon Enginee-1100B0226014577,,,"-9,841.20", 09/02/2026, HDFCH00793890754," NETBANK, MUMBAI"
, YOTTA NETWORK -1100B0226014565,,,"-26,998.92", 09/02/2026, HDFCH00793888460," NETBANK, MUMBAI"
, RG TRANSPORT S-1100B0226014568,,,"-293,202.00", 09/02/2026, HDFCH00793889136," NETBANK, MUMBAI"
, SHREEJI AUTOWO-1100B0226014566,,,"-2,600.00", 09/02/2026, HDFCH00793883146," NETBANK, MUMBAI"
, PLATINUM SYSTE-1100B0226014567,,,"-10,967.22", 09/02/2026, HDFCH00793889806," NETBANK, MUMBAI"
, Deepak Enginee-1100B0226014579,,,"-41,031.90", 09/02/2026, HDFCH00793889139," NETBANK, MUMBAI"
, POKAR PETROLEU-1100B0226014552,,,"-356,363.28", 09/02/2026, HDFCH00793883156," NETBANK, MUMBAI"
, SHIVAM ELECTRO-1100B0226014563,,,"-6,018.00", 09/02/2026, HDFCH00793889819," NETBANK, MUMBAI"
, VASHISTA LOGIS-1100B0226014674,,,"-171,547.25", 09/02/2026, 602093339122," NETBANK, MUMBAI"
, UNIFEEDER AGEN-1100B0226014698,,,"-219,842.47", 09/02/2026, 602093476249," NETBANK, MUMBAI"
, ARMAN TRANSPOR-1100B0226014638,,,"-849,745.53", 09/02/2026, 602093331098," NETBANK, MUMBAI"
, VINAYSHREE MET-1100B0226014644,,,"-1,671.16", 09/02/2026, 602093331110," NETBANK, MUMBAI"
, SARRC TEST HOU-1100B0226014650,,,"-5,263.51", 09/02/2026, 602093331126," NETBANK, MUMBAI"
, PATIALA STEELS-1100B0226014606,,,-388.5, 09/02/2026, 602093331000," NETBANK, MUMBAI"
, STAR WIRE IND-1100B0226014629,,,"-6,446.70", 09/02/2026, 602093331056," NETBANK, MUMBAI"
, Akshara Enterp-1100B0226014656,,,"-1,062.00", 09/02/2026, HDFCH00793892705," NETBANK, MUMBAI"
, Acryon Enginee-1100B0226014655,,,"-41,966.70", 09/02/2026, HDFCH00793894696," NETBANK, MUMBAI"
, SEWA EXPORTS-1100B0226014652,,,"-318,305.28", 09/02/2026, HDFCH00793891760," NETBANK, MUMBAI"
, SIDHSHREE COMP-1100B0226014610,,,"-22,951.00", 09/02/2026, HDFCH00793891767," NETBANK, MUMBAI"
, Prva Industria-1100B0226014660,,,"-14,160.00", 09/02/2026, HDFCH00793891768," NETBANK, MUMBAI"
, RETRIEVE EXIM -1100B0226014636,,,-39.4, 09/02/2026, HDFCH00793890246," NETBANK, MUMBAI"
, RAPIDUE TECHNO-1100B0226014618,,,-205.6, 09/02/2026, HDFCH00793890254," NETBANK, MUMBAI"
, AMPLE INDUSTRI-1100B0226014649,,,"-46,020.00", 09/02/2026, HDFCH00793891798," NETBANK, MUMBAI"
, METACYCLE GLOB-1100B0226014647,,,-504.1, 09/02/2026, HDFCH00793890261," NETBANK, MUMBAI"
, SWAN CORPORATI-1100B0226014630,,,-175.96, 09/02/2026, HDFCH00793894820," NETBANK, MUMBAI"
, PASCO EARTHMOV-1100B0226014611,,,"-35,206.09", 09/02/2026, HDFCH00793894821," NETBANK, MUMBAI"
, VICKY TRADERS-1100B0226014601,,,"-25,000.00", 09/02/2026, HDFCH00793894835," NETBANK, MUMBAI"
, DURGA TRADERS-1100B0226014604,,,"-34,029.32", 09/02/2026, HDFCH00793891970," NETBANK, MUMBAI"
, MAHAMAYA INTER-1100B0226014612,,,"-19,950.00", 09/02/2026, HDFCH00793894846," NETBANK, MUMBAI"
, Shah Coal Depo-1100B0226014661,,,"-17,925.00", 09/02/2026, HDFCH00793890307," NETBANK, MUMBAI"
, AMAN TRADING C-1100B0226014628,,,"-16,284.00", 09/02/2026, HDFCH00793894852," NETBANK, MUMBAI"
, Material Recyc-1100B0226014651,,,"-972,000.00", 09/02/2026, HDFCH00793890314," NETBANK, MUMBAI"
, JHALANI EXTRUS-1100B0226014616,,,"-1,755,458.18", 09/02/2026, HDFCH00793890317," NETBANK, MUMBAI"
, TATA POWER REN-1100B0226014641,,,"-223,300.00", 09/02/2026, HDFCH00793892042," NETBANK, MUMBAI"
, URBAN METAL -1100B0226014627,,,-663.6, 09/02/2026, HDFCH00793892050," NETBANK, MUMBAI"
, BIMLA FLANGE -1100B0226014637,,,-223.8, 09/02/2026, HDFCH00793892051," NETBANK, MUMBAI"
, ASIAN MEDIA -1100B0226014653,,,"-10,500.00", 09/02/2026, HDFCH00793893150," NETBANK, MUMBAI"
, AVANYA TRADING-1100B0226014632,,,-175.02, 09/02/2026, HDFCH00793895098," NETBANK, MUMBAI"
, M S MITTALICS -1100B0226014623,,,-63.24, 09/02/2026, HDFCH00793895099," NETBANK, MUMBAI"
, M.S.Poswal Cra-1100B0226014664,,,"-15,428.00", 09/02/2026, 602093339097," NETBANK, MUMBAI"
, M P INDUSTRIAL-1100B0226014615,,,"-1,569.40", 09/02/2026, HDFCH00793892061," NETBANK, MUMBAI"
, BHARAT SCRAP F-1100B0226014639,,,-321.2, 09/02/2026, HDFCH00793893177," NETBANK, MUMBAI"
, As Equipment P-1100B0226014669,,,"-8,865.99", 09/02/2026, 602093339109," NETBANK, MUMBAI"
, ALPHA METALS -1100B0226014646,,,"-2,037,763.49", 09/02/2026, HDFCH00793893189," NETBANK, MUMBAI"
, Hind Carriers -1100B0226014668,,,"-87,725.44", 09/02/2026, 602093339107," NETBANK, MUMBAI"
, Kalinga Air Ga-1100B0226014659,,,"-4,956.00", 09/02/2026, HDFCH00793890352," NETBANK, MUMBAI"
, DASH TECHNOLOG-1100B0226014603,,,"-9,440.00", 09/02/2026, HDFCH00793890362," NETBANK, MUMBAI"
, SIDDHBALI CORP-1100B0226014683,,,-843.04, 09/02/2026, 602093339143," NETBANK, MUMBAI"
, R J ENTERPRISE-1100B0226014620,,,"-49,690.39", 09/02/2026, HDFCH00793893210," NETBANK, MUMBAI"
, R RESOURCES-1100B0226014602,,,"-24,249.00", 09/02/2026, HDFCH00793895131," NETBANK, MUMBAI"
, WASTE TO ENERG-1100B0226014690,,,"-906,727.63", 09/02/2026, 602093339159," NETBANK, MUMBAI"
, SINGHAL METALL-1100B0226014626,,,"-8,584.22", 09/02/2026, HDFCH00793893216," NETBANK, MUMBAI"
, PRIME OVERSEAS-1100B0226014689,,,-295.54, 09/02/2026, 602093339157," NETBANK, MUMBAI"
, SARDARI LAL AN-1100B0226014619,,,"-3,867.70", 09/02/2026, HDFCH00793892104," NETBANK, MUMBAI"
, M S SHREE JIND-1100B0226014621,,,"-13,806.00", 09/02/2026, HDFCH00793892105," NETBANK, MUMBAI"
, GEMINI EQUIPME-1100B0226014675,,,"-121,800.00", 09/02/2026, HDFCH00793893223," NETBANK, MUMBAI"
, ATIF TRADING C-1100B0226014643,,,-94, 09/02/2026, HDFCH00793895163," NETBANK, MUMBAI"
, VARDHMAN RECYC-1100B0226014633,,,"-1,243.08", 09/02/2026, HDFCH00793892110," NETBANK, MUMBAI"
, HARASHIVA META-1100B0226014642,,,-600, 09/02/2026, HDFCH00793893236," NETBANK, MUMBAI"
, NABIYA TRADERS-1100B0226014634,,,"-1,955,702.39", 09/02/2026, HDFCH00793890384," NETBANK, MUMBAI"
, Shri Ganesh Tr-1100B0226014662,,,"-1,062.00", 09/02/2026, HDFCH00793895171," NETBANK, MUMBAI"
, FERVENT GLOBAL-1100B0226014614,,,"-1,452,505.09", 09/02/2026, HDFCH00793890389," NETBANK, MUMBAI"
, FANTASTIC HOLI-1100B0226014654,,,"-1,620.00", 09/02/2026, HDFCH00793892163," NETBANK, MUMBAI"
, HITECH BEARING-1100B0226014622,,,"-100,276.82", 09/02/2026, HDFCH00793890401," NETBANK, MUMBAI"
, SETH AIR PRODU-1100B0226014605,,,"-11,564.00", 09/02/2026, HDFCH00793893340," NETBANK, MUMBAI"
, K.D. Internati-1100B0226014657,,,"-71,270.58", 09/02/2026, HDFCH00793890415," NETBANK, MUMBAI"
, PARMESHWAR REC-1100B0226014631,,,"-222,378.48", 09/02/2026, HDFCH00793895662," NETBANK, MUMBAI"
, LIMRA STEELS-1100B0226014677,,,"-57,963.96", 09/02/2026, HDFCH00793890445," NETBANK, MUMBAI"
, D K ENGG WORKS-1100B0226014686,,,"-5,882.00", 09/02/2026, HDFCH00793893434," NETBANK, MUMBAI"
, SK UEM Water P-1100B0226014663,,,"-10,677.00", 09/02/2026, HDFCH00793893445," NETBANK, MUMBAI"
, SARDARI LAL AN-1100B0226014681,,,"-3,188.48", 09/02/2026, HDFCH00793893469," NETBANK, MUMBAI"
, JANHVI AUTOWHE-1100B0226014676,,,"-60,220.00", 09/02/2026, HDFCH00793893481," NETBANK, MUMBAI"
, R J ENTERPRISE-1100B0226014682,,,"-6,254.00", 09/02/2026, HDFCH00793895633," NETBANK, MUMBAI"
, URSS Techservi-1100B0226014665,,,"-55,700.00", 09/02/2026, HDFCH00793890552," NETBANK, MUMBAI"
, GUNGUN CANTEEN-1100B0226014673,,,"-407,500.60", 09/02/2026, HDFCH00793896756," NETBANK, MUMBAI"
, Baba Samadhwal-1100B0226014670,,,"-24,500.00", 09/02/2026, HDFCH00793890607," NETBANK, MUMBAI"
, SWASTIK INTERN-1100B0226014693,,,"-991,566.72", 09/02/2026, HDFCH00793892528," NETBANK, MUMBAI"
, Pacific Electr-1100B0226014666,,,"-4,484.00", 09/02/2026, HDFCH00793892581," NETBANK, MUMBAI"
, NABIYA TRADERS-1100B0226014687,,,"-2,391,420.75", 09/02/2026, HDFCH00793895700," NETBANK, MUMBAI"
, SHIV REFRIGERA-1100B0226014679,,,"-41,834.77", 09/02/2026, HDFCH00793892594," NETBANK, MUMBAI"
, REVATHI V-1100B0226014692,,,"-7,200.00", 09/02/2026, HDFCH00793892601," NETBANK, MUMBAI"
, INDIA METAL-1100B0226014688,,,-716.26, 09/02/2026, HDFCH00793897849," NETBANK, MUMBAI"
, Continental Ea-1100B0226014671,,,"-49,790.28", 09/02/2026, HDFCH00793898663," NETBANK, MUMBAI"
, Allied Refract-1100B0226014667,,,"-108,131.80", 09/02/2026, HDFCH00793892607," NETBANK, MUMBAI"
, NATIONAL ENTER-1100B0226014685,,,-464.54, 09/02/2026, HDFCH00793897912," NETBANK, MUMBAI"
, PASCO EARTHMOV-1100B0226014678,,,"-6,167.00", 09/02/2026, HDFCH00793892618," NETBANK, MUMBAI"
, DEVSON CATALYS-1100B0226014672,,,"-72,570.00", 09/02/2026, HDFCH00793897973," NETBANK, MUMBAI"
, 15710NMCSALJAN26,,,-933, 09/02/2026, 602071783961," NETBANK, MUMBAI"
, 80207NMCSALJAN26,,,"-2,732.00", 09/02/2026, HDFCH00793918016," NETBANK, MUMBAI"
, 14523NMCSALJAN26,,,"-1,949.00", 09/02/2026, HDFCH00793919645," NETBANK, MUMBAI"
, 13877NMCSALJAN26,,,"-1,188.00", 09/02/2026, HDFCH00793918028," NETBANK, MUMBAI"
, 14884NMCSALJAN26,,,"-2,581.00", 09/02/2026, 602071783926," NETBANK, MUMBAI"
, 10271NMCSALJAN26,,,"-9,500.00", 09/02/2026, 602071783948," NETBANK, MUMBAI"
, 14569NMCSALJAN26,,,"-6,410.00", 09/02/2026, 602071783914," NETBANK, MUMBAI"
, 14861NMCSALJAN26,,,"-3,668.00", 09/02/2026, HDFCH00793917469," NETBANK, MUMBAI"
, 12652NMCSALJAN26,,,"-5,005.00", 09/02/2026, HDFCH00793921657," NETBANK, MUMBAI"
, 10226NMCSALJAN26,,,"-1,785.00", 09/02/2026, HDFCH00793920301," NETBANK, MUMBAI"
, 15584NMCSALJAN26,,,"-6,360.00", 09/02/2026, HDFCH00793921679," NETBANK, MUMBAI"
, 10491NMCSALJAN26,,,"-1,110.00", 09/02/2026, HDFCH00793915516," NETBANK, MUMBAI"
, 15586NMCSALJAN26,,,"-4,538.00", 09/02/2026, HDFCH00793920317," NETBANK, MUMBAI"
, 10017NMCSALJAN26,,,"-15,296.00", 09/02/2026, HDFCH00793915528," NETBANK, MUMBAI"
, 14705NMCSALJAN26,,,"-10,918.00", 09/02/2026, HDFCH00793920323," NETBANK, MUMBAI"
, 14808NMCSALJAN26,,,"-3,741.00", 09/02/2026, HDFCH00793920343," NETBANK, MUMBAI"
, 80012NMCSALJAN26,,,"-7,203.00", 09/02/2026, HDFCH00793920363," NETBANK, MUMBAI"
, 10785NMCSALJAN26,,,"-10,373.00", 09/02/2026, HDFCH00793921189," NETBANK, MUMBAI"
, 10137NMCSALJAN26,,,"-12,300.00", 09/02/2026, HDFCH00793921198," NETBANK, MUMBAI"
, 13876NMCSALJAN26,,,"-7,679.00", 09/02/2026, HDFCH00793917590," NETBANK, MUMBAI"
, 14576NMCSALJAN26,,,"-5,568.00", 09/02/2026, HDFCH00793921811," NETBANK, MUMBAI"
, 13396NMCSALJAN26,,,"-6,002.00", 09/02/2026, HDFCH00793920397," NETBANK, MUMBAI"
, 15275NMCSALJAN26,,,"-2,641.00", 09/02/2026, HDFCH00793921874," NETBANK, MUMBAI"
, 80025NMCSALJAN26,,,"-7,465.00", 09/02/2026, HDFCH00793921241," NETBANK, MUMBAI"
, 13028NMCSALJAN26,,,"-6,242.00", 09/02/2026, HDFCH00793921883," NETBANK, MUMBAI"
, 14736NMCSALJAN26,,,"-6,466.00", 09/02/2026, HDFCH00793921252," NETBANK, MUMBAI"
, 15841NMCSALJAN26,,,"-8,054.00", 09/02/2026, HDFCH00793920433," NETBANK, MUMBAI"
, 10275NMCSALJAN26,,,"-10,339.00", 09/02/2026, HDFCH00793922700," NETBANK, MUMBAI"
, 14593NMCSALJAN26,,,"-5,824.00", 09/02/2026, HDFCH00793921904," NETBANK, MUMBAI"
, 10230NMCSALJAN26,,,"-14,788.00", 09/02/2026, HDFCH00793921266," NETBANK, MUMBAI"
, 14940NMCSALJAN26,,,"-7,843.00", 09/02/2026, HDFCH00793920495," NETBANK, MUMBAI"
, 15684NMCSALJAN26,,,"-5,160.00", 09/02/2026, HDFCH00793922711," NETBANK, MUMBAI"
, 14750NMCSALJAN26,,,"-8,516.00", 09/02/2026, HDFCH00793920506," NETBANK, MUMBAI"
, 10103NMCSALJAN26,,,"-8,486.00", 09/02/2026, HDFCH00793921275," NETBANK, MUMBAI"
, 10151NMCSALJAN26,,,"-13,389.00", 09/02/2026, HDFCH00793920515," NETBANK, MUMBAI"
, 10136NMCSALJAN26,,,"-9,701.00", 09/02/2026, HDFCH00793921290," NETBANK, MUMBAI"
, 80007NMCSALJAN26,,,"-7,667.00", 09/02/2026, HDFCH00793922723," NETBANK, MUMBAI"
, 14524NMCSALJAN26,,,"-7,493.00", 09/02/2026, HDFCH00793921299," NETBANK, MUMBAI"
, 14476NMCSALJAN26,,,"-4,160.00", 09/02/2026, HDFCH00793922756," NETBANK, MUMBAI"
, 14743NMCSALJAN26,,,"-6,888.00", 09/02/2026, HDFCH00793921303," NETBANK, MUMBAI"
, 15685NMCSALJAN26,,,"-5,543.00", 09/02/2026, HDFCH00793922768," NETBANK, MUMBAI"
, 10048NMCSALJAN26,,,"-10,940.00", 09/02/2026, HDFCH00793920528," NETBANK, MUMBAI"
, 10005NMCSALJAN26,,,"-15,016.00", 09/02/2026, HDFCH00793920553," NETBANK, MUMBAI"
, 80033NMCSALJAN26,,,"-2,364.00", 09/02/2026, HDFCH00793920555," NETBANK, MUMBAI"
, 14740NMCSALJAN26,,,"-3,217.00", 09/02/2026, HDFCH00793921313," NETBANK, MUMBAI"
, 14760NMCSALJAN26,,,"-8,527.00", 09/02/2026, HDFCH00793921949," NETBANK, MUMBAI"
, 14587NMCSALJAN26,,,"-7,008.00", 09/02/2026, HDFCH00793921950," NETBANK, MUMBAI"
, 10175NMCSALJAN26,,,"-7,464.00", 09/02/2026, HDFCH00793920597," NETBANK, MUMBAI"
, 14606NMCSALJAN26,,,"-6,478.00", 09/02/2026, HDFCH00793922783," NETBANK, MUMBAI"
, 14553NMCSALJAN26,,,"-5,956.00", 09/02/2026, HDFCH00793922787," NETBANK, MUMBAI"
, 10026NMCSALJAN26,,,"-11,954.00", 09/02/2026, HDFCH00793920606," NETBANK, MUMBAI"
, 13822NMCSALJAN26,,,"-5,860.00", 09/02/2026, HDFCH00793921367," NETBANK, MUMBAI"
, 13265NMCSALJAN26,,,"-8,308.00", 09/02/2026, HDFCH00793922794," NETBANK, MUMBAI"
, 10187NMCSALJAN26,,,"-13,969.00", 09/02/2026, HDFCH00793922798," NETBANK, MUMBAI"
, 14813NMCPIJAN26,,,-763, 09/02/2026, HDFCH00793923468," NETBANK, MUMBAI"
, 14814NMCPIJAN26,,,"-5,244.00", 09/02/2026, HDFCH00793928033," NETBANK, MUMBAI"
, 80201NMCPIJAN26,,,"-1,963.00", 09/02/2026, HDFCH00793927187," NETBANK, MUMBAI"
, 10010NMCPIJAN26,,,"-2,898.00", 09/02/2026, HDFCH00793923496," NETBANK, MUMBAI"
, 10126NMCPIJAN26,,,"-1,386.00", 09/02/2026, HDFCH00793923509," NETBANK, MUMBAI"
, 12332NMCPIJAN26,,,"-13,589.00", 09/02/2026, HDFCH00793924221," NETBANK, MUMBAI"
, 10006NMCPIJAN26,,,"-3,153.00", 09/02/2026, HDFCH00793927223," NETBANK, MUMBAI"
, 10009NMCPIJAN26,,,"-11,619.00", 09/02/2026, HDFCH00793923527," NETBANK, MUMBAI"
, 80206NMCPIJAN26,,,"-5,208.00", 09/02/2026, HDFCH00793928186," NETBANK, MUMBAI"
, 14821NMCPIJAN26,,,"-3,905.00", 09/02/2026, HDFCH00793928243," NETBANK, MUMBAI"
, 10238NMCSALJAN26,,,"-10,380.00", 09/02/2026, 602071783892," NETBANK, MUMBAI"
, 10134NMCSALJAN26,,,"-8,936.00", 09/02/2026, 602071783890," NETBANK, MUMBAI"
, 10237NMCSALJAN26,,,"-5,943.00", 09/02/2026, 602071783891," NETBANK, MUMBAI"
, 13783NMCSALJAN26,,,"-7,870.00", 09/02/2026, HDFCH00793936944," NETBANK, MUMBAI"
, 10174NMCSALJAN26,,,"-9,753.00", 09/02/2026, HDFCH00793935747," NETBANK, MUMBAI"
, 15535NMCSALJAN26,,,"-6,090.00", 09/02/2026, HDFCH00793935761," NETBANK, MUMBAI"
, 14832NMCSALJAN26,,,"-7,288.00", 09/02/2026, HDFCH00793937053," NETBANK, MUMBAI"
, 10225NMCSALJAN26,,,"-10,092.00", 09/02/2026, HDFCH00793932390," NETBANK, MUMBAI"
, 10106NMCSALJAN26,,,"-13,041.00", 09/02/2026, HDFCH00793935539," NETBANK, MUMBAI"
, 10105NMCSALJAN26,,,"-6,644.00", 09/02/2026, HDFCH00793932411," NETBANK, MUMBAI"
, 15748NMCSALJAN26,,,"-9,388.00", 09/02/2026, HDFCH00793935585," NETBANK, MUMBAI"
, 10104NMCSALJAN26,,,-908, 09/02/2026, HDFCH00793934253," NETBANK, MUMBAI"
, 10227NMCSALJAN26,,,"-3,837.00", 09/02/2026, HDFCH00793937231," NETBANK, MUMBAI"
, 15696NMCSALJAN26,,,"-5,926.00", 09/02/2026, HDFCH00793932461," NETBANK, MUMBAI"
, 14528NMCSALJAN26,,,"-12,979.00", 09/02/2026, HDFCH00793932479," NETBANK, MUMBAI"
, 10222NMCSALJAN26,,,"-10,354.00", 09/02/2026, HDFCH00793935611," NETBANK, MUMBAI"
, 12978NMCSALJAN26,,,"-12,434.00", 09/02/2026, HDFCH00793935613," NETBANK, MUMBAI"
, 10223NMCSALJAN26,,,"-8,807.00", 09/02/2026, HDFCH00793937254," NETBANK, MUMBAI"
, RTGS Cr-SBIN0004298-M s Century Metal Recycling Private-Century Metal Rceycling Pvt Ltd-SBINR12026020916021823,," 10,000,000.00",, 09/02/2026, SBINR12026020916021823, CMS TF WBO MUMBAI
, RTGS Cr-SBIN0004298-M s Century Metal Recycling Private-Century Metal Rceycling Pvt Ltd-SBINR12026020916021805,," 10,000,000.00",, 09/02/2026, SBINR12026020916021805, CMS TF WBO MUMBAI
, RTGS Cr-SBIN0004298-M s Century Metal Recycling Private-Century Metal Rceycling Pvt Ltd-SBINR12026020916021824,," 10,000,000.00",, 09/02/2026, SBINR12026020916021824, CMS TF WBO MUMBAI
, RTGS Cr-SBIN0004298-M s Century Metal Recycling Private-Century Metal Rceycling Pvt Ltd-SBINR12026020916021776,," 10,000,000.00",, 09/02/2026, SBINR12026020916021776, CMS TF WBO MUMBAI
, RTGS Cr-SBIN0004298-M s Century Metal Recycling Private-Century Metal Rceycling Pvt Ltd-SBINR12026020916021777,," 10,000,000.00",, 09/02/2026, SBINR12026020916021777, CMS TF WBO MUMBAI
, RTGS Cr-SBIN0004298-M s Century Metal Recycling Private-Century Metal Rceycling Pvt Ltd-SBINR12026020916021841,," 10,000,000.00",, 09/02/2026, SBINR12026020916021841, CMS TF WBO MUMBAI
, FT- 1461096166 - 0023020315 - 57500000579710 -RICO AUTO INDUSTRIES LTD,," 10,376,926.29",, 09/02/2026, 1461096166, CBX Internet System Mumbai
, FT Cr ECMS-CMRGR1100LCU101902-PRATEEK TRADERS-01532320000994,," 568,500.00",, 09/02/2026, NBBQ1ALQ7IUBHAWD," NETBANK, MUMBAI"
, RTGS Cr ECMS-CNRB0019260-CMRGR1100LCU100355-M S MANUFACTURING AN-120028091709,," 440,996.00",, 09/02/2026, CNRBR52026020977100701, FORT
, AUTO SWEEPOUT TO CMR GREEN TECHNOLOGI 57500000342857,," 16,445,726.17",, 09/02/2026,, FARIDABAD HARYANA
2/10/2026,Opening balance,"-49,264,035.07",,,,,
, NEFT Cr ECMS-IDFB0021315-CMRLTD201LCU100393-J V K ENTERPRISES-50000019860,," 100,000.00",, 10/02/2026, IDFB604164339811, FORT
, RTGS Cr ECMS-YESB0000001-CMRGR1100LCU101888-MOREY TRADERS-053161900012080,," 905,768.00",, 10/02/2026, YESBR12026021000008328, FORT
, RTGS Cr ECMS-SBIN0030203-CMRGR1100LCU101333-OPTIMA METAL RECYCLERS-43024599494,," 1,000,000.00",, 10/02/2026, SBINR12026021016055163, FORT
, RTGS Cr ECMS-SBIN0030203-CMRGR1100LCU101333-OPTIMA METAL RECYCLERS-43024599494,," 382,488.00",, 10/02/2026, SBINR12026021016055244, FORT
, RTGS Cr ECMS-KVBL0002101-CMRGR1100LCU100305-SARA METAL-4204280000000512,," 270,000.00",, 10/02/2026, KVBLR52026021063869819, FORT
, NEFT Cr ECMS-CNRB0019251-CMRLTD152LCU101556-M S ENTERPRISES-92511400000402,," 537,000.00",, 10/02/2026, CNRBH00109684189, FORT
, IMPS CR ECMS-9211-CMRGR1100LCU101110-OMNAMOMETAL-922020066935237,," 280,000.00",, 10/02/2026, 604171961197, FARIDABAD HARYANA
, GST/Bank Reference No: E2604170343569/CIN No: HDFC26020500011120,,,"-2,354,291.00", 10/02/2026,," NETBANK, MUMBAI"
, GST/Bank Reference No: E2604170343570/CIN No: HDFC26022400053399,,,"-2,311,576.00", 10/02/2026,," NETBANK, MUMBAI"
, 60207223656580032NMCSALJAN26,,,"-6,569.74", 10/02/2026, HDFCH00795304406," NETBANK, MUMBAI"
, 60207178798115179NMCPIJAN26,,,"-6,585.00", 10/02/2026, HDFCH00795306968," NETBANK, MUMBAI"
, 60207231381180032NMCPIJAN26,,,-777, 10/02/2026, HDFCH00795304408," NETBANK, MUMBAI"
, RTGS Cr ECMS-IDIB000K796-CMRGR1100LCU101732-DAUJI METAL INDUSTRIES-00000007776647636,," 2,788,812.00",, 10/02/2026, IDIBR52026021000312912, FORT
, RTGS Cr ECMS-UJVN0002204-CMRGR1100LCU101893-PRIME METALLURGICAL ENTERPRISE-2204230110000001,," 405,850.00",, 10/02/2026, UJVNR92026021000954339, FORT
, IMPS CR ECMS-9024-CMRLTD202LCU100256-INDIAN METAL SCRAP-08281131002695,," 50,000.00",, 10/02/2026, 604111843742, FARIDABAD HARYANA
, FT Cr ECMS-CMRLTD151LCU101461-SHREE JEE METALS-50200071755012,," 1,935,000.00",, 10/02/2026, NBARH2TSW9CRVLJ1," NETBANK, MUMBAI"
, 10233NMCSALJAN26,,,"-13,461.00", 10/02/2026, HDFCH00795601205," NETBANK, MUMBAI"
, RTGS Cr-SBIN0004298-M s Century Metal Recycling Private-Century Metal Rceycling Pvt Ltd-SBINR12026021016103567,," 10,000,000.00",, 10/02/2026, SBINR12026021016103567, CMS TF WBO MUMBAI
, RTGS Cr-SBIN0004298-M s Century Metal Recycling Private-Century Metal Rceycling Pvt Ltd-SBINR12026021016103571,," 10,000,000.00",, 10/02/2026, SBINR12026021016103571, CMS TF WBO MUMBAI
, RTGS Cr-SBIN0004298-M s Century Metal Recycling Private-Century Metal Rceycling Pvt Ltd-SBINR12026021016103607,," 10,000,000.00",, 10/02/2026, SBINR12026021016103607, CMS TF WBO MUMBAI
, RTGS Cr-SBIN0004298-M s Century Metal Recycling Private-Century Metal Rceycling Pvt Ltd-SBINR12026021016103503,," 10,000,000.00",, 10/02/2026, SBINR12026021016103503, CMS TF WBO MUMBAI
, RTGS Cr-SBIN0004298-M s Century Metal Recycling Private-Century Metal Rceycling Pvt Ltd-SBINR12026021016103614,," 10,000,000.00",, 10/02/2026, SBINR12026021016103614, CMS TF WBO MUMBAI
, RTGS Cr-SBIN0004298-M s Century Metal Recycling Private-Century Metal Rceycling Pvt Ltd-SBINR12026021016103570,," 10,000,000.00",, 10/02/2026, SBINR12026021016103570, CMS TF WBO MUMBAI
, RTGS Cr-SBIN0004298-M s Century Metal Recycling Private-Century Metal Rceycling Pvt Ltd-SBINR12026021016103566,," 10,000,000.00",, 10/02/2026, SBINR12026021016103566, CMS TF WBO MUMBAI
, RTGS Cr-SBIN0004298-M s Century Metal Recycling Private-Century Metal Rceycling Pvt Ltd-SBINR12026021016103481,," 10,000,000.00",, 10/02/2026, SBINR12026021016103481, CMS TF WBO MUMBAI
, RTGS Cr-SBIN0004298-M s Century Metal Recycling Private-Century Metal Rceycling Pvt Ltd-SBINR12026021016103535,," 10,000,000.00",, 10/02/2026, SBINR12026021016103535, CMS TF WBO MUMBAI
, RTGS Cr-SBIN0004298-M s Century Metal Recycling Private-Century Metal Rceycling Pvt Ltd-SBINR12026021016103609,," 10,000,000.00",, 10/02/2026, SBINR12026021016103609, CMS TF WBO MUMBAI
, RTGS Cr-SBIN0004298-M s Century Metal Recycling Private-Century Metal Rceycling Pvt Ltd-SBINR12026021016103608,," 10,000,000.00",, 10/02/2026, SBINR12026021016103608, CMS TF WBO MUMBAI
, RTGS Cr-SBIN0004298-M s Century Metal Recycling Private-Century Metal Rceycling Pvt Ltd-SBINR12026021016103482,," 10,000,000.00",, 10/02/2026, SBINR12026021016103482, CMS TF WBO MUMBAI
, RTGS Cr-SBIN0004298-M s Century Metal Recycling Private-Century Metal Rceycling Pvt Ltd-SBINR12026021016103612,," 10,000,000.00",, 10/02/2026, SBINR12026021016103612, CMS TF WBO MUMBAI
, RTGS Cr-SBIN0004298-CMR TOYOTSU ALUMINIUM INDIA PVT LT-Century Metal Recycling Limited-SBINR12026021016104971,," 10,000,000.00",, 10/02/2026, SBINR12026021016104971, CMS TF WBO MUMBAI
, RTGS Cr-SBIN0004298-CMR TOYOTSU ALUMINIUM INDIA PVT LT-Century Metal Recycling Limited-SBINR12026021016104946,," 10,000,000.00",, 10/02/2026, SBINR12026021016104946, CMS TF WBO MUMBAI
, RTGS Cr-SBIN0004298-CMR TOYOTSU ALUMINIUM INDIA PVT LT-Century Metal Recycling Limited-SBINR12026021016104947,," 10,000,000.00",, 10/02/2026, SBINR12026021016104947, CMS TF WBO MUMBAI
, RTGS Cr-SBIN0004298-CMR TOYOTSU ALUMINIUM INDIA PVT LT-Century Metal Recycling Limited-SBINR12026021016104885,," 10,000,000.00",, 10/02/2026, SBINR12026021016104885, CMS TF WBO MUMBAI
, RTGS Cr-SBIN0004298-CMR TOYOTSU ALUMINIUM INDIA PVT LT-Century Metal Recycling Limited-SBINR12026021016104929,," 10,000,000.00",, 10/02/2026, SBINR12026021016104929, CMS TF WBO MUMBAI
, RTGS Cr-SBIN0004298-CMR TOYOTSU ALUMINIUM INDIA PVT LT-Century Metal Recycling Limited-SBINR12026021016104968,," 10,000,000.00",, 10/02/2026, SBINR12026021016104968, CMS TF WBO MUMBAI
, RTGS Cr-SBIN0004298-CMR TOYOTSU ALUMINIUM INDIA PVT LT-Century Metal Recycling Limited-SBINR12026021016104970,," 10,000,000.00",, 10/02/2026, SBINR12026021016104970, CMS TF WBO MUMBAI
, RTGS Cr-SBIN0004298-CMR TOYOTSU ALUMINIUM INDIA PVT LT-Century Metal Recycling Limited-SBINR12026021016104948,," 10,000,000.00",, 10/02/2026, SBINR12026021016104948, CMS TF WBO MUMBAI
, RTGS Cr-SBIN0004298-CMR TOYOTSU ALUMINIUM INDIA PVT LT-Century Metal Recycling Limited-SBINR12026021016104884,," 10,000,000.00",, 10/02/2026, SBINR12026021016104884, CMS TF WBO MUMBAI
, RTGS Cr-SBIN0004298-CMR TOYOTSU ALUMINIUM INDIA PVT LT-Century Metal Recycling Limited-SBINR12026021016104949,," 10,000,000.00",, 10/02/2026, SBINR12026021016104949, CMS TF WBO MUMBAI
, NEFT Cr-UTIB0004021-STAR SCRAPE TRADERS-CMR GREEN TECHNOLOGIES LIMITED-AXSK260410004001,," 100,000.00",, 10/02/2026, AXSK260410004001, FORT
, FT Cr ECMS-CMRGR1100LCU101564-SUNLITE RECYCLING INDUSTRIES L-50200073104369,," 24,884,784.00",, 10/02/2026, 1462361890, CBX Internet System Mumbai
, NEFT Cr ECMS-KKBK0000958-CMRGR1100LCU101835-SS METALS ENTERPRISES-5949440252,," 2,160,000.00",, 10/02/2026, KKBKH26041807574, FORT
, 57500000342857-2857,,,"-291,200,000.00", 10/02/2026, 602105001594," NETBANK, MUMBAI"
, GST/Bank Reference No: E2604170347094/CIN No: HDFC26020800041541,,,"-561,000.00", 10/02/2026,," NETBANK, MUMBAI"
, RTGS Cr ECMS-UTIB0002437-CMRGR1100LCU101946-GAURAV ENTERPRISES-923020027564985,," 625,000.00",, 10/02/2026, UTIBR72026021000575178, FORT
, FT Cr ECMS-CMRGR1100LCU101314-HERO MOTOCORP LIMITED 315-00030110000315,," 157,231,421.85",, 10/02/2026, 602104861364," NETBANK, MUMBAI"
, FT Cr ECMS-CMRGR1100LCU101319-HERO MOTOCORP LIMITED 315-00030110000315,," 1,356,650.75",, 10/02/2026, 602104861365," NETBANK, MUMBAI"
, ODEX INDIA SOL-1100B0226014758,,,"-170,262.05", 10/02/2026, HDFCH00796431083," NETBANK, MUMBAI"
, RTGS Cr ECMS-CNRB0019260-CMRGR1100LSU101904-SAWA ENTERPRISES-125005017703,," 287,300.00",, 10/02/2026, CNRBR52026021077156380, FORT
, RTGS Cr ECMS-CNRB0019260-CMRGR1100LCU101620-RITIK TRADING COMPAN-120017944599,," 750,000.00",, 10/02/2026, CNRBR52026021077187603, FORT
, LIQUIDATION OF IMP COLL BILL,,,"-6,000,330.35", 10/02/2026, 612BC05260170005," KUNDLI, SONEPAT"
, LIQUIDATION OF IMP COLL BILL,,,"-6,532,983.61", 10/02/2026, 612BC05260310004," KUNDLI, SONEPAT"
, COMM ON IMPORT LC ISSUED,,,"-10,625.90", 10/02/2026, 612SBBC260410003," KUNDLI, SONEPAT"
, COMM ON IMPORT LC ISSUED,,,"-12,720.40", 10/02/2026, 612SBBC260410002," KUNDLI, SONEPAT"
," RTGS Dr-ICIC0006303-CENTURYMETALRECYCLINGLIMITED-NETBANK, MUM-HDFCR52026021068166352",,,"-30,000,000.00", 10/02/2026, HDFCR52026021068166352," NETBANK, MUMBAI"
, 57500000540028-CMRA,,,"-40,000,000.00", 10/02/2026, 602105553253," NETBANK, MUMBAI"
, 00930310001274-1274,,,"-80,000,000.00", 10/02/2026, 602105554714," NETBANK, MUMBAI"
, FT602105557604-CMR NLM ECO ALUMINIUM P L 3497 FT-57500000863497,," 40,000,000.00",, 10/02/2026, 602105557604," NETBANK, MUMBAI"
, Avnish Pal-1100B0226014741,,,"-3,316.00", 10/02/2026, 602104839801," NETBANK, MUMBAI"
, FT-HDFC555122767-HAPPAY POOL ACCOUNT CMRG,,,"-69,872.20", 10/02/2026, 602104839783," NETBANK, MUMBAI"
, Sarvesh kumar-1100B0226014730,,,"-4,310.00", 10/02/2026, 602104839840," NETBANK, MUMBAI"
, Vaibhav Vyas-1100B0226014746,,,"-24,446.00", 10/02/2026, 602104839813," NETBANK, MUMBAI"
, Manish Agrahar-1100B0226014742,,,-590, 10/02/2026, 602104839803," NETBANK, MUMBAI"
, Ravi Kant sing-1100B0226014749,,,"-4,664.00", 10/02/2026, 602104839819," NETBANK, MUMBAI"
, Ajay Kumar Pra-1100B0226014747,,,"-3,425.50", 10/02/2026, 602104839815," NETBANK, MUMBAI"
, Sandeep Bhadau-1100B0226014739,,,"-1,130.50", 10/02/2026, 602104839796," NETBANK, MUMBAI"
, Rahul Malake-1100B0226014753,,,"-8,596.00", 10/02/2026, 602104839828," NETBANK, MUMBAI"
, Extreme Motors-1100B0226014769,,,"-28,223.22", 10/02/2026, 602105435284," NETBANK, MUMBAI"
, Vandana Patel-1100B0226014745,,,"-3,153.00", 10/02/2026, HDFCH00797072165," NETBANK, MUMBAI"
, Vivek Giri-1100B0226014754,,,"-3,276.00", 10/02/2026, HDFCH00797074777," NETBANK, MUMBAI"
, Vishal Vairagi-1100B0226014737,,,"-6,600.00", 10/02/2026, HDFCH00797074789," NETBANK, MUMBAI"
, Rudra Narayan -1100B0226014751,,,"-3,924.65", 10/02/2026, HDFCH00797072191," NETBANK, MUMBAI"
, Hemant Yadav-1100B0226014729,,,"-3,152.00", 10/02/2026, HDFCH00797073001," NETBANK, MUMBAI"
, VedPrakash Pra-1100B0226014740,,,"-1,249.90", 10/02/2026, HDFCH00797074082," NETBANK, MUMBAI"
, Mukesh Kumar J-1100B0226014736,,,"-5,426.00", 10/02/2026, HDFCH00797073079," NETBANK, MUMBAI"
, Naveen Singh-1100B0226014728,,,"-2,685.00", 10/02/2026, HDFCH00797072241," NETBANK, MUMBAI"
, Shivam Gupta-1100B0226014750,,,"-9,307.75", 10/02/2026, HDFCH00797074097," NETBANK, MUMBAI"
, Harsh Kumar-1100B0226014744,,,"-5,193.11", 10/02/2026, HDFCH00797072294," NETBANK, MUMBAI"
, ICICI CREDIT C-1100B0226014722,,,"-155,285.21", 10/02/2026, HDFCH00797073143," NETBANK, MUMBAI"
, SANJAY SINGH-1100B0226014743,,,-632, 10/02/2026, HDFCH00797074172," NETBANK, MUMBAI"
, ODEX INDIA SOL-1100B0226014765,,,"-387,449.81", 10/02/2026, HDFCH00797074184," NETBANK, MUMBAI"
, Anil Kumar Sha-1100B0226014733,,,"-3,000.00", 10/02/2026, HDFCH00797060326," NETBANK, MUMBAI"
, Ram Gopal-1100B0226014735,,,-476, 10/02/2026, HDFCH00797074193," NETBANK, MUMBAI"
, Ravindra Prata-1100B0226014727,,,"-3,552.50", 10/02/2026, HDFCH00797072324," NETBANK, MUMBAI"
, MAKE MY TRIP -1100B0226014772,,,"-57,792.13", 10/02/2026, HDFCH00797072327," NETBANK, MUMBAI"
, Vikas Kumar Mi-1100B0226014748,,,"-3,784.00", 10/02/2026, HDFCH00797074880," NETBANK, MUMBAI"
, Vikas Mishra-1100B0226014755,,,"-2,634.00", 10/02/2026, HDFCH00797074223," NETBANK, MUMBAI"
, Narendra Das-1100B0226014731,,,"-15,262.00", 10/02/2026, HDFCH00797072347," NETBANK, MUMBAI"
, Lovekesh Kumar-1100B0226014752,,,"-1,145.74", 10/02/2026, HDFCH00797074228," NETBANK, MUMBAI"
, Renuka Nayak-1100B0226014756,,,"-5,003.00", 10/02/2026, HDFCH00797073244," NETBANK, MUMBAI"
, Satender-1100B0226014734,,,-591.5, 10/02/2026, HDFCH00797074893," NETBANK, MUMBAI"
, Naveen Kumar-1100B0226014732,,,"-6,230.00", 10/02/2026, HDFCH00797074895," NETBANK, MUMBAI"
, Prdeep Kumar-1100B0226014738,,,"-3,580.46", 10/02/2026, HDFCH00797072391," NETBANK, MUMBAI"
, 602104672499Anshu Upadhyay 14760,,,"-8,000.00", 10/02/2026, HDFCH00797096350," NETBANK, MUMBAI"
, 602104669817Rajan Mishra 14743,,,"-14,000.00", 10/02/2026, HDFCH00797098021," NETBANK, MUMBAI"
, 602104850169Satyawan Singh 10671,,,"-70,000.00", 10/02/2026, HDFCH00797099100," NETBANK, MUMBAI"
, 602104668531Hargovind Yadav 14808,,,"-9,600.00", 10/02/2026, HDFCH00797096366," NETBANK, MUMBAI"
, 602104670930Anuj Kumar Misra 14714,,,"-14,040.00", 10/02/2026, HDFCH00797087569," NETBANK, MUMBAI"
, 602104666124Mr DInesh Sharma10222,,,"-60,000.00", 10/02/2026, HDFCH00797096369," NETBANK, MUMBAI"
, 602104673926Raj Krishana 14861,,,"-8,000.00", 10/02/2026, HDFCH00797096372," NETBANK, MUMBAI"
, RTGS Cr-SCBL0036001-ENDURANCE TECHNOLOGIES LIMITED-CMR GREEN TECHNOLOGIES LIMITED-SCBLR12026021000818899,," 15,148,980.30",, 10/02/2026, SCBLR12026021000818899, FORT
, ADVANCE PAYMENT OF IMPORT BILL,,,"-5,562.56", 10/02/2026, 612BC09260410061," KUNDLI, SONEPAT"
, ADVANCE PAYMENT OF IMPORT BILL,,,"-753,477.03", 10/02/2026, 612BC09260410066," KUNDLI, SONEPAT"
, RTGS Cr-ICIC0099999-RICO AUTO INDUSTRIES LIMITED-CMR GREEN TECHNOLOGIES LIMITED-ICICR22026021014396705,," 11,007,727.94",, 10/02/2026, ICICR22026021014396705, FORT
, IMPS CR ECMS-9024-CMRLTD202LCU100256-INDIAN METAL SCRAP-08281131002695,," 170,000.00",, 10/02/2026, 604120911669, FARIDABAD HARYANA
, RTGS Cr ECMS-UTIB0002437-CMRLTD151LCU101262-MAHAKAL ENTERPRISES-921020020261421,," 600,000.00",, 10/02/2026, UTIBR72026021000579365, FORT
, RTGS Cr ECMS-SBIN0030203-CMRGR1100LCU101333-OPTIMA METAL RECYCLERS-43024599494,," 1,382,488.00",, 10/02/2026, SBINR12026021016198274, FORT
, AUTO SWEEPOUT TO CMR GREEN TECHNOLOGI 57500000342857,," 7,571,535.81",, 10/02/2026,, FARIDABAD HARYANA
2/11/2026,Opening balance,"-8,296,049.24",,,,,
, RTGS Cr ECMS-CNRB0019260-CMRGR1100LCU101620-RITIK TRADING COMPAN-120017944599,," 750,000.00",, 11/02/2026, CNRBR52026021177212479, FORT
, SHIVAY ULTIMAT-1100B0226014684,,,"-2,823,128.42", 11/02/2026, HDFCH00798190947," NETBANK, MUMBAI"
, TIRUPATI TRADE-1100B0226014691,,,"-3,091,743.27", 11/02/2026, HDFCH00798189384," NETBANK, MUMBAI"
, RAPIDUE TECHNO-1100B0226014680,,,"-8,840,988.37", 11/02/2026, HDFCH00798190949," NETBANK, MUMBAI"
, Hind Carriers -1100B0226014548,,,"-3,853,288.00", 11/02/2026, 602093310224," NETBANK, MUMBAI"
, FT-HIZINC7795-Hindustan Zinc Ltd.,,,"-16,459,429.50", 11/02/2026, 602093318131," NETBANK, MUMBAI"
, WASTE TO ENERG-1100B0226014572,,,"-2,502,692.77", 11/02/2026, 602093310214," NETBANK, MUMBAI"
, WASTE TO ENERG-1100B0226014645,,,"-2,982,840.52", 11/02/2026, 602093331112," NETBANK, MUMBAI"
, AMAIRA METALS-1100B0226014648,,,"-4,303,883.78", 11/02/2026, 602093331121," NETBANK, MUMBAI"
, METALOR GREEN-1100B0226014576,,,"-7,033,318.41", 11/02/2026, HDFCH00798194815," NETBANK, MUMBAI"
, Jindal Impex-1100B0226014584,,,"-3,049,280.25", 11/02/2026, HDFCH00798193608," NETBANK, MUMBAI"
, MARWADI METALL-1100B0226014609,,,"-5,043,642.03", 11/02/2026, HDFCH00798196292," NETBANK, MUMBAI"
, SHARMA METAL-1100B0226014635,,,"-4,643,018.67", 11/02/2026, HDFCH00798196294," NETBANK, MUMBAI"
, RAVI METALS P-1100B0226014607,,,"-6,220,041.94", 11/02/2026, HDFCH00798193609," NETBANK, MUMBAI"
, FT Cr ECMS-CMRGR1100LCU100767-PEEYUSH METAL-50200073483622,," 3,068,000.00",, 11/02/2026, 1464106648, CBX Internet System Mumbai
, RTGS Cr ECMS-UTIB0001331-CMRLTD202LCU100754-M/S R.P. METAL MERCHANT-920030058906721,," 2,150,000.00",, 11/02/2026, UTIBR72026021100550271, FORT
, FT Cr ECMS-CMRLTD151LCU101461-SHREE JEE METALS-50200071755012,," 44,000.00",, 11/02/2026, NBKXPOCIBJ0SQF4J," NETBANK, MUMBAI"
, FT Cr ECMS-CMRLTD151LCU101434-AMIT ALLOYS COMPANY-99997635077350,," 161,000.00",, 11/02/2026, HDFC62F4569C31A7," NETBANK, MUMBAI"
, IMPS CR ECMS-9052-CMRGR1100LCU101769-AMAN ENTERPRISES-0667202500004701,," 43,000.00",, 11/02/2026, 604239149364, FARIDABAD HARYANA
, RTGS Cr ECMS-KKBK0000958-CMRGR1100LCU101249-WHITEROCK-9945250938,," 6,310,000.00",, 11/02/2026, KKBKR12026021100632384, FORT
, RTGS Cr ECMS-SBIN0050771-CMRGR1100LSU101802-SAI TRADING CO-44748773564,," 1,000,000.00",, 11/02/2026, SBINR12026021116232904, FORT
, IMPS CR ECMS-9002-CMRGR1100LSU101802-9999203430Ravi-00000044748773564,," 160,000.00",, 11/02/2026, 604212629002, FARIDABAD HARYANA
, FT Cr ECMS-CMRGR1100LCU101935-TS ENTERPRISES-50200092311919,," 625,000.00",, 11/02/2026, HDFCBA2A1CCF75FF," NETBANK, MUMBAI"
, RTGS Cr ECMS-CNRB0019260-CMRGR1100LCU101620-RITIK TRADING COMPANY-120017944599,," 1,600,000.00",, 11/02/2026, CNRBR52026021177231213, FORT
, Maersk Line In-1100B0226014783,,,"-501,393.80", 11/02/2026, HDFCH00798672482," NETBANK, MUMBAI"
, AISSA MARITIME-1100B0226014779,,,"-172,372.52", 11/02/2026, HDFCH00798671476," NETBANK, MUMBAI"
, ODEX INDIA SOL-1100B0226014784,,,"-2,078,814.26", 11/02/2026, HDFCH00798672500," NETBANK, MUMBAI"
, Maersk Line In-1100B0226014785,,,"-131,286.80", 11/02/2026, HDFCH00798671484," NETBANK, MUMBAI"
, Ocean Network -1100B0226014780,,,"-748,562.50", 11/02/2026, HDFCH00798670055," NETBANK, MUMBAI"
, Maersk Line In-1100B0226014786,,,"-131,286.80", 11/02/2026, HDFCH00798672536," NETBANK, MUMBAI"
, GOODRICH MARIT-1100B0226014795,,,"-170,032.80", 11/02/2026, HDFCH00798672537," NETBANK, MUMBAI"
, COMM ON LIQD OF IMP COLL BILL,,,-177, 11/02/2026, 612BC05260420001," KUNDLI, SONEPAT"
, INW 110226I049900026 USD71180.0@90.51,," 6,442,501.80",, 11/02/2026, 110226122140," NETBANK, MUMBAI"
, 110226I049900026 DPO2604279000729 IGST,,,"-1,969.65", 11/02/2026, 110226122157," NETBANK, MUMBAI"
, COMM ON LIQD OF IMP COLL BILL,,,(-177.00), 11/02/2026, 612BC05260420001," KUNDLI, SONEPAT"
, RTGS Cr-KKBK0000958-CMR Green Technologies Limited-CMR Green Technologies Limited-KKBKR52026021100299204,," 32,661,458.91",, 11/02/2026, KKBKR52026021100299204, FORT
, FT CR ECMS-CMRGR1100LCU101842-VISHNU VIHAN FUTURE WORLD-50200102162927,," 2,110,000.00",, 11/02/2026, 0000015," ROHINI SE 11,N DELHI"
, RTGS Cr-UTIB0001609-SHRIRAM PISTONS RINGS LIMITED-CMR GREEN TECHNOLOGIES LIMITED-UTIBR72026021100067544,," 14,313,089.10",, 11/02/2026, UTIBR72026021100067544, FORT
, COMM ON LIQD OF IMP COLL BILL,,,-177, 11/02/2026, 612BC05260420004," KUNDLI, SONEPAT"
, RTGS Cr-KKBK0000958-CMR GREEN TECHNOLOGIES LIMITED-CMR GREEN TECHNOLOGIES LIMITED-KKBKR52026021100315778,," 4,692,811.50",, 11/02/2026, KKBKR52026021100315778, FORT
, COMM ON LIQD OF IMP COLL BILL,,,-177, 11/02/2026, 612BC05260420005," KUNDLI, SONEPAT"
, LIQUIDATION OF IMP COLL BILL,,,"-4,516,961.89", 11/02/2026, 612BC05260380002," KUNDLI, SONEPAT"
, LIQUIDATION OF IMP COLL BILL,,,"-3,787,690.69", 11/02/2026, 612BC05260360003," KUNDLI, SONEPAT"
, NEFT Cr ECMS-CNRB0000378-CMRGR1100LCU101545-GOYAL METAL AND ALLOYS-125004451390,," 1,920,000.00",, 11/02/2026, CNRBH00110211102, FORT
, INW 110226I049907097 USD300.0@90.51,," 27,153.00",, 11/02/2026, 110226258600," NETBANK, MUMBAI"
, 110226I049907097 DPO2604279045549 IGST,,,-48.88, 11/02/2026, 110226258607," NETBANK, MUMBAI"
, RTGS Cr ECMS-UTIB0002437-CMRGR1100LCU101541-MEHAK TRADING CASTING WORKS-922020029366131,," 1,877,085.00",, 11/02/2026, UTIBR72026021100579199, FORT
, RTGS Cr-SBIN0004298-CMR TOYOTSU ALUMINIUM INDIA PVT LT-Century Metal Recycling Limited-SBINR12026021116342486,," 10,000,000.00",, 11/02/2026, SBINR12026021116342486, CMS TF WBO MUMBAI
2/12/2026,Opening balance,"-1,429,020.45",,,,,
, FT Cr ECMS-CMRGR1100LCU101902-PRATEEK TRADERS-01532320000994,," 932,600.00",, 12/02/2026, NB6DRBMH6CMAMDMI," NETBANK, MUMBAI"
, FT Cr ECMS-CMRGR1100LCU101661-MOURYA ENTERPRISES-50200068028400,," 571,569.00",, 12/02/2026, HDFC0D4B37B2CBB9," NETBANK, MUMBAI"
, NEFT Cr ECMS-CNRB0019251-CMRLTD152LCU101556-M S ENTERPRISES-92511400000402,," 545,000.00",, 12/02/2026, CNRBH00110266594, FORT
, RTGS Cr ECMS-KVBL0002101-CMRGR1100LCU100305-SARA METAL-4204280000000512,," 270,000.00",, 12/02/2026, KVBLR52026021263930693, FORT
, IMPS CR ECMS-9012-CMRGR1100LCU101696-KHUSHBUENTERPRISES-45590200000197,," 23,000.00",, 12/02/2026, 604309224658, FARIDABAD HARYANA
, FT Cr ECMS-CMRGR1100LCU101935-TS ENTERPRISES-50200092311919,," 8,000.00",, 12/02/2026, HDFC7DE2C5134061," NETBANK, MUMBAI"
, FT Cr ECMS-CMRLTD201LCU100820-MOHINI INDUSTRIES-50200033588193,," 1,534,003.00",, 12/02/2026, NBAW8FFLQNK4KOSF," NETBANK, MUMBAI"
, FT Cr ECMS-CMRGR1100LCU101661-MOURYA ENTERPRISES-50200068028400,," 37,441.00",, 12/02/2026, HDFCF758D1244D9D," NETBANK, MUMBAI"
, IMPS CR ECMS-9015-CMRGR1100LCU101552-RAM UGRAH-120000541410,," 400,000.00",, 12/02/2026, 604311483537, FARIDABAD HARYANA
, FT Cr ECMS-CMRGR1100LCU100221-NIYAZ MOHD TRADING AND CASTING-59209813362326,," 510,000.00",, 12/02/2026, NBOZV8Y6XQWCI9NJ," NETBANK, MUMBAI"
, FT Cr ECMS-CMRGR1100LCU100221-NIYAZ MOHD TRADING AND CASTING-59209813362326,," 670,000.00",, 12/02/2026, NBQPIYRINNWLXKJM," NETBANK, MUMBAI"
, 76142624CCEETTDEL2STAMP,,,-16, 12/02/2026,, SANDOZ - MUMBAI
, 76142658CCEETTDEL2STAMP,,,-16, 12/02/2026,, SANDOZ - MUMBAI
, 76142687CCEETTDEL2STAMP,,,-4, 12/02/2026,, SANDOZ - MUMBAI
, 76142719CCEETTDEL2STAMP,,,-10, 12/02/2026,, SANDOZ - MUMBAI
, 76142755CCEETTDEL2STAMP,,,-30, 12/02/2026,, SANDOZ - MUMBAI
, 76142793CCEETTDEL2STAMP,,,-12, 12/02/2026,, SANDOZ - MUMBAI
, 76142819CCEETTDEL2STAMP,,,-39, 12/02/2026,, SANDOZ - MUMBAI
, 76142879CCEETTDEL2STAMP,,,-29, 12/02/2026,, SANDOZ - MUMBAI
, 76142954CCEETTDEL2STAMP,,,-46, 12/02/2026,, SANDOZ - MUMBAI
, K.P.S AND CO-1100B0226014813,,,"-110,352.33", 12/02/2026, HDFCH00801178739," NETBANK, MUMBAI"
, AISSA MARITIME-1100B0226014809,,,"-2,971.94", 12/02/2026, HDFCH00801176408," NETBANK, MUMBAI"
, ODEX INDIA SOL-1100B0226014823,,,"-413,129.80", 12/02/2026, HDFCH00801175417," NETBANK, MUMBAI"
, RTGS Cr ECMS-ICIC0000011-CMRGR1100LCU101832-MANOJ TRADING CO.-235451000006,," 7,293,816.00",, 12/02/2026, ICICR42026021200532163, FORT
, NEFT Cr ECMS-IOBA0001450-CMRGR1100LCU100984-VINAYAK INDUSTRIES-145002000001334,," 1,741,000.00",, 12/02/2026, IOBAN26043680768, FORT
, RTGS Cr ECMS-ICIC0000011-CMRGR1100LCU101579-SHIVAANYA METAL ALLOYS-032705008599,," 3,068,000.00",, 12/02/2026, ICICR42026021200541434, FORT
, 12540310000177-177,,,"-57,800,000.00", 12/02/2026, 602127508813," NETBANK, MUMBAI"
, Lotus Integrat-1100B0226014863,,,"-1,260,952.40", 12/02/2026, 602127479158," NETBANK, MUMBAI"
, ABHYANSH SHIPP-1100B0226014835,,,"-17,357.00", 12/02/2026, 602127432225," NETBANK, MUMBAI"
, KOSMIK CARGO I-1100B0226014862,,,"-65,332.78", 12/02/2026, HDFCH00801621757," NETBANK, MUMBAI"
, LAVANYASEAIR C-1100B0226014836,,,"-379,940.00", 12/02/2026, HDFCH00801620447," NETBANK, MUMBAI"
, STREAMLINE LOG-1100B0226014861,,,"-24,200.00", 12/02/2026, HDFCH00801621766," NETBANK, MUMBAI"
, AISSA MARITIME-1100B0226014872,,,"-30,000.00", 12/02/2026, HDFCH00801621773," NETBANK, MUMBAI"
, ABHYANSH SHIPP-1100B0226014865,,,"-1,482,991.22", 12/02/2026, HDFCH00801621779," NETBANK, MUMBAI"
, MSC MEDITERRAN-1100B0226014828,,,"-14,160.00", 12/02/2026, HDFCH00801620455," NETBANK, MUMBAI"
, STREAM LINE LO-1100B0226014864,,,"-8,376.40", 12/02/2026, HDFCH00801621837," NETBANK, MUMBAI"
, ABHYANSH SHIPP-1100B0226014860,,,"-244,860.00", 12/02/2026, HDFCH00801620456," NETBANK, MUMBAI"
, RTGS Cr ECMS-UBIN0535443-CMRGR1100LSU105359-MOURYA ENTERPRISES-354401010036892,," 858,096.00",, 12/02/2026, UBINR22026021201896172, FORT
, GATEWAY DISTRI-1100B0226014849,,,"-540,444.00", 12/02/2026, HDFCH00801792935," NETBANK, MUMBAI"
, POKAR PETROLEU-1100B0226014817,,,"-535,080.00", 12/02/2026, HDFCH00801786653," NETBANK, MUMBAI"
, TRAVENTURE INT-1100B0226014832,,,"-373,860.00", 12/02/2026, HDFCH00801799051," NETBANK, MUMBAI"
, RTGS Cr-SCBL0036001-SUNBEAM LIGHTWEIGHTING SOLUTIONS PR-CMR GREEN TECHNOLOGIES LIMITED-SCBLR12026021200816023,," 36,883,428.02",, 12/02/2026, SCBLR12026021200816023, FORT
, ADA INFOCOM-1100B0226014825,,,"-92,040.00", 12/02/2026, 602127339818," NETBANK, MUMBAI"
, SCOPE OVERSEAS-1100B0226014859,,,"-2,482,802.98", 12/02/2026, 602127468988," NETBANK, MUMBAI"
, Inspectorate G-1100B0226014826,,,"-68,040.00", 12/02/2026, 602127343920," NETBANK, MUMBAI"
, Balvinder Kuma-1100B0226014850,,,"-90,000.00", 12/02/2026, 602127468249," NETBANK, MUMBAI"
, RASHMI VERMA-1100B0226014853,,,"-90,000.00", 12/02/2026, 602127468255," NETBANK, MUMBAI"
, SHREE BALAJI C-1100B0226014818,,,"-1,731,564.56", 12/02/2026, 602127282510," NETBANK, MUMBAI"
, Hemant Kumar V-1100B0226014827,,,"-21,504.00", 12/02/2026, HDFCH00801978722," NETBANK, MUMBAI"
, JK CIVIL CONST-1100B0226014819,,,"-2,383,615.19", 12/02/2026, HDFCH00801978723," NETBANK, MUMBAI"
, MAKE MY TRIP -1100B0226014852,,,"-6,866.84", 12/02/2026, HDFCH00801975882," NETBANK, MUMBAI"
, TRANSACTION SQ-1100B0226014854,,,"-43,848.00", 12/02/2026, HDFCH00801979716," NETBANK, MUMBAI"
, SERVICECOM TEC-1100B0226014824,,,"-255,460.00", 12/02/2026, HDFCH00801977040," NETBANK, MUMBAI"
, JASAWAT INDUST-1100B0226014816,,,"-109,400.00", 12/02/2026, HDFCH00801977800," NETBANK, MUMBAI"
, CHANDRA WADHWA-1100B0226014848,,,"-140,381.69", 12/02/2026, HDFCH00801978750," NETBANK, MUMBAI"
, Gyan Mohan-1100B0226014851,,,"-90,000.00", 12/02/2026, HDFCH00801977805," NETBANK, MUMBAI"
, SHIVAY ULTIMAT-1100B0226014857,,,"-1,160,539.93", 12/02/2026, HDFCH00801977807," NETBANK, MUMBAI"
, GIRISH PAMAN V-1100B0226014855,,,"-90,000.00", 12/02/2026, HDFCH00801979723," NETBANK, MUMBAI"
, RTGS Cr-UTIB0000176-APJ INVESTMENTS PRIVATE LIMITED UNI-CMR Green Technologies Limited-UTIBR72026021200426858,," 1,576,449.00",, 12/02/2026, UTIBR72026021200426858, FORT
, FT Cr ECMS-CMRGR1100LCU101964-SHREE RADHA ENTERPRISE-50200066931940,," 2,180,994.00",, 12/02/2026, NBLLQPZ9DMOR3Z2M," NETBANK, MUMBAI"
, NEFT Cr ECMS-CNRB0000378-CMRGR1100LCU101545-GOYAL METAL AND ALLOYS-125004451390,," 1,900,000.00",, 12/02/2026, CNRBH00110473017, FORT
, 76142719 CUSTOMER BOOKING COMMISSION,,,-500, 12/02/2026,, SANDOZ - MUMBAI
, IGST-ServiceCharge-STAX Upload-NCB2604378973183,,,-90, 12/02/2026, NCB2604378973183, SANDOZ - MUMBAI
, 76142879 CUSTOMER BOOKING COMMISSION,,,-500, 12/02/2026,, SANDOZ - MUMBAI
, IGST-ServiceCharge-STAX Upload-NCB2604378973207,,,-90, 12/02/2026, NCB2604378973207, SANDOZ - MUMBAI
, 76142658 CUSTOMER BOOKING COMMISSION,,,-500, 12/02/2026,, SANDOZ - MUMBAI
, 76142624 CUSTOMER BOOKING COMMISSION,,,-500, 12/02/2026,, SANDOZ - MUMBAI
, IGST-ServiceCharge-STAX Upload-NCB2604378973213,,,-90, 12/02/2026, NCB2604378973213, SANDOZ - MUMBAI
, 76142687 CUSTOMER BOOKING COMMISSION,,,-500, 12/02/2026,, SANDOZ - MUMBAI
, IGST-ServiceCharge-STAX Upload-NCB2604378973233,,,-90, 12/02/2026, NCB2604378973233, SANDOZ - MUMBAI
, 76142819 CUSTOMER BOOKING COMMISSION,,,-500, 12/02/2026,, SANDOZ - MUMBAI
, IGST-ServiceCharge-STAX Upload-NCB2604378973247,,,-90, 12/02/2026, NCB2604378973247, SANDOZ - MUMBAI
, IGST-ServiceCharge-STAX Upload-NCB2604378973255,,,-90, 12/02/2026, NCB2604378973255, SANDOZ - MUMBAI
, 76142793 CUSTOMER BOOKING COMMISSION,,,-500, 12/02/2026,, SANDOZ - MUMBAI
, IGST-ServiceCharge-STAX Upload-NCB2604378973271,,,-90, 12/02/2026, NCB2604378973271, SANDOZ - MUMBAI
, 76142954 CUSTOMER BOOKING COMMISSION,,,-500, 12/02/2026,, SANDOZ - MUMBAI
, IGST-ServiceCharge-STAX Upload-NCB2604378973281,,,-90, 12/02/2026, NCB2604378973281, SANDOZ - MUMBAI
, 76142755 CUSTOMER BOOKING COMMISSION,,,-500, 12/02/2026,, SANDOZ - MUMBAI
, IGST-ServiceCharge-STAX Upload-NCB2604378973293,,,-90, 12/02/2026, NCB2604378973293, SANDOZ - MUMBAI
, IMPS CR ECMS-9019-CMRLTD151LCU101408-SHRI SALASAR METALS-7605986608,," 73,892.00",, 12/02/2026, 604319005742, FARIDABAD HARYANA
, RTGS Cr ECMS-CNRB0019260-CMRGR1100LCU101620-RITIK TRADING COMPAN-120017944599,," 650,000.00",, 12/02/2026, CNRBR52026021277394518, FORT
, RTGS Cr ECMS-UTIB0002437-CMRLTD151LCU101262-MAHAKAL ENTERPRISES-921020020261421,," 600,000.00",, 12/02/2026, UTIBR72026021200578904, FORT
, 57500000540028-40028,,,"-30,000,000.00", 12/02/2026, 602128295672," NETBANK, MUMBAI"
, RTGS Cr ECMS-KKBK0000958-CMRLTD151LCU101407-GLOBAL METAL RECYCLERS-1145328738,," 590,000.00",, 12/02/2026, KKBKR52026021200634079, FORT
, AUTO SWEEPOUT TO CMR GREEN TECHNOLOGI 57500000342857,," 34,373,559.62",, 12/02/2026,, FARIDABAD HARYANA
, AUTO SWEEPOUT TO CMR GREEN TECHNOLOGI 12540310000177,," 1,450,904.79",, 12/02/2026,, SRIPERAMBUDUR
2/13/2026,Opening balance,"-4,852,851.08",,,,,
, IMPS CR ECMS-9015-CMRGR1100LCU101552-RAM UGRAH-125004619169,," 195,000.00",, 13/02/2026, 604400680092, FARIDABAD HARYANA
, FT602128296517-CMR TOYOTSU ALUMINIUM INDIA PL FT-00930310001264,," 40,000,000.00",, 13/02/2026, 602128296517," NETBANK, MUMBAI"
, RTGS Cr ECMS-ICIC0000011-CMRLTD201LCU100490-M K TRADERS CASTING-661305500712,," 600,000.00",, 13/02/2026, ICICR42026021300502172, FORT
, IMPS CR ECMS-9052-CMRGR1100LCU101769-AMAN ENTERPRISES-0667202500004701,," 46,000.00",, 13/02/2026, 604439585570, FARIDABAD HARYANA
, IMPS CR ECMS-9229-CMRLTD201LCU100490-M K TRADERS & CASTIN-661305500712,," 10,000.00",, 13/02/2026, 604410806568, FARIDABAD HARYANA
, RTGS Cr ECMS-UBIN0535443-CMRGR1100LSU105359-MOURYA ENTERPRISES-354401010036892,," 859,000.00",, 13/02/2026, UBINR22026021301926818, FORT
, FT-HIZINC7795-Hindustan Zinc Ltd.,,,"-16,164,561.60", 13/02/2026, 602127455294," NETBANK, MUMBAI"
, METALOR GREEN-1100B0226014833,,,"-3,372,687.09", 13/02/2026, HDFCH00803084661," NETBANK, MUMBAI"
, METALOR GREEN-1100B0226014834,,,"-3,030,108.41", 13/02/2026, HDFCH00803086859," NETBANK, MUMBAI"
, ATIF TRADING C-1100B0226014858,,,"-4,823,807.70", 13/02/2026, HDFCH00803087802," NETBANK, MUMBAI"
, METALOR GREEN-1100B0226014844,,,"-4,526,239.22", 13/02/2026, HDFCH00803086055," NETBANK, MUMBAI"
, METALOR GREEN-1100B0226014840,,,"-4,740,391.68", 13/02/2026, HDFCH00803086061," NETBANK, MUMBAI"
, RAPIDUE TECHNO-1100B0226014856,,,"-7,203,247.95", 13/02/2026, HDFCH00803086870," NETBANK, MUMBAI"
, METALOR GREEN-1100B0226014837,,,"-4,562,536.25", 13/02/2026, HDFCH00803087810," NETBANK, MUMBAI"
, SCOPE OVERSEAS-1100B0226014879,,,"-2,530,597.32", 13/02/2026, 602127994753," NETBANK, MUMBAI"
, PEE GEE TRADIN-1100B0226014885,,,"-4,774,723.80", 13/02/2026, 602128015243," NETBANK, MUMBAI"
, AMAIRA METALS-1100B0226014889,,,"-4,404,476.76", 13/02/2026, 602128015251," NETBANK, MUMBAI"
, MARWADI METALL-1100B0226014882,,,"-18,700,811.13", 13/02/2026, HDFCH00803092874," NETBANK, MUMBAI"
, AUTO RECYCLING-1100B0226014891,,,"-12,821,625.00", 13/02/2026, HDFCH00803092875," NETBANK, MUMBAI"
, SHARMA METAL-1100B0226014886,,,"-9,658,630.07", 13/02/2026, HDFCH00803091309," NETBANK, MUMBAI"
, BHAGWATI ENTER-1100B0226014890,,,"-4,453,117.94", 13/02/2026, HDFCH00803092726," NETBANK, MUMBAI"
, RTGS Cr ECMS-KKBK0000958-CMRGR1100LCU101869-JMD METALS RECYCLER-7291010273,," 5,000,000.00",, 13/02/2026, KKBKR52026021300675474, FORT
, LOCAL BILL LIQUIDATED,,,"-107,014,963.36", 13/02/2026, 612SB04260160001," KUNDLI, SONEPAT"
, IMPS CR ECMS-7217-CMRGR1100LCU101748-N F METALS RECYCLING-053126900000091,," 91,000.00",, 13/02/2026, 604456678050, FARIDABAD HARYANA
, WASTE TO ENERG-1100B0226014888,,,"-1,717,125.08", 13/02/2026, 602128015249," NETBANK, MUMBAI"
, PARAS PETROPLA-1100B0226014887,,,"-1,034,276.28", 13/02/2026, HDFCH00803199481," NETBANK, MUMBAI"
, COMM ON LIQD OF IMP COLL BILL,,,-177, 13/02/2026, 612BC05260440001," KUNDLI, SONEPAT"
, RTGS Cr ECMS-CNRB0019260-CMRGR1100LCU101620-RITIK TRADING COMPANY-120017944599,," 500,000.00",, 13/02/2026, CNRBR52026021377429945, FORT
, RTGS Cr ECMS-CNRB0019260-CMRGR1100LCU101620-RITIK TRADING COMPAN-120017944599,," 750,000.00",, 13/02/2026, CNRBR52026021377441942, FORT
, FERVENT GLOBAL-1100B0226014883,,,"-2,453,667.55", 13/02/2026, HDFCH00803439299," NETBANK, MUMBAI"
, ENVIROZONE INS-1100B0226014880,,,"-492,680.00", 13/02/2026, HDFCH00803439301," NETBANK, MUMBAI"
, RAVI METALS P-1100B0226014881,,,"-2,381,543.12", 13/02/2026, HDFCH00803437215," NETBANK, MUMBAI"
, JHALANI EXTRUS-1100B0226014884,,,"-1,693,209.44", 13/02/2026, HDFCH00803439339," NETBANK, MUMBAI"
, FT Cr ECMS-CMRLTD201LCU100820-MOHINI INDUSTRIES-50200033588193,," 1,534,000.00",, 13/02/2026, NBLD55PPRPAQZZZC," NETBANK, MUMBAI"
, COMM ON LIQD OF IMP COLL BILL,,,-177, 13/02/2026, 612BC05260440003," KUNDLI, SONEPAT"
, RTGS Cr ECMS-ICIC0000011-CMRGR1100LCU101435-MOHAN SHYAM METALS UDYOG-102505005230,," 1,549,340.00",, 13/02/2026, ICICR42026021300545193, FORT
, 08626105565817-ESIFUND,,,"-2,515.00", 13/02/2026, 602138645352," NETBANK, MUMBAI"
, CHCE3J01BQDCE4-EPFOBD,,,"-3,337,407.00", 13/02/2026, 602138594669," NETBANK, MUMBAI"
, CHCESDM1BQETT1-EPFOBD,,,"-80,908.00", 13/02/2026, 602138637622," NETBANK, MUMBAI"
, 06726105671229-ESIFUND,,,"-41,627.00", 13/02/2026, 602138571045," NETBANK, MUMBAI"
, RTGS Cr ECMS-KKBK0000958-CMRGR1100LCU101869-JMD METALS RECYCLER-7291010273,," 1,500,000.00",, 13/02/2026, KKBKR52026021300767301, FORT
, RTGS Cr ECMS-UTIB0001602-CMRLTD201LCU100885-BALAJI METAL-919020028918184,," 2,000,000.00",, 13/02/2026, UTIBR72026021300576289, FORT
, CHCEJ2W1BQEC1N-EPFOBD,,,"-283,311.00", 13/02/2026, 602138610359," NETBANK, MUMBAI"
, 06126106081319-ESIFUND,,,"-101,007.00", 13/02/2026, 602138578127," NETBANK, MUMBAI"
, 06126105688311-ESIFUND,,,"-10,420.00", 13/02/2026, 602138648204," NETBANK, MUMBAI"
, CHCED8I1BQG0W8-EPFOBD,,,"-166,755.00", 13/02/2026, 602138657768," NETBANK, MUMBAI"
, 06926106162373-ESIFUND,,,"-9,368.00", 13/02/2026, 602138712277," NETBANK, MUMBAI"
, 01326105851657-ESIFUND,,,"-56,053.00", 13/02/2026, 602138775664," NETBANK, MUMBAI"
, CHCEODJ1BQVZOI-EPFOBD,,,-249, 13/02/2026, 602138774200," NETBANK, MUMBAI"
, CHCE4G61BQILNP-EPFOBD,,,"-163,102.00", 13/02/2026, 602138696827," NETBANK, MUMBAI"
, 06126106003122-ESIFUND,,,"-94,446.00", 13/02/2026, 602138831966," NETBANK, MUMBAI"
, 03826105627217-ESIFUND,,,"-32,923.00", 13/02/2026, 602138821083," NETBANK, MUMBAI"
, 02026106480823-ESIFUND,,,"-8,042.00", 13/02/2026, 602138818173," NETBANK, MUMBAI"
, NEFT Cr ECMS-IOBA0001450-CMRGR1100LCU100984-VINAYAK INDUSTRIES-145002000001334,," 1,990,000.00",, 13/02/2026, IOBAN26044082542, FORT
, RTGS Cr ECMS-YESB0000001-CMRGR1100LCU101888-MOREY TRADERS-053161900012080,," 905,768.00",, 13/02/2026, YESBR12026021300038935, FORT
, CHCEV0S1BQUSAA-CBICICEGATE,,,"-181,325.00", 13/02/2026, 602138762713," NETBANK, MUMBAI"
, 01326105602279-ESIFUND,,,"-2,579.00", 13/02/2026, 602139366384," NETBANK, MUMBAI"
, 01326105600187-ESIFUND,,,"-20,337.00", 13/02/2026, 602139369110," NETBANK, MUMBAI"
, 01326105614520-ESIFUND,,,"-105,827.00", 13/02/2026, 602138778483," NETBANK, MUMBAI"
, 01326105844020-ESIFUND,,,"-200,995.00", 13/02/2026, 602138784483," NETBANK, MUMBAI"
, 01326105737706-ESIFUND,,,"-179,649.00", 13/02/2026, 602138786554," NETBANK, MUMBAI"
, 01326105627029-ESIFUND,,,"-78,331.00", 13/02/2026, 602138782328," NETBANK, MUMBAI"
, RTGS Cr-SBIN0004298-CMR NIKKEI INDIA PVT LTD-Century Metal Recycling Limited-SBINR12026021316609832,," 10,000,000.00",, 13/02/2026, SBINR12026021316609832, CMS TF WBO MUMBAI
, RTGS Cr-SBIN0004298-CMR NIKKEI INDIA PVT LTD-Century Metal Recycling Limited-SBINR12026021316609850,," 10,000,000.00",, 13/02/2026, SBINR12026021316609850, CMS TF WBO MUMBAI
, RTGS Cr-SBIN0004298-CMR NIKKEI INDIA PVT LTD-Century Metal Recycling Limited-SBINR12026021316609732,," 10,000,000.00",, 13/02/2026, SBINR12026021316609732, CMS TF WBO MUMBAI
, RTGS Cr-SBIN0004298-CMR NIKKEI INDIA PVT LTD-Century Metal Recycling Limited-SBINR12026021316609851,," 10,000,000.00",, 13/02/2026, SBINR12026021316609851, CMS TF WBO MUMBAI
, RTGS Cr-SBIN0004298-CMR NIKKEI INDIA PVT LTD-Century Metal Recycling Limited-SBINR12026021316609833,," 10,000,000.00",, 13/02/2026, SBINR12026021316609833, CMS TF WBO MUMBAI
, RTGS Cr-SBIN0004298-CMR NIKKEI INDIA PVT LTD-Century Metal Recycling Limited-SBINR12026021316609877,," 10,000,000.00",, 13/02/2026, SBINR12026021316609877, CMS TF WBO MUMBAI
, RTGS Cr-SBIN0004298-CMR NIKKEI INDIA PVT LTD-Century Metal Recycling Limited-SBINR12026021316609733,," 10,000,000.00",, 13/02/2026, SBINR12026021316609733, CMS TF WBO MUMBAI
, RTGS Cr-SBIN0004298-CMR NIKKEI INDIA PVT LTD-Century Metal Recycling Limited-SBINR12026021316609931,," 10,000,000.00",, 13/02/2026, SBINR12026021316609931, CMS TF WBO MUMBAI
, RTGS Cr-SBIN0004298-CMR NIKKEI INDIA PVT LTD-Century Metal Recycling Limited-SBINR12026021316609932,," 10,000,000.00",, 13/02/2026, SBINR12026021316609932, CMS TF WBO MUMBAI
, NEFT Cr ECMS-IDFB0021314-cmrgr1100lcu101943-M.R. TRADING CO.-89650005280,," 597,100.00",, 13/02/2026, IDFB604465177145, FORT
, RTGS Cr-KKBK0000958-CMR GREEN TECHNOLOGIES LIMITED-CMR GREEN TECHNOLOGIES LIMITED-KKBKR52026021300476173,," 2,746,578.60",, 13/02/2026, KKBKR52026021300476173, FORT
, NEFT Cr ECMS-IDFB0021314-cmrgr1100lcu101943-M.R. TRADING CO.-89650005280,," 1,950,000.00",, 13/02/2026, IDFB604465177560, FORT
, NEFT Cr ECMS-BKID0000200-CMRGR1100LCU101880-AKHILESH FABRICATOR-673520110000226,," 597,100.00",, 13/02/2026, BKIDP26044415728, FORT
, NEFT Cr ECMS-KKBK0000958-CMRGR1100LCU101835-SS METALS ENTERPRISES-5949440252,," 3,293,000.00",, 13/02/2026, KKBKH26044842628, FORT
, RTGS Cr ECMS-UTIB0002437-CMRGR1100LCU101541-MEHAK TRADING CASTING WORKS-922020029366131,," 1,877,085.00",, 13/02/2026, UTIBR72026021300579821, FORT
, AUTO SWEEPOUT TO CMR GREEN TECHNOLOGI 57500000342857,," 9,259.12",, 13/02/2026,, FARIDABAD HARYANA
2/14/2026,Opening balance,"-73,965,177.11",,,,,
, IMPS CR ECMS-9015-CMRGR1100LCU101620-RITIK TRADING COMPAN-120017944599,," 400,000.00",, 14/02/2026, 604507961794, FARIDABAD HARYANA
, IMPS CR ECMS-9211-CMRLTD201LCU100885-BALAJIMETAL-919020028918184,," 307,500.00",, 14/02/2026, 604586123012, FARIDABAD HARYANA
, RTGS Cr ECMS-ICIC0000011-CMRLTD201LCU100931-SAVITA INDUSTRIES-140105001924,," 610,000.00",, 14/02/2026, ICICR42026021400501417, FORT
, RTGS Cr ECMS-UTIB0000637-CMRLTD201LCU100941-INDIA METAL CASTING-925030035784354,," 3,217,860.00",, 14/02/2026, UTIBR62026021456762681, FORT
, NEFT Cr ECMS-CNRB0019251-CMRLTD151LCU101556-M S ENTERPRISES-92511400000402,," 900,000.00",, 14/02/2026, CNRBH00110834383, FORT
, IMPS CR ECMS-9052-CMRGR1100LCU101769-AMAN ENTERPRISES-0667202500004701,," 39,000.00",, 14/02/2026, 604539817593, FARIDABAD HARYANA
, IMPS CR ECMS-9751-cmrgr1100lcu101943-MR TRADING CO-89650005280,," 400,000.00",, 14/02/2026, 604510207606, FARIDABAD HARYANA
, RTGS Cr ECMS-KKBK0000958-CMRGR1100LCU101869-JMD METALS RECYCLER-7291010273,," 2,100,000.00",, 14/02/2026, KKBKR52026021400885922, FORT
, IMPS CR ECMS-9751-cmrgr1100lcu101943-MR TRADING CO-89650005280,," 195,000.00",, 14/02/2026, 604513413160, FARIDABAD HARYANA
, FT Cr ECMS-CMRGR1100LCU101700-K Z AUTOMOBILES-50200063710717,, 100.00,, 14/02/2026, HDFCE72D91D7BA90," NETBANK, MUMBAI"
, IMPS CR ECMS-9485-CMRGR1100LCU101869-JMD METALS RECYCLER-7291010273,," 29,000.00",, 14/02/2026, 604514141100, FARIDABAD HARYANA
, IMPS CR ECMS-7217-CMRGR1100LCU101748-N F METALS RECYCLING-053126900000091,," 17,500.00",, 14/02/2026, 604557473944, FARIDABAD HARYANA
, CHCE9YM1BUHA0J-EPFOBD,,,"-30,709.00", 14/02/2026, 602149740698," NETBANK, MUMBAI"
, CHCE1MQ1BUI54R-EPFOBD,,,"-37,852.00", 14/02/2026, 602149743902," NETBANK, MUMBAI"
, CHCEPT01BUGB6Y-EPFOBD,,,"-22,242.00", 14/02/2026, 602149739255," NETBANK, MUMBAI"
, 03826106574860-ESIFUND,,,"-8,658.00", 14/02/2026, 602149745580," NETBANK, MUMBAI"
, RTGS Cr-SBIN0004298-M s Century Metal Recycling Private-Century Metal Rceycling Pvt Ltd-SBINR12026021416660597,," 10,000,000.00",, 14/02/2026, SBINR12026021416660597, CMS TF WBO MUMBAI
, RTGS Cr-SBIN0004298-M s Century Metal Recycling Private-Century Metal Rceycling Pvt Ltd-SBINR12026021416660596,," 10,000,000.00",, 14/02/2026, SBINR12026021416660596, CMS TF WBO MUMBAI
, RTGS Cr-SBIN0004298-M s Century Metal Recycling Private-Century Metal Rceycling Pvt Ltd-SBINR12026021416660571,," 10,000,000.00",, 14/02/2026, SBINR12026021416660571, CMS TF WBO MUMBAI
, RTGS Cr-SBIN0004298-M s Century Metal Recycling Private-Century Metal Rceycling Pvt Ltd-SBINR12026021416660533,," 10,000,000.00",, 14/02/2026, SBINR12026021416660533, CMS TF WBO MUMBAI
, RTGS Cr-SBIN0004298-M s Century Metal Recycling Private-Century Metal Rceycling Pvt Ltd-SBINR12026021416660495,," 10,000,000.00",, 14/02/2026, SBINR12026021416660495, CMS TF WBO MUMBAI
, CHCEM881BVCHIK-CBICICEGATE,,,"-3,973,835.00", 14/02/2026, 602149859253," NETBANK, MUMBAI"
, CHCEH631BU2EL6-CBICICEGATE,,,"-5,008,199.00", 14/02/2026, 602149718770," NETBANK, MUMBAI"
, CHCE8XV1BU1UXJ-CBICICEGATE,,,"-5,012,588.00", 14/02/2026, 602149718115," NETBANK, MUMBAI"
, CHCEE9Y1BU0XNB-CBICICEGATE,,,"-1,743,228.00", 14/02/2026, 602149717538," NETBANK, MUMBAI"
, CHCECST1BU0Q7A-CBICICEGATE,,,"-7,427,535.00", 14/02/2026, 602149716857," NETBANK, MUMBAI"
, CHCEUQO1BVE33V-CBICICEGATE,,,"-862,673.00", 14/02/2026, 602149867992," NETBANK, MUMBAI"
, CHCEGNF1BVDYE3-CBICICEGATE,,,"-8,417,148.00", 14/02/2026, 602149867389," NETBANK, MUMBAI"
, CHCENQU1BVDIH9-CBICICEGATE,,,"-16,742,408.00", 14/02/2026, 602149864920," NETBANK, MUMBAI"
, CHCEWOU1BVD0L2-CBICICEGATE,,,"-23,833,809.00", 14/02/2026, 602149861942," NETBANK, MUMBAI"
, CHCEJ8P1BVDQW3-CBICICEGATE,,,"-13,405,643.00", 14/02/2026, 602149866497," NETBANK, MUMBAI"
, CHCE1TA1BVCRSR-CBICICEGATE,,,"-23,111,543.00", 14/02/2026, 602149860599," NETBANK, MUMBAI"
, CHCEPHA1BVD7JV-CBICICEGATE,,,"-14,935,646.00", 14/02/2026, 602149863576," NETBANK, MUMBAI"
, NEFT Cr ECMS-CNRB0019260-CMRGR1100LCU101620-RITIK TRADING COMPANY-120017944599,," 350,000.00",, 14/02/2026, CNRBH00110937565, FORT
, RTGS Cr-SBIN0004298-CMR NIKKEI INDIA PVT LTD-Century Metal Recycling Limited-SBINR12026021416673784,," 10,000,000.00",, 14/02/2026, SBINR12026021416673784, CMS TF WBO MUMBAI
, RTGS Cr-SBIN0004298-CMR NIKKEI INDIA PVT LTD-Century Metal Recycling Limited-SBINR12026021416673715,," 10,000,000.00",, 14/02/2026, SBINR12026021416673715, CMS TF WBO MUMBAI
2/14/2026,Closing balance,"-119,972,933.11",,,,,
2/15/2026,Opening balance,"-119,972,933.11",,,,,
, RTGS Cr ECMS-UTIB0002437-CMRLTD151LCU101262-MAHAKAL ENTERPRISES-921020020261421,," 600,000.00",, 15/02/2026, UTIBR72026021500571410, FORT
, RTGS Cr ECMS-ICIC0000011-CMRGR1100LCU101901-SHREE KRISHANA RECYCLING INDIA-125705001461,," 3,092,721.00",, 15/02/2026, ICICR42026021500505580, FORT
, RTGS Cr ECMS-CNRB0019260-CMRGR1100LCU101620-RITIK TRADING COMPAN-120017944599,," 750,000.00",, 15/02/2026, CNRBR52026021577551483, FORT
, FT Cr ECMS-CMRLTD151LCU101461-SHREE JEE METALS-50200071755012,," 850,000.00",, 15/02/2026, NBRXQHHHDHGF1NKL," NETBANK, MUMBAI"
, IMPS CR ECMS-9211-CMRLTD151LCU101262-MAHAKALENTERPRISES-921020020261421,," 2,000.00",, 15/02/2026, 604690628469, FARIDABAD HARYANA
2/16/2026,Opening balance,"-114,678,212.11",,,,,
, RTGS Cr ECMS-SBIN0050771-CMRGR1100LSU101802-SAI TRADING CO-44748773564,," 1,000,000.00",, 16/02/2026, SBINR12026021616693492, FORT
, IMPS CR ECMS-9002-CMRGR1100LSU101802-9999203430Ravi-00000044748773564,," 155,000.00",, 16/02/2026, 604707534629, FARIDABAD HARYANA
, FT Cr ECMS-CMRGR1100LCU100335-REHAN TRADERS-50200087498200,," 375,500.00",, 16/02/2026, HDFCDA4CDD6A75CD," NETBANK, MUMBAI"
, RTGS Cr ECMS-KVBL0002101-CMRGR1100LCU100305-SARA METAL-4204280000000512,," 270,000.00",, 16/02/2026, KVBLR52026021663993961, FORT
, FT Cr ECMS-CMRGR1100LCU101902-PRATEEK TRADERS-01532320000994,," 751,000.00",, 16/02/2026, NBFAQPEWDHQCAX4N," NETBANK, MUMBAI"
, FT CR ECMS-CMRGR1100LCU101700-K Z AUTOMOBILES-50200063710717,," 148,875.00",, 16/02/2026, 000224, KHARGHAR SECTOR 35E
, RTGS Cr ECMS-CNRB0019260-CMRGR1100LCU101620-RITIK TRADING COMPAN-120017944599,," 650,000.00",, 16/02/2026, CNRBR52026021677576216, FORT
, IMPS CR ECMS-9211-CMRGR1100LCU101110-OMNAMOMETAL-922020066935237,," 286,000.00",, 16/02/2026, 604792960076, FARIDABAD HARYANA
, Chq Paid-CTS S3-RK S-TATAAIG GIC LTD,,,"-1,357,000.00", 16/02/2026, 000000003015, RK SALAI BRANCH
, NEFT Cr-MAHB0000365-PICK N MOVE METALS PRIVATE LIMITED-CMR GREEN TECHNOLOGIES LIMITED-MAHBH00641981400,," 50,000.00",, 16/02/2026, MAHBH00641981400, FORT
, RTGS Cr ECMS-INDB0000098-CMRGR1100LCU101587-RITIKA TRADING COMPANY-259716215100,," 900,000.00",, 16/02/2026, INDBR32026021600387167, FORT
, COMM ON LIQD OF IMP COLL BILL,,,-177, 16/02/2026, 612BC05260470006," KUNDLI, SONEPAT"
, RTGS Cr ECMS-YESB0000001-CMRGR1100LCU101972-SUN SHINE ENTERPRISES-048761900000594,," 299,000.00",, 16/02/2026, YESBR12026021600033058, FORT
, IMPS CR ECMS-9015-CMRGR1100LCU101946-GAURAV-125008988047,," 5,000.00",, 16/02/2026, 604714507296, FARIDABAD HARYANA
, RTGS Cr ECMS-UJVN0002204-CMRGR1100LCU101893-PRIME METALLURGICAL ENTERPRISE-2204230110000001,," 266,400.00",, 16/02/2026, UJVNR92026021600262832, FORT
, COMM ON LIQD OF IMP COLL BILL,,,-177, 16/02/2026, 612BC05260470007," KUNDLI, SONEPAT"
, VASHISTA LOGIS-1100B0226015083,,,"-69,600.00", 16/02/2026, 602160260484," NETBANK, MUMBAI"
, KANUBHAI KHETA-1100B0226015079,,,"-421,399.20", 16/02/2026, HDFCH00807905395," NETBANK, MUMBAI"
, GATEWAY DISTRI-1100B0226015069,,,"-26,100.00", 16/02/2026, HDFCH00807903925," NETBANK, MUMBAI"
, Maersk Line In-1100B0226015105,,,"-501,393.80", 16/02/2026, HDFCH00807905402," NETBANK, MUMBAI"
, Maersk Line In-1100B0226015104,,,"-138,366.80", 16/02/2026, HDFCH00807907138," NETBANK, MUMBAI"
, Maersk Line In-1100B0226015108,,,"-131,286.80", 16/02/2026, HDFCH00807904734," NETBANK, MUMBAI"
, Hind Terminals-1100B0226015071,,,"-358,822.82", 16/02/2026, HDFCH00807903934," NETBANK, MUMBAI"
, ODEX INDIA SOL-1100B0226015107,,,"-2,117,244.50", 16/02/2026, HDFCH00807904743," NETBANK, MUMBAI"
, ODEX INDIA SOL-1100B0226015106,,,"-227,688.08", 16/02/2026, HDFCH00807903938," NETBANK, MUMBAI"
, Nice Cargo Mov-1100B0226015066,,,"-178,543.80", 16/02/2026, HDFCH00807910233," NETBANK, MUMBAI"
, RTGS Cr-UTIB0000039-CMR GREEN TECHNOLOGIES LIMITED FORMERLY-CENTURY METAL RECYCLING LIMITE-UTIBR62026021657084830,," 50,000,000.00",, 16/02/2026, UTIBR62026021657084830, CMS TF WBO MUMBAI
, RTGS Cr ECMS-KKBK0000958-CMRGR1100LCU101760-NIA METALS-3347508444,," 282,000.00",, 16/02/2026, KKBKR52026021600837118, FORT
, RTGS Cr-SBIN0004298-M s Century Metal Recycling Private-Century Metal Rceycling Pvt Ltd-SBINR12026021616824736,," 10,000,000.00",, 16/02/2026, SBINR12026021616824736, CMS TF WBO MUMBAI
, RTGS Cr-SBIN0004298-M s Century Metal Recycling Private-Century Metal Rceycling Pvt Ltd-SBINR12026021616824662,," 10,000,000.00",, 16/02/2026, SBINR12026021616824662, CMS TF WBO MUMBAI
, RTGS Cr-SBIN0004298-M s Century Metal Recycling Private-Century Metal Rceycling Pvt Ltd-SBINR12026021616824665,," 10,000,000.00",, 16/02/2026, SBINR12026021616824665, CMS TF WBO MUMBAI
, RTGS Cr-SBIN0004298-M s Century Metal Recycling Private-Century Metal Rceycling Pvt Ltd-SBINR12026021616824661,," 10,000,000.00",, 16/02/2026, SBINR12026021616824661, CMS TF WBO MUMBAI
, RTGS Cr-SBIN0004298-M s Century Metal Recycling Private-Century Metal Rceycling Pvt Ltd-SBINR12026021616824724,," 10,000,000.00",, 16/02/2026, SBINR12026021616824724, CMS TF WBO MUMBAI
, RTGS Cr-SBIN0004298-M s Century Metal Recycling Private-Century Metal Rceycling Pvt Ltd-SBINR12026021616824727,," 10,000,000.00",, 16/02/2026, SBINR12026021616824727, CMS TF WBO MUMBAI
, RTGS Cr-SBIN0004298-M s Century Metal Recycling Private-Century Metal Rceycling Pvt Ltd-SBINR12026021616824725,," 10,000,000.00",, 16/02/2026, SBINR12026021616824725, CMS TF WBO MUMBAI
, RTGS Cr-SBIN0004298-M s Century Metal Recycling Private-Century Metal Rceycling Pvt Ltd-SBINR12026021616824770,," 10,000,000.00",, 16/02/2026, SBINR12026021616824770, CMS TF WBO MUMBAI
, RTGS Cr-SBIN0004298-M s Century Metal Recycling Private-Century Metal Rceycling Pvt Ltd-SBINR12026021616824667,," 10,000,000.00",, 16/02/2026, SBINR12026021616824667, CMS TF WBO MUMBAI
, RTGS Cr-SBIN0004298-M s Century Metal Recycling Private-Century Metal Rceycling Pvt Ltd-SBINR12026021616824764,," 10,000,000.00",, 16/02/2026, SBINR12026021616824764, CMS TF WBO MUMBAI
, FT Cr ECMS-CMRGR1100LCU101902-PRATEEK TRADERS-01532320000994,," 27,000.00",, 16/02/2026, NBP0QA2KVAOTLQN8," NETBANK, MUMBAI"
, RTGS Cr-ICIC0099999-RICO AUTO INDUSTRIES LIMITED-CMR GREEN TECHNOLOGIES LIMITED-ICICR22026021614507158,," 10,728,491.45",, 16/02/2026, ICICR22026021614507158, FORT
," RTGS Dr-YESB0000003-YESBANKLTD-NETBANK, MUM-HDFCR52026021670470439",,,"-100,276,439.00", 16/02/2026, HDFCR52026021670470439," NETBANK, MUMBAI"
, COMM ON LIQD OF IMP COLL BILL,,,-177, 16/02/2026, 612BC05260470008," KUNDLI, SONEPAT"
, COMM ON IMPORT LC ISSUED,,,"-27,410.22", 16/02/2026, 612SBBC260470002," KUNDLI, SONEPAT"
, COMM ON IMPORT LC ISSUED,,,"-6,587.94", 16/02/2026, 612SBBC260470001," KUNDLI, SONEPAT"
, AMAIRA METALS-1100B0226015210,,,"-6,695,112.10", 16/02/2026, 602160799199," NETBANK, MUMBAI"
, BALAJI TRADING-1100B0226015199,,,"-3,167,735.25", 16/02/2026, 602160799162," NETBANK, MUMBAI"
, SCOPE OVERSEAS-1100B0226015116,,,"-2,789,693.00", 16/02/2026, 602160568839," NETBANK, MUMBAI"
, WASTE TO ENERG-1100B0226015096,,,"-2,756,560.95", 16/02/2026, 602160260514," NETBANK, MUMBAI"
, RTGS Cr ECMS-CBIN0280402-CMRGR1100LCU101360-NAMAN ENTERPRISES-00000005204359575,," 500,000.00",, 16/02/2026, CBINR52026021610034835, FORT
, RTGS Cr ECMS-CBIN0280402-CMRGR1100LCU101360-NAMAN ENTERPRISES-00000005204359575,," 336,644.00",, 16/02/2026, CBINR52026021610034796, FORT
, 00930310001274-1274,,,"-25,000,000.00", 16/02/2026, 602161221085," NETBANK, MUMBAI"
, 57500000863497-Eco,,,"-20,000,000.00", 16/02/2026, 602161221972," NETBANK, MUMBAI"
, 00930310001264-1264,,,"-60,000,000.00", 16/02/2026, 602161220918," NETBANK, MUMBAI"
, 57500000540028-40028,,,"-15,000,000.00", 16/02/2026, 602161221956," NETBANK, MUMBAI"
, AUTO SWEEPOUT TO CMR GREEN TECHNOLOGI 57500000342857,," 188,417,046.36",, 16/02/2026,, FARIDABAD HARYANA
, AUTO SWEEPOUT TO CMR GREEN TECHNOLOGI 12540310000177,," 101,098.01",, 16/02/2026,, SRIPERAMBUDUR
2/17/2026,Opening balance,"-376,672.55",,,,,
, MARUTI SUZUKI -1100B0226015117,,,"-5,000,000.00", 17/02/2026, HDFCH00809053546," NETBANK, MUMBAI"
, MARUTI SUZUKI -1100B0226015118,,,"-5,000,000.00", 17/02/2026, HDFCH00809055258," NETBANK, MUMBAI"
, KOTHARI METAL -1100B0226015207,,,"-7,074,043.48", 17/02/2026, HDFCH00809054594," NETBANK, MUMBAI"
, SINGHAL METALL-1100B0226015198,,,"-27,934,046.19", 17/02/2026, HDFCH00809057705," NETBANK, MUMBAI"
, HARASHIVA META-1100B0226015206,,,"-11,850,673.08", 17/02/2026, HDFCH00809057711," NETBANK, MUMBAI"
, JHALANI EXTRUS-1100B0226015191,,,"-3,745,267.93", 17/02/2026, HDFCH00809054645," NETBANK, MUMBAI"
, RAVI METALS P-1100B0226015182,,,"-4,452,536.11", 17/02/2026, HDFCH00809058887," NETBANK, MUMBAI"
, EQUIRUS CAPITA-1100B0226015102,,,"-2,700,000.00", 17/02/2026, HDFCH00809081751," NETBANK, MUMBAI"
, RTGS Cr ECMS-ICIC0000011-CMRLTD201LCU100490-M K TRADERS CASTING-661305500712,," 600,000.00",, 17/02/2026, ICICR42026021700503795, FORT
, RTGS Cr ECMS-KVBL0002101-CMRGR1100LCU100305-SARA METAL-4204280000000512,," 535,000.00",, 17/02/2026, KVBLR52026021764028170, FORT
, IMPS CR ECMS-9052-CMRGR1100LCU101769-AMAN ENTERPRISES-0667202500004701,," 45,500.00",, 17/02/2026, 604840355992, FARIDABAD HARYANA
, RTGS Cr ECMS-KKBK0000958-CMRGR1100LCU101835-SS METALS ENTERPRISES-5949440252,," 3,935,000.00",, 17/02/2026, KKBKR12026021700935632, FORT
, RTGS Cr ECMS-IOBA0002449-CMRLTD201LCU100982-JAI DURGE ENTERPRISES-244933000000031,," 2,250,000.00",, 17/02/2026, IOBAR52026021700479166, FORT
, FT Cr ECMS-CMRLTD201LCU100820-MOHINI INDUSTRIES-50200033588193,," 1,317,500.00",, 17/02/2026, NBGQ80AKABC9XFBB," NETBANK, MUMBAI"
, RTGS Cr ECMS-ICIC0003581-CMRGR1100LSU102994-U P GREEN RECYCLING CO-358105500284,," 2,000,000.00",, 17/02/2026, ICICR52026021700880791, FORT
, NEFT Cr ECMS-UJVN0002204-CMRGR1100LCU101893-PRIME METALLURGICAL ENTERPRISE-2204230110000001,," 548,228.00",, 17/02/2026, UJVNH26048467822, FORT
, LOCAL BILL LIQUIDATED,,,"-33,787,576.86", 17/02/2026, 612SB04260160002," KUNDLI, SONEPAT"
, IMPS CR ECMS-9052-CMRGR1100LCU101769-AMAN ENTERPRISES-0667202500004701,," 46,000.00",, 17/02/2026, 604840382577, FARIDABAD HARYANA
, NEFT Cr-ICIC0SF0002-APR FOREX PRIVATE LIMITED-CMR GREEN TECHNOLOGIES LTD-IN42604856199245,," 202,632.00",, 17/02/2026, IN42604856199245, FORT
, NEFT Cr-ICIC0SF0002-APR FOREX PRIVATE LIMITED-CMR GREEN TECHNOLOGIES LTD-IN42604856201288,," 167,076.00",, 17/02/2026, IN42604856201288, FORT
, RTGS Cr ECMS-ICIC0000011-CMRGR1100LCU101832-MANOJ TRADING CO.-235451000006,," 2,443,190.00",, 17/02/2026, ICICR42026021700527761, FORT
, NEFT Cr ECMS-KKBK0000958-CMRGR1100LCU101835-SS METALS ENTERPRISES-5949440252,," 100,000.00",, 17/02/2026, KKBKH26048980562, FORT
, RTGS Cr-KKBK0000958-CMR GREEN TECHNOLOGIES LIMITED-CMR GREEN TECHNOLOGIES LIMITED-KKBKR52026021700012447,," 2,791,382.40",, 17/02/2026, KKBKR52026021700012447, FORT
, MULTI MODAL OV-1100B0226015180,,,"-103,492.86", 17/02/2026, HDFCH00809754196," NETBANK, MUMBAI"
, Hindustan Petr-1100B0226015143,,,"-27,010.20", 17/02/2026, HDFCH00809752608," NETBANK, MUMBAI"
, WORTH OF WASTE-1100B0226015188,,,"-1,166,281.54", 17/02/2026, HDFCH00809756926," NETBANK, MUMBAI"
, WASTE TO ENERG-1100B0226015208,,,"-1,082,764.12", 17/02/2026, 602160799194," NETBANK, MUMBAI"
, ODEX INDIA SOL-1100B0226015233,,,"-954,262.46", 17/02/2026, HDFCH00809761111," NETBANK, MUMBAI"
, PARAS PETROPLA-1100B0226015204,,,"-1,902,460.93", 17/02/2026, HDFCH00809757608," NETBANK, MUMBAI"
, LAVANYASEAIR C-1100B0226015179,,,"-41,309.12", 17/02/2026, HDFCH00809762884," NETBANK, MUMBAI"
, FT Cr ECMS-CMRGR1100LCU101315-HERO MOTOCORP LIMITED 315-00030110000315,," 24,035.00",, 17/02/2026, 602171588800," NETBANK, MUMBAI"
, FT Cr ECMS-CMRGR1100LCU101320-HERO MOTOCORP LIMITED 315-00030110000315,," 6,245,730.47",, 17/02/2026, 602171588801," NETBANK, MUMBAI"
, FT Cr ECMS-CMRGR1100LCU101315-HERO MOTOCORP LIMITED 315-00030110000315,," 3,037,212.37",, 17/02/2026, 602171588802," NETBANK, MUMBAI"
, FT Cr ECMS-CMRGR1100LCU101314-HERO MOTOCORP LIMITED 315-00030110000315,," 13,727.02",, 17/02/2026, 602171588803," NETBANK, MUMBAI"
, FT Cr ECMS-CMRGR1100LCU101980-M.S. METAL-50200095839652,," 286,032.00",, 17/02/2026, HDFC4A5AE6A8D256," NETBANK, MUMBAI"
, IMPS CR ECMS-9229-cmrltd201lcu100720-OM SAI TRADING & CAS-661305500656,," 467,026.00",, 17/02/2026, 604815212790, FARIDABAD HARYANA
, RTGS Cr ECMS-ICIC0000011-cmrltd201lcu100720-OM SAI TRADING CASTING WORKS-661305500656,," 2,000,000.00",, 17/02/2026, ICICR42026021700548255, FORT
, GST/Bank Reference No: E2604870468254/CIN No: HDFC26020600061047,,,"-37,596.00", 17/02/2026,," NETBANK, MUMBAI"
, GST/Bank Reference No: E2604870468253/CIN No: HDFC26020600061065,,,"-35,484.00", 17/02/2026,," NETBANK, MUMBAI"
, RTGS Cr ECMS-ICIC0000011-CMRLTD151LCU101487-MAYA ENTERPRISES-140105001960,," 622,000.00",, 17/02/2026, ICICR42026021700549871, FORT
, VIJBIN BUSINES-1100B0226015200,,,"-107,527.49", 17/02/2026, 602160799165," NETBANK, MUMBAI"
, JAI MAA LOGIST-1100B0226015197,,,"-20,456.89", 17/02/2026, 602160799157," NETBANK, MUMBAI"
, RTGS Cr ECMS-YESB0000001-CMRGR1100LCU101732-DAUJI METAL INDUSTRIES-011227000000146,," 671,000.00",, 17/02/2026, YESBR12026021700036457, FORT
, RTGS Cr ECMS-IDIB000K796-CMRGR1100LCU101732-DAUJI METAL INDUSTRIES-00000007776647636,," 2,100,000.00",, 17/02/2026, IDIBR52026021700464703, FORT
, NEFT Cr ECMS-PUNB0773300-CMRGR1100LCU101714-R B METALS-7733002100001712,," 89,500.00",, 17/02/2026, PUNBH70063444808, FORT
, COMM ON LIQD OF IMP COLL BILL,,,-177, 17/02/2026, 612BC05260480009," KUNDLI, SONEPAT"
, COMM ON LIQD OF IMP COLL BILL,,,-177, 17/02/2026, 612BC05260480010," KUNDLI, SONEPAT"
, RTGS Cr ECMS-CNRB0019260-CMRGR1100LSU101904-SAWA ENTERPRISES-125005017703,," 430,900.00",, 17/02/2026, CNRBR52026021777771872, FORT
, RTGS Cr ECMS-SBIN0050771-CMRGR1100LSU101802-SAI TRADING CO-44748773564,," 1,000,000.00",, 17/02/2026, SBINR12026021716995087, FORT
, IMPS CR ECMS-9015-CMRGR1100LCU101946-GAURAV-125008988047,," 150,000.00",, 17/02/2026, 604817821096, FARIDABAD HARYANA
, IMPS CR ECMS-9002-CMRGR1100LSU101802-9999203430Ravi-00000044748773564,," 147,500.00",, 17/02/2026, 604817751514, FARIDABAD HARYANA
, RTGS Cr-SCBL0036001-ENDURANCE TECHNOLOGIES LIMITED-CMR GREEN TECHNOLOGIES LIMITED-SCBLR12026021700818519,," 10,226,826.20",, 17/02/2026, SCBLR12026021700818519, FORT
, RTGS Cr-FDRL0009001-MAHAVIR DIE CASTERS PVT LIMITED-CMR GREEN TECHNOLOGIES LIMITED-FDRLR52026021788865502,," 354,210.00",, 17/02/2026, FDRLR52026021788865502, FORT
, FT602172024518-CMR TOYOTSU ALUMINIUM INDIA PL FT-00930310001264,," 40,000,000.00",, 17/02/2026, 602172024518," NETBANK, MUMBAI"
, Energy Saving -1100B0226015128,,,"-31,819.88", 17/02/2026, 602160799122," NETBANK, MUMBAI"
, Ceraflux India-1100B0226015070,,,"-49,518.00", 17/02/2026, 602160260527," NETBANK, MUMBAI"
, UDIT PUROHIT-1100B0226015093,,,"-185,000.00", 17/02/2026, 602160260506," NETBANK, MUMBAI"
, KRISHNA ELECTR-1100B0226015088,,,"-35,733.36", 17/02/2026, 602160260496," NETBANK, MUMBAI"
, SAI INDUSTRIAL-1100B0226015097,,,"-3,186.00", 17/02/2026, 602160260516," NETBANK, MUMBAI"
, WATRANA RENTAL-1100B0226015081,,,"-562,600.00", 17/02/2026, 602160260480," NETBANK, MUMBAI"
, MIMANSA LAW OF-1100B0226015090,,,"-195,193.51", 17/02/2026, 602160260500," NETBANK, MUMBAI"
, MUNDHRA BROTHE-1100B0226015077,,,"-7,163.00", 17/02/2026, 602160260472," NETBANK, MUMBAI"
, V Pack Automat-1100B0226015136,,,"-43,498.40", 17/02/2026, 602160799011," NETBANK, MUMBAI"
, SHOUTNHIKE-1100B0226015087,,,"-29,160.00", 17/02/2026, 602160260494," NETBANK, MUMBAI"
, Hamraj Enterpr-1100B0226015061,,,"-227,657.00", 17/02/2026, HDFCH00810570875," NETBANK, MUMBAI"
, S.P. Decorator-1100B0226015132,,,"-113,876.00", 17/02/2026, HDFCH00810570877," NETBANK, MUMBAI"
, ORBIT TECHSOL -1100B0226015086,,,"-215,568.00", 17/02/2026, HDFCH00810570889," NETBANK, MUMBAI"
, SP ENTERPRISE-1100B0226015085,,,"-6,582.60", 17/02/2026, HDFCH00810574197," NETBANK, MUMBAI"
, Durga Foundry -1100B0226015127,,,"-108,560.00", 17/02/2026, HDFCH00810571630," NETBANK, MUMBAI"
, Sunrise Scales-1100B0226015133,,,"-6,490.00", 17/02/2026, HDFCH00810574210," NETBANK, MUMBAI"
, Acryon Enginee-1100B0226015123,,,"-18,998.00", 17/02/2026, HDFCH00810573241," NETBANK, MUMBAI"
, SIMPLICITY PRO-1100B0226015062,,,"-2,358,279.84", 17/02/2026, HDFCH00810574229," NETBANK, MUMBAI"
, Mubaric Khan S-1100B0226015131,,,"-93,911.34", 17/02/2026, HDFCH00810571639," NETBANK, MUMBAI"
, ANUSHA TECHNOV-1100B0226015080,,,"-142,100.00", 17/02/2026, HDFCH00810574243," NETBANK, MUMBAI"
, VRISHTI BEVERA-1100B0226015076,,,"-18,053.33", 17/02/2026, HDFCH00810568903," NETBANK, MUMBAI"
, BOMBAY STATION-1100B0226015074,,,"-4,602.00", 17/02/2026, HDFCH00810574245," NETBANK, MUMBAI"
, LARSEN TOUBR-1100B0226015084,,,"-57,348.08", 17/02/2026, HDFCH00810570930," NETBANK, MUMBAI"
, ADVAIYA SOLUTI-1100B0226015094,,,"-32,400.00", 17/02/2026, HDFCH00810570932," NETBANK, MUMBAI"
, BHOOMI TRANSPO-1100B0226015092,,,"-155,997.00", 17/02/2026, HDFCH00810568907," NETBANK, MUMBAI"
, Sharma Trading-1100B0226015072,,,"-6,254.00", 17/02/2026, HDFCH00810571658," NETBANK, MUMBAI"
, VIJAY TRADING-1100B0226015075,,,"-1,711.00", 17/02/2026, HDFCH00810571664," NETBANK, MUMBAI"
, Vinay Trading -1100B0226015068,,,"-1,796.55", 17/02/2026, HDFCH00810573296," NETBANK, MUMBAI"
, Balbir Singh a-1100B0226015140,,,"-76,936.00", 17/02/2026, 602160799020," NETBANK, MUMBAI"
, LAXMI TRADERS-1100B0226015078,,,"-2,624.32", 17/02/2026, HDFCH00810568911," NETBANK, MUMBAI"
, Pyrotek India -1100B0226015067,,,"-38,907.00", 17/02/2026, HDFCH00810568918," NETBANK, MUMBAI"
, Milap Tyres-1100B0226015161,,,"-112,090.56", 17/02/2026, 602160799071," NETBANK, MUMBAI"
, M S JAY AMBE M-1100B0226015063,,,"-80,259.30", 17/02/2026, HDFCH00810568928," NETBANK, MUMBAI"
, Lucky Computer-1100B0226015130,,,"-4,095.00", 17/02/2026, HDFCH00810573309," NETBANK, MUMBAI"
, MITTAL TECHNOP-1100B0226015189,,,"-87,324.01", 17/02/2026, 602160799138," NETBANK, MUMBAI"
, Akshara Enterp-1100B0226015124,,,"-13,440.20", 17/02/2026, HDFCH00810573319," NETBANK, MUMBAI"
, Infor India -1100B0226015065,,,"-92,690.18", 17/02/2026, HDFCH00810568987," NETBANK, MUMBAI"
, K.D. Internati-1100B0226015137,,,"-224,023.82", 17/02/2026, HDFCH00810572916," NETBANK, MUMBAI"
, WATRANA RENTAL-1100B0226015173,,,"-474,603.12", 17/02/2026, 602160799103," NETBANK, MUMBAI"
, ANSH ENTERPRIS-1100B0226015115,,,"-2,325,355.00", 17/02/2026, HDFCH00810572921," NETBANK, MUMBAI"
, SHIV DHARA WAT-1100B0226015099,,,"-21,780.00", 17/02/2026, HDFCH00810572924," NETBANK, MUMBAI"
, Krishna Metall-1100B0226015157,,,"-34,388.22", 17/02/2026, 602160799063," NETBANK, MUMBAI"
, Avideep Indust-1100B0226015125,,,"-216,400.21", 17/02/2026, HDFCH00810571703," NETBANK, MUMBAI"
, Shri Shyam Ent-1100B0226015165,,,"-2,329.00", 17/02/2026, 602160799085," NETBANK, MUMBAI"
, Gopal Contract-1100B0226015129,,,"-394,081.11", 17/02/2026, HDFCH00810573338," NETBANK, MUMBAI"
, PARVEZ AND BRO-1100B0226015177,,,"-9,280.00", 17/02/2026, 602160799112," NETBANK, MUMBAI"
, SAINATH ENTERP-1100B0226015089,,,"-1,656.72", 17/02/2026, HDFCH00810572931," NETBANK, MUMBAI"
, Vinay Trading -1100B0226015135,,,"-41,300.00", 17/02/2026, HDFCH00810572934," NETBANK, MUMBAI"
, Jyoti Industri-1100B0226015073,,,"-119,180.00", 17/02/2026, HDFCH00810573345," NETBANK, MUMBAI"
, BALAJI ENTERPR-1100B0226015098,,,"-183,750.00", 17/02/2026, HDFCH00810571755," NETBANK, MUMBAI"
, Bharat Pest Co-1100B0226015126,,,"-2,281.50", 17/02/2026, HDFCH00810569052," NETBANK, MUMBAI"
, GOPAL ENGINEER-1100B0226015064,,,"-13,221.00", 17/02/2026, HDFCH00810571004," NETBANK, MUMBAI"
, M S JUPITER PE-1100B0226015091,,,"-1,077,004.71", 17/02/2026, HDFCH00810571774," NETBANK, MUMBAI"
, MAKE MY TRIP -1100B0226015082,,,"-111,152.00", 17/02/2026, HDFCH00810571009," NETBANK, MUMBAI"
, Suresh Water S-1100B0226015134,,,"-94,050.00", 17/02/2026, HDFCH00810571010," NETBANK, MUMBAI"
, Life Time Elec-1100B0226015159,,,"-30,115.44", 17/02/2026, HDFCH00810574400," NETBANK, MUMBAI"
, MANUJ MADAAN-1100B0226015175,,,"-252,047.16", 17/02/2026, HDFCH00810571810," NETBANK, MUMBAI"
, S.K. CANTEEN C-1100B0226015193,,,"-409,228.56", 17/02/2026, HDFCH00810571815," NETBANK, MUMBAI"
, Vidya Graphic-1100B0226015146,,,"-10,074.84", 17/02/2026, HDFCH00810571824," NETBANK, MUMBAI"
, Sharma Trading-1100B0226015162,,,"-182,196.02", 17/02/2026, HDFCH00810574411," NETBANK, MUMBAI"
, Tiwari Safety -1100B0226015155,,,"-6,720.00", 17/02/2026, HDFCH00810571830," NETBANK, MUMBAI"
, RU ENGINEERING-1100B0226015160,,,"-281,630.00", 17/02/2026, HDFCH00810574447," NETBANK, MUMBAI"
, Shah Coal Depo-1100B0226015145,,,"-17,400.00", 17/02/2026, HDFCH00810571041," NETBANK, MUMBAI"
, URSS Techservi-1100B0226015153,,,"-16,726.42", 17/02/2026, HDFCH00810573391," NETBANK, MUMBAI"
, FERVENT GLOBAL-1100B0226015190,,,"-2,489,784.08", 17/02/2026, HDFCH00810571064," NETBANK, MUMBAI"
, Bala Ji Cranes-1100B0226015151,,,"-41,535.00", 17/02/2026, HDFCH00810569112," NETBANK, MUMBAI"
, Dagar Enterpri-1100B0226015170,,,"-208,800.00", 17/02/2026, HDFCH00810571840," NETBANK, MUMBAI"
, M S BUG MASTER-1100B0226015184,,,"-2,340.00", 17/02/2026, HDFCH00810571843," NETBANK, MUMBAI"
, Vijay Plastic -1100B0226015147,,,"-24,662.00", 17/02/2026, HDFCH00810572974," NETBANK, MUMBAI"
, MS ENTERPRISES-1100B0226015186,,,"-41,760.00", 17/02/2026, HDFCH00810569128," NETBANK, MUMBAI"
, PASCO EARTHMOV-1100B0226015185,,,"-309,467.56", 17/02/2026, HDFCH00810569142," NETBANK, MUMBAI"
, KRISHNA ENGINE-1100B0226015169,,,"-68,135.36", 17/02/2026, HDFCH00810574471," NETBANK, MUMBAI"
, R J ENTERPRISE-1100B0226015192,,,"-55,244.06", 17/02/2026, HDFCH00810571847," NETBANK, MUMBAI"
, Linde India Li-1100B0226015149,,,"-10,110.24", 17/02/2026, HDFCH00810571863," NETBANK, MUMBAI"
, CHOUDHARY KARA-1100B0226015178,,,"-148,594.68", 17/02/2026, HDFCH00810573003," NETBANK, MUMBAI"
, VICKY TRADERS-1100B0226015171,,,"-29,500.00", 17/02/2026, HDFCH00810576159," NETBANK, MUMBAI"
, NCR Indane-1100B0226015154,,,"-7,110.00", 17/02/2026, HDFCH00810575171," NETBANK, MUMBAI"
, MOHIT SHARMA-1100B0226015181,,,"-62,100.00", 17/02/2026, HDFCH00810574491," NETBANK, MUMBAI"
, Continental Ea-1100B0226015163,,,"-32,429.09", 17/02/2026, HDFCH00810573700," NETBANK, MUMBAI"
, ASD ENTERPRISE-1100B0226015183,,,"-2,889.90", 17/02/2026, HDFCH00810576177," NETBANK, MUMBAI"
, JMD METALS REC-1100B0226015114,,,"-2,269,092.80", 17/02/2026, HDFCH00810576184," NETBANK, MUMBAI"
, NEW DEV BHOOMI-1100B0226015187,,,"-4,500.00", 17/02/2026, HDFCH00810573017," NETBANK, MUMBAI"
, SHREE SHYAM LO-1100B0226015202,,,"-118,270.53", 17/02/2026, 602160799178," NETBANK, MUMBAI"
, Pacific Electr-1100B0226015158,,,"-14,868.00", 17/02/2026, HDFCH00810576192," NETBANK, MUMBAI"
, MELTWELL LININ-1100B0226015211,,,"-85,550.00", 17/02/2026, 602160799201," NETBANK, MUMBAI"
, Deepak Electri-1100B0226015164,,,"-17,374.50", 17/02/2026, HDFCH00810576194," NETBANK, MUMBAI"
, Star Enterpris-1100B0226015166,,,"-60,760.00", 17/02/2026, HDFCH00810575238," NETBANK, MUMBAI"
, NAGAR TOUR and-1100B0226015168,,,"-544,635.00", 17/02/2026, HDFCH00810571900," NETBANK, MUMBAI"
, SETH AIR PRODU-1100B0226015174,,,"-7,227.50", 17/02/2026, HDFCH00810575256," NETBANK, MUMBAI"
, STAR WIRE IND-1100B0226015201,,,"-2,160.00", 17/02/2026, 602160799169," NETBANK, MUMBAI"
, Varsha Enterpr-1100B0226015167,,,"-11,118.60", 17/02/2026, HDFCH00810571910," NETBANK, MUMBAI"
, Tetra Tekseal -1100B0226015138,,,"-19,942.00", 17/02/2026, HDFCH00810575264," NETBANK, MUMBAI"
, DURGA TRADERS-1100B0226015172,,,"-56,335.68", 17/02/2026, HDFCH00810574576," NETBANK, MUMBAI"
, Dhruv Transpor-1100B0226015152,,,"-640,126.87", 17/02/2026, HDFCH00810573058," NETBANK, MUMBAI"
, Surender Kumar-1100B0226015156,,,"-74,480.00", 17/02/2026, HDFCH00810574590," NETBANK, MUMBAI"
, Vijay Power-1100B0226015148,,,"-69,670.74", 17/02/2026, HDFCH00810573868," NETBANK, MUMBAI"
, Brahm Rishi En-1100B0226015142,,,"-2,396.58", 17/02/2026, HDFCH00810574601," NETBANK, MUMBAI"
, M.S. Engineeri-1100B0226015150,,,"-64,584.00", 17/02/2026, HDFCH00810573070," NETBANK, MUMBAI"
, Beco Internati-1100B0226015141,,,"-1,416.00", 17/02/2026, HDFCH00810575291," NETBANK, MUMBAI"
, SHASHI DHAWAL -1100B0226015095,,,"-8,304.88", 17/02/2026, HDFCH00810571978," NETBANK, MUMBAI"
, RAVI KUMAR-1100B0226015176,,,"-252,047.16", 17/02/2026, HDFCH00810575300," NETBANK, MUMBAI"
, Kalinga Air Ga-1100B0226015144,,,"-3,345.30", 17/02/2026, HDFCH00810572028," NETBANK, MUMBAI"
, Anand Kumar Ja-1100B0226015139,,,"-23,606.00", 17/02/2026, HDFCH00810572079," NETBANK, MUMBAI"
, AIR WATER INDI-1100B0226015196,,,"-13,065.20", 17/02/2026, HDFCH00810573895," NETBANK, MUMBAI"
, TIRUPATI TRADE-1100B0226015209,,,"-2,442,843.79", 17/02/2026, HDFCH00810574640," NETBANK, MUMBAI"
, R C HOSPITALIT-1100B0226015194,,,"-59,053.90", 17/02/2026, HDFCH00810575312," NETBANK, MUMBAI"
, HITECH BEARING-1100B0226015195,,,"-64,899.59", 17/02/2026, HDFCH00810573084," NETBANK, MUMBAI"
, SATYAM AUTO CO-1100B0226015203,,,"-992,687.40", 17/02/2026, HDFCH00810573910," NETBANK, MUMBAI"
, ABP MANAGEMENT-1100B0226015205,,,"-83,846.88", 17/02/2026, HDFCH00810575325," NETBANK, MUMBAI"
, NEFT Cr-ICIC0SF0002-APR FOREX PRIVATE LIMITED-CMR GREEN TECHNOLOGIES LTD-IN42604856482542,," 294,047.00",, 17/02/2026, IN42604856482542, FORT
, LIQUIDATION OF IMP COLL BILL,,,"-2,328,778.22", 17/02/2026, 612BC05260340004," KUNDLI, SONEPAT"
, NEFT Cr-ICIC0SF0002-APR FOREX PRIVATE LIMITED-CMR GREEN TECHNOLOGIES LTD-IN42604856484120,," 280,358.00",, 17/02/2026, IN42604856484120, FORT
, RTGS Cr-ICIC0099999-RICO AUTO INDUSTRIES LIMITED-CMR GREEN TECHNOLOGIES LIMITED-ICICR22026021714538146,," 12,452,256.08",, 17/02/2026, ICICR22026021714538146, FORT
, COMM ON LIQD OF IMP COLL BILL,,,-177, 17/02/2026, 612BC05260480011," KUNDLI, SONEPAT"
, IMPS CR ECMS-7217-CMRGR1100LCU101748-N F METALS RECYCLING-053126900000091,," 101,622.00",, 17/02/2026, 604859509449, FARIDABAD HARYANA
, IMPS CR ECMS-9211-CMRGR1100LCU101946-GAURAVENTERPRISES-923020027564985,," 300,000.00",, 17/02/2026, 604897895754, FARIDABAD HARYANA
, COMM ON IMPORT LC ISSUED,,,"-10,483.12", 17/02/2026, 612SBBC260480003," KUNDLI, SONEPAT"
, COMM ON IMPORT LC ISSUED,,,"-10,839.48", 17/02/2026, 612SBBC260480004," KUNDLI, SONEPAT"
, COMM ON IMPORT LC ISSUED,,,"-44,147.34", 17/02/2026, 612SBBC260480006," KUNDLI, SONEPAT"
, COMM ON IMPORT LC ISSUED,,,"-46,581.68", 17/02/2026, 612SBBC260480007," KUNDLI, SONEPAT"
, COMM ON IMPORT LC ISSUED,,,"-14,640.26", 17/02/2026, 612SBBC260480008," KUNDLI, SONEPAT"
, COMM ON IMPORT LC ISSUED,,,"-76,375.50", 17/02/2026, 612SBBC260480005," KUNDLI, SONEPAT"
, FCY OUTWARD REMITTANCE,,,"-12,226.81", 17/02/2026, 612FT01260480072," KUNDLI, SONEPAT"
, COMM ON IMPORT LC ISSUED,,,"-12,520.98", 17/02/2026, 612SBBC260480009," KUNDLI, SONEPAT"
, COMM ON IMPORT LC ISSUED,,,"-11,783.48", 17/02/2026, 612SBBC260480010," KUNDLI, SONEPAT"
, FT Cr ECMS-CMRLTD151LCU101331-J B TRADING-50200083168153,," 905,500.00",, 17/02/2026, HDFCCB261AE746B5," NETBANK, MUMBAI"
, RTGS Cr-UTIB0000039-CMR GREEN TECHNOLOGIES LIMITED FORMERLY-CENTURY METAL RECYCLING LIMITE-UTIBR62026021757442575,," 2,900,000.00",, 17/02/2026, UTIBR62026021757442575, CMS TF WBO MUMBAI
, RTGS Cr-SBIN0004298-CMR TOYOTSU ALUMINIUM INDIA PVT LT-Century Metal Recycling Limited-SBINR12026021717028058,," 10,000,000.00",, 17/02/2026, SBINR12026021717028058, CMS TF WBO MUMBAI
, RTGS Cr-SBIN0004298-M s Century Metal Recycling Private-Century Metal Rceycling Pvt Ltd-SBINR12026021717027886,," 6,000,000.00",, 17/02/2026, SBINR12026021717027886, CMS TF WBO MUMBAI
2/18/2026,Opening balance,"-15,203,448.32",,,,,
, RTGS Cr ECMS-UTIB0003202-CMRGR1100LCU101763-MATHURIA TRADERS-924020041901864,," 1,787,700.00",, 18/02/2026, UTIBR72026021800570189, FORT
, FT Cr ECMS-CMRGR1100LCU101661-MOURYA ENTERPRISES-50200068028400,," 609,010.00",, 18/02/2026, HDFC1F5F4A6C84FF," NETBANK, MUMBAI"
, RTGS Cr ECMS-ICIC0000011-CMRLTD151LCU101618-MAHAKALESHWAR ENTERPRISES-779405000110,," 600,000.00",, 18/02/2026, ICICR42026021800502303, FORT
, IMPS CR ECMS-9015-CMRGR1100LCU101946-GAURAV-125008988047,," 150,000.00",, 18/02/2026, 604908928845, FARIDABAD HARYANA
, FT Cr ECMS-CMRLTD201LCU100820-MOHINI INDUSTRIES-50200033588193,," 216,500.00",, 18/02/2026, NBCEXPF6GW0ZUHTJ," NETBANK, MUMBAI"
, FT Cr ECMS-CMRGR1100LCU100221-NIYAZ MOHD TRADING AND CASTING-59209813362326,," 534,000.00",, 18/02/2026, NBQRIMXBTZDCMTIS," NETBANK, MUMBAI"
, Green Overseas-1100B0226015295,,,"-14,197,957.63", 18/02/2026, HDFCH00811423579," NETBANK, MUMBAI"
, IMPS CR ECMS-9211-CMRGR1100LCU101110-OMNAMOMETAL-922020066935237,," 286,000.00",, 18/02/2026, 604999433996, FARIDABAD HARYANA
, RTGS Cr ECMS-ICIC0003581-CMRGR1100LSU102994-U P GREEN RECYCLING CO-358105500284,," 2,000,000.00",, 18/02/2026, ICICR52026021800272452, FORT
, IMPS CR ECMS-9211-CMRGR1100LCU101110-OMNAMOMETAL-922020066935237,," 286,000.00",, 18/02/2026, 604999635764, FARIDABAD HARYANA
, LOCAL BILL LIQUIDATED,,,"-18,511,149.18", 18/02/2026, 612SB04260160003," KUNDLI, SONEPAT"
, Sandeep Bhadau-1100B0226015258,,,"-5,423.50", 18/02/2026, 602171505765," NETBANK, MUMBAI"
, FT-HDFC555122767-HAPPAY POOL ACCOUNT CMRG,,,"-112,232.81", 18/02/2026, 602171505719," NETBANK, MUMBAI"
, Rupesh Prasad-1100B0226015249,,,"-12,332.95", 18/02/2026, 602171505730," NETBANK, MUMBAI"
, Avnish Pal-1100B0226015261,,,"-7,720.00", 18/02/2026, 602171505774," NETBANK, MUMBAI"
, Priyanka Kapil-1100B0226015256,,,"-6,551.40", 18/02/2026, 602171505754," NETBANK, MUMBAI"
, Ravi Kant sing-1100B0226015268,,,"-1,883.00", 18/02/2026, 602171505802," NETBANK, MUMBAI"
, Sarvesh kumar-1100B0226015244,,,"-3,017.00", 18/02/2026, 602171505842," NETBANK, MUMBAI"
, Naveen Kumar Y-1100B0226015260,,,-240, 18/02/2026, 602171505771," NETBANK, MUMBAI"
, Dharmender Dag-1100B0226015242,,,"-16,091.00", 18/02/2026, HDFCH00811809481," NETBANK, MUMBAI"
, Vikas Kumar Mi-1100B0226015267,,,"-30,940.89", 18/02/2026, HDFCH00811805664," NETBANK, MUMBAI"
, Rahul Verma-1100B0226015272,,,-298, 18/02/2026, HDFCH00811810209," NETBANK, MUMBAI"
, Atul singh-1100B0226015271,,,"-2,208.00", 18/02/2026, HDFCH00811810226," NETBANK, MUMBAI"
, Rajesh Kumar K-1100B0226015257,,,"-4,671.00", 18/02/2026, HDFCH00811805665," NETBANK, MUMBAI"
, Ishwar Das Hal-1100B0226015240,,,"-10,114.00", 18/02/2026, HDFCH00811805667," NETBANK, MUMBAI"
, Naveen Kumar-1100B0226015246,,,"-5,220.00", 18/02/2026, HDFCH00811807404," NETBANK, MUMBAI"
, Vandana Patel-1100B0226015262,,,-595, 18/02/2026, HDFCH00811807405," NETBANK, MUMBAI"
, parth parekh-1100B0226015255,,,"-2,006.90", 18/02/2026, HDFCH00811808428," NETBANK, MUMBAI"
, Parasnath Yada-1100B0226015243,,,"-3,504.00", 18/02/2026, HDFCH00811808430," NETBANK, MUMBAI"
, Narender Singh-1100B0226015250,,,-260, 18/02/2026, HDFCH00811811407," NETBANK, MUMBAI"
, VedPrakash Pra-1100B0226015259,,,"-1,289.00", 18/02/2026, HDFCH00811810240," NETBANK, MUMBAI"
, Dilip Dash-1100B0226015251,,,"-2,010.00", 18/02/2026, HDFCH00811810241," NETBANK, MUMBAI"
, Prateek Rai-1100B0226015269,,,"-1,052.43", 18/02/2026, HDFCH00811810242," NETBANK, MUMBAI"
, Ashish Jasvant-1100B0226015265,,,"-3,202.00", 18/02/2026, HDFCH00811805673," NETBANK, MUMBAI"
, Rishabh Saini-1100B0226015263,,,"-1,808.00", 18/02/2026, HDFCH00811810243," NETBANK, MUMBAI"
, Rishi Tiwari-1100B0226015247,,,"-6,902.50", 18/02/2026, HDFCH00811811444," NETBANK, MUMBAI"
, Deepak Kumar G-1100B0226015237,,,"-189,541.00", 18/02/2026, HDFCH00811807410," NETBANK, MUMBAI"
, Ravi Gupta-1100B0226015254,,,"-3,089.50", 18/02/2026, HDFCH00811807413," NETBANK, MUMBAI"
, Naresh Kumar-1100B0226015248,,,"-1,812.00", 18/02/2026, HDFCH00811809549," NETBANK, MUMBAI"
, Mukesh Kumar J-1100B0226015252,,,-100, 18/02/2026, HDFCH00811810249," NETBANK, MUMBAI"
, Rudra Narayan -1100B0226015270,,,"-6,431.00", 18/02/2026, HDFCH00811810254," NETBANK, MUMBAI"
, Inderjeet sah-1100B0226015245,,,"-5,756.00", 18/02/2026, HDFCH00811810258," NETBANK, MUMBAI"
, Vikas Mishra-1100B0226015274,,,-210, 18/02/2026, HDFCH00811807497," NETBANK, MUMBAI"
, Bhabani Sankar-1100B0226015264,,,"-3,139.00", 18/02/2026, HDFCH00811808471," NETBANK, MUMBAI"
, Vijay Kumar-1100B0226015273,,,"-1,466.64", 18/02/2026, HDFCH00811811512," NETBANK, MUMBAI"
, VISHAL CHAUHAN-1100B0226015266,,,-175, 18/02/2026, HDFCH00811805703," NETBANK, MUMBAI"
, Sachin Sharma-1100B0226015253,,,"-41,700.00", 18/02/2026, HDFCH00811808480," NETBANK, MUMBAI"
, PintuBanjara12978,,,"-9,040.00", 18/02/2026, HDFCH00811808521," NETBANK, MUMBAI"
, RenukaNayak16023,,,"-69,275.00", 18/02/2026, HDFCH00811811660," NETBANK, MUMBAI"
, RohitGupta16024,,,-775, 18/02/2026, HDFCH00811809623," NETBANK, MUMBAI"
, RahulSen16039,,,"-3,538.00", 18/02/2026, HDFCH00811811672," NETBANK, MUMBAI"
, FT Cr ECMS-CMRGR1100LCU101935-TS ENTERPRISES-50200092311919,," 610,000.00",, 18/02/2026, HDFC7B57D959CB22," NETBANK, MUMBAI"
, CCH305B1CAQW5N_DHBV-DHBVNL,,,"-952,071.00", 18/02/2026, 602182798645," NETBANK, MUMBAI"
, CMA CGM AGENCI-1100B0226015341,,,"-16,029.43", 18/02/2026, HDFCH00812248229," NETBANK, MUMBAI"
, IMPS CR ECMS-9015-CMRGR1100LCU101630-PARV ENTERPRISES-125007431698,," 500,000.00",, 18/02/2026, 604916067975, FARIDABAD HARYANA
, 57500000342857-2857,,,"-1,400,000.00", 18/02/2026, 602183012682," NETBANK, MUMBAI"
," RTGS Dr-ICIC0000083-CMRAluminiumPrivateLimited-NETBANK, MUM-HDFCR52026021871516959",,,"-45,335,000.00", 18/02/2026, HDFCR52026021871516959," NETBANK, MUMBAI"
, RTGS Cr-UTIB0001609-SHRIRAM PISTONS RINGS LIMITED-CMR GREEN TECHNOLOGIES LIMITED-UTIBR72026021800088989,," 3,155,770.09",, 18/02/2026, UTIBR72026021800088989, FORT
, ODEX INDIA SOL-1100B0226015344,,,"-490,500.04", 18/02/2026, HDFCH00812561055," NETBANK, MUMBAI"
," RTGS Dr-ICIC0006303-CENTURYMETALRECYCLINGLIMITED-NETBANK, MUM-HDFCR52026021871499065",,,"-100,000,000.00", 18/02/2026, HDFCR52026021871499065," NETBANK, MUMBAI"
, RTGS Cr ECMS-UBIN0535443-CMRGR1100LSU105359-MOURYA ENTERPRISES-354401010036892,," 859,000.00",, 18/02/2026, UBINR22026021801392090, FORT
, INW 180226I11275550 USD450@90.63,," 40,783.50",, 18/02/2026,, CMS TF WBO MUMBAI
, RTGS Cr-ICIC0099999-RICO AUTO INDUSTRIES LIMITED-CMR GREEN TECHNOLOGIES LIMITED-ICICR22026021814563025,," 11,929,071.19",, 18/02/2026, ICICR22026021814563025, FORT
, CHARGES FOR SWIFT MESSAGE,,,-590, 18/02/2026, 612FT01260490072," KUNDLI, SONEPAT"
, CHARGES FOR SWIFT MESSAGE,,,-590, 18/02/2026, 612FT01260490076," KUNDLI, SONEPAT"
, RTGS Cr-KKBK0000958-CMR GREEN TECHNOLOGIES LIMITED-CMR GREEN TECHNOLOGIES LIMITED-KKBKR52026021800123399,," 31,403,829.54",, 18/02/2026, KKBKR52026021800123399, FORT
, RTGS Cr ECMS-KKBK0000958-CMRGR1100LCU101760-NIA METALS-3347508444,," 551,000.00",, 18/02/2026, KKBKR52026021800946051, FORT
, RTGS Cr-KKBK0000958-CMR GREEN TECHNOLOGIES LIMITED-CMR GREEN TECHNOLOGIES LIMITED-KKBKR52026021800125720,," 24,042,990.97",, 18/02/2026, KKBKR52026021800125720, FORT
, FT602183391635-CMR GREEN TECHNOLOGIES L57FT-57500000342857,," 320,000,000.00",, 18/02/2026, 602183391635," NETBANK, MUMBAI"
, FT602183391883-CMR NLM ECO ALUMINIUM P L 3497 FT-57500000863497,," 6,500,000.00",, 18/02/2026, 602183391883," NETBANK, MUMBAI"
, 00930310001274-1274,,,"-130,000,000.00", 18/02/2026, 602183390614," NETBANK, MUMBAI"
, 57500000261345-1345,,,"-30,000,000.00", 18/02/2026, 602183391604," NETBANK, MUMBAI"
, 57500000540028-40028,,,"-80,000,000.00", 18/02/2026, 602183391545," NETBANK, MUMBAI"
, AUTO SWEEPOUT TO CMR GREEN TECHNOLOGI 57500000342857,," 14,291,927.30",, 18/02/2026,, FARIDABAD HARYANA
2/19/2026,Opening balance,"-16,331,374.53",,,,,
, IMPS CR ECMS-9015-CMRGR1100LCU101630-PARV ENTERPRISES-125007431698,," 400,000.00",, 19/02/2026, 605008195522, FARIDABAD HARYANA
, RTGS Cr ECMS-MAHB0000782-CMRGR1100LCU101872-SHRI KRISHNA METAL EXTRUDERS P-00000060403068056,," 21,363,100.00",, 19/02/2026, MAHBR52026021923037550, FORT
, FT Cr ECMS-CMRGR1100LCU101902-PRATEEK TRADERS-01532320000994,," 761,000.00",, 19/02/2026, NBIY3KQZPQDENCQV," NETBANK, MUMBAI"
, RTGS Cr-UTIB0000176-APJ INVESTMENTS PRIVATE LIMITED UNI-CMR Green Technologies Limited-UTIBR72026021900420337,," 3,319,550.00",, 19/02/2026, UTIBR72026021900420337, FORT
, FT Cr ECMS-CMRGR1100LCU101936-JK SLIDE FASTNERS PVT LTD-50200112372292,," 3,182,106.00",, 19/02/2026, NBVRERX8DXZF2UYE," NETBANK, MUMBAI"
, RTGS Cr ECMS-ICIC0003581-CMRGR1100LSU102994-U P GREEN RECYCLING CO-358105500284,," 2,000,000.00",, 19/02/2026, ICICR52026021900353575, FORT
, CVC2605001239437 GST-CVC2605001239437,,,-73.42, 19/02/2026, CVC2605001239437, CMS TF WBO MUMBAI
, FT Cr ECMS-CMRLTD201LCU100820-MOHINI INDUSTRIES-50200033588193,," 2,743,500.00",, 19/02/2026, NBOWXL2VSLB41W8Z," NETBANK, MUMBAI"
, RTGS Cr ECMS-IOBA0002449-CMRLTD201LCU100982-JAI DURGE ENTERPRISES-244933000000031,," 1,133,400.00",, 19/02/2026, IOBAR52026021900641680, FORT
, FT Cr ECMS-CMRLTD151LCU101461-SHREE JEE METALS-50200071755012,," 953,500.00",, 19/02/2026, NBWWXSXYT8OVZL7D," NETBANK, MUMBAI"
, Orient Oversea-1100B0226015368,,,"-159,484.43", 19/02/2026, HDFCH00813468415," NETBANK, MUMBAI"
, Orient Oversea-1100B0226015367,,,"-312,478.87", 19/02/2026, HDFCH00813472034," NETBANK, MUMBAI"
, IMPS CR ECMS-9015-CMRGR1100LCU101946-GAURAV-125008988047,," 200,000.00",, 19/02/2026, 605012255787, FARIDABAD HARYANA
, IMPS CR ECMS-9751-cmrgr1100lcu101943-MR TRADING CO-89650005280,," 500,000.00",, 19/02/2026, 605012033268, FARIDABAD HARYANA
, IMPS CR ECMS-9751-cmrgr1100lcu101943-MR TRADING CO-89650005280,," 450,000.00",, 19/02/2026, 605012035991, FARIDABAD HARYANA
, IMPS CR ECMS-9751-cmrgr1100lcu101943-MR TRADING CO-89650005280,," 500,000.00",, 19/02/2026, 605012045314, FARIDABAD HARYANA
, IMPS CR ECMS-9751-cmrgr1100lcu101943-MR TRADING CO-89650005280,," 500,000.00",, 19/02/2026, 605012046752, FARIDABAD HARYANA
, NEFT Cr ECMS-IOBA0001450-CMRGR1100LCU100984-VINAYAK INDUSTRIES-145002000001334,," 1,853,500.00",, 19/02/2026, IOBAN26050520546, FORT
, IMPS CR ECMS-9211-CMRGR1100LCU101946-GAURAVENTERPRISES-923020027564985,," 385,000.00",, 19/02/2026, 605003847054, FARIDABAD HARYANA
, RTGS Cr ECMS-SVCB0000252-CMRLTD151LCU101330-OM TRADING-300002000005017,," 610,000.00",, 19/02/2026, SVCBR52026021900383454, FORT
, RTGS Cr-ICIC0000083-CMR GREEN TECHNOLOGIES LIMITED-CMR GREEN TECHNOLOGIES LTD-ICICR52026021900390719,," 300,000,000.00",, 19/02/2026, ICICR52026021900390719, FORT
," RTGS Dr-RATN0000990-CMRGreenTechnologiesLimited-NETBANK, MUM-HDFCR52026021971921184",,,"-350,000,000.00", 19/02/2026, HDFCR52026021971921184," NETBANK, MUMBAI"
," RTGS Dr-RATN0000990-CMRGreenTechnologiesLimited-NETBANK, MUM-HDFCR52026021971931113",,,"-970,603.00", 19/02/2026, HDFCR52026021971931113," NETBANK, MUMBAI"
, GST/Bank Reference No: E2605070638086/CIN No: HDFC26020500032605,,,"-9,997,292.00", 19/02/2026,," NETBANK, MUMBAI"
, GST/Bank Reference No: E2605070638087/CIN No: HDFC26020500032596,,,"-9,997,292.00", 19/02/2026,," NETBANK, MUMBAI"
, GST/Bank Reference No: E2605070638090/CIN No: HDFC26020500032600,,,"-9,997,291.00", 19/02/2026,," NETBANK, MUMBAI"
, GST/Bank Reference No: E2605070638088/CIN No: HDFC26020500032582,,,"-9,997,291.00", 19/02/2026,," NETBANK, MUMBAI"
, FT-HIZINC7795-Hindustan Zinc Ltd.,,,"-10,001,516.95", 19/02/2026, 602193701663," NETBANK, MUMBAI"
, AUTO RECYCLING-1100B0226015434,,,"-12,832,500.00", 19/02/2026, HDFCH00813952450," NETBANK, MUMBAI"
, BALAJI TRADING-1100B0226015414,,,"-6,087,921.06", 19/02/2026, 602193536422," NETBANK, MUMBAI"
, PEE GEE TRADIN-1100B0226015415,,,"-3,129,450.63", 19/02/2026, 602193536424," NETBANK, MUMBAI"
, AMAIRA METALS-1100B0226015421,,,"-6,019,970.06", 19/02/2026, 602193536409," NETBANK, MUMBAI"
, Mascot Recycli-1100B0226015410,,,"-5,367,090.60", 19/02/2026, HDFCH00813958572," NETBANK, MUMBAI"
, SHARMA METAL-1100B0226015417,,,"-13,828,231.02", 19/02/2026, HDFCH00813956427," NETBANK, MUMBAI"
, MARWADI METALL-1100B0226015412,,,"-5,157,274.80", 19/02/2026, HDFCH00813959210," NETBANK, MUMBAI"
, HARASHIVA META-1100B0226015419,,,"-9,202,555.45", 19/02/2026, HDFCH00813956445," NETBANK, MUMBAI"
, NABIYA TRADERS-1100B0226015400,,,"-4,238,321.04", 19/02/2026, HDFCH00813956622," NETBANK, MUMBAI"
, CHARGES FOR SWIFT MESSAGE,,,-590, 19/02/2026, 612FT01260500016," KUNDLI, SONEPAT"
, CHARGES FOR SWIFT MESSAGE,,,-590, 19/02/2026, 612FT01260500037," KUNDLI, SONEPAT"
, CHARGES FOR SWIFT MESSAGE,,,-590, 19/02/2026, 612FT01260500021," KUNDLI, SONEPAT"
, CHARGES FOR SWIFT MESSAGE,,,-590, 19/02/2026, 612FT01260500039," KUNDLI, SONEPAT"
, CHARGES FOR SWIFT MESSAGE,,,-590, 19/02/2026, 612FT01260500035," KUNDLI, SONEPAT"
, CHARGES FOR SWIFT MESSAGE,,,-590, 19/02/2026, 612FT01260500031," KUNDLI, SONEPAT"
, CHARGES FOR SWIFT MESSAGE,,,-590, 19/02/2026, 612FT01260500040," KUNDLI, SONEPAT"
, NEFT Cr-RATN0000100-CMR GREEN TECHNOLOGIES LIMITED-CMR GREEN TECHNOLOGIES LTD-000503737044,," 350,000,000.00",, 19/02/2026, 000503737044, FORT
, CHARGES FOR SWIFT MESSAGE,,,-590, 19/02/2026, 612FT01260500024," KUNDLI, SONEPAT"
," RTGS Dr-ICIC0006303-CENTURYMETALRECYCLINGLIMITED-NETBANK, MUM-HDFCR52026021972091779",,,"-300,000,000.00", 19/02/2026, HDFCR52026021972091779," NETBANK, MUMBAI"
, RTGS Cr-KKBK0000958-CMR GREEN TECHNOLOGIES LIMITED-CMR GREEN TECHNOLOGIES LIMITED-KKBKR52026021900173366,," 2,770,159.50",, 19/02/2026, KKBKR52026021900173366, FORT
, RTGS Cr-KKBK0000958-CMR GREEN TECHNOLOGIES LIMITED-CMR GREEN TECHNOLOGIES LIMITED-KKBKR52026021900176777,," 2,444,110.20",, 19/02/2026, KKBKR52026021900176777, FORT
, SCOPE OVERSEAS-1100B0226015402,,,"-477,597.79", 19/02/2026, 602193526030," NETBANK, MUMBAI"
, AGGARWAL ALUMI-1100B0226015404,,,"-1,752,313.34", 19/02/2026, 602193526042," NETBANK, MUMBAI"
, MUNDHRA BROTHE-1100B0226015394,,,"-21,770.16", 19/02/2026, 602193526001," NETBANK, MUMBAI"
, SCOPE OVERSEAS-1100B0226015436,,,"-1,437,503.55", 19/02/2026, 602193706031," NETBANK, MUMBAI"
, BLUE OKTOPUS C-1100B0226015373,,,"-194,400.00", 19/02/2026, 602193507227," NETBANK, MUMBAI"
, PETHE INDUSTRI-1100B0226015365,,,"-23,557.50", 19/02/2026, 602193483684," NETBANK, MUMBAI"
, SHIB DASS AND -1100B0226015395,,,"-81,055.62", 19/02/2026, 602193526006," NETBANK, MUMBAI"
, KOHINOOR ENGIN-1100B0226015370,,,"-2,376.00", 19/02/2026, HDFCH00814374494," NETBANK, MUMBAI"
, M S NEW AASTHA-1100B0226015397,,,"-3,569.50", 19/02/2026, HDFCH00814375103," NETBANK, MUMBAI"
, Chhavi Road Li-1100B0226015379,,,"-11,880.00", 19/02/2026, HDFCH00814376932," NETBANK, MUMBAI"
, HOTEL NEW CLAS-1100B0226015396,,,"-22,971.00", 19/02/2026, HDFCH00814375104," NETBANK, MUMBAI"
, Avideep Indust-1100B0226015375,,,"-4,262.75", 19/02/2026, HDFCH00814373271," NETBANK, MUMBAI"
, Kalinga Air Ga-1100B0226015381,,,"-3,964.80", 19/02/2026, HDFCH00814376936," NETBANK, MUMBAI"
, Bansal Reprogr-1100B0226015376,,,"-20,100.26", 19/02/2026, HDFCH00814373272," NETBANK, MUMBAI"
, YOUNG EQUIPMEN-1100B0226015374,,,"-117,600.00", 19/02/2026, HDFCH00814373273," NETBANK, MUMBAI"
, Beco Internati-1100B0226015377,,,"-1,711.00", 19/02/2026, HDFCH00814375105," NETBANK, MUMBAI"
, Brahm Rishi En-1100B0226015378,,,"-7,080.00", 19/02/2026, HDFCH00814375106," NETBANK, MUMBAI"
, Shri Ganesh Tr-1100B0226015383,,,"-2,735.00", 19/02/2026, HDFCH00814376068," NETBANK, MUMBAI"
, RTGS Cr-SBIN0004298-M s Century Metal Recycling Private-Century Metal Rceycling Pvt Ltd-SBINR12026021917316693,," 10,000,000.00",, 19/02/2026, SBINR12026021917316693, CMS TF WBO MUMBAI
, RTGS Cr-SBIN0004298-M s Century Metal Recycling Private-Century Metal Rceycling Pvt Ltd-SBINR12026021917316765,," 10,000,000.00",, 19/02/2026, SBINR12026021917316765, CMS TF WBO MUMBAI
, RTGS Cr ECMS-ICIC0000011-CMRLTD201LCU100931-SAVITA INDUSTRIES-140105001924,," 590,000.00",, 19/02/2026, ICICR42026021900578633, FORT
2/20/2026,Opening balance,"-71,160,254.43",,,,,
, IMPS CR ECMS-9211-CMRGR1100LCU101448-MGMETALS-920020057240920,," 209,161.00",, 20/02/2026, 605105667385, FARIDABAD HARYANA
, NEFT Cr ECMS-UTIB0002172-CMRGR1100LCU101448-M.G. METALS-920020057240920,," 992,890.00",, 20/02/2026, AXOIR05100900046, FORT
, FT Cr ECMS-CMRGR1100LCU101661-MOURYA ENTERPRISES-50200068028400,," 571,496.00",, 20/02/2026, HDFC3C166AE3607F," NETBANK, MUMBAI"
, Hamraj Enterpr-1100B0226015366,,,"-37,465.00", 20/02/2026, HDFCH00814538451," NETBANK, MUMBAI"
, M S JAY AMBE M-1100B0226015371,,,"-373,980.60", 20/02/2026, HDFCH00814537921," NETBANK, MUMBAI"
, ATIF TRADING C-1100B0226015401,,,"-2,240,109.52", 20/02/2026, HDFCH00814553167," NETBANK, MUMBAI"
, BABLI ENTERPRI-1100B0226015406,,,"-97,803.00", 20/02/2026, HDFCH00814553217," NETBANK, MUMBAI"
, M S SHIVAM ENT-1100B0226015398,,,"-48,594.56", 20/02/2026, HDFCH00814550653," NETBANK, MUMBAI"
, SHRI SHYAM MET-1100B0226015423,,,"-1,555,266.37", 20/02/2026, HDFCH00814550809," NETBANK, MUMBAI"
, JHALANI EXTRUS-1100B0226015413,,,"-1,726,688.56", 20/02/2026, HDFCH00814553257," NETBANK, MUMBAI"
, LINDE INDIA LI-1100B0226015372,,,"-14,124.60", 20/02/2026, HDFCH00814552490," NETBANK, MUMBAI"
, FIRST CARS PRI-1100B0226015409,,,"-22,487.99", 20/02/2026, HDFCH00814554463," NETBANK, MUMBAI"
, BHAGWATI ENTER-1100B0226015422,,,"-1,826,677.59", 20/02/2026, HDFCH00814551557," NETBANK, MUMBAI"
, Hindustan Petr-1100B0226015380,,,"-27,010.20", 20/02/2026, HDFCH00814552529," NETBANK, MUMBAI"
, RAPIDUE TECHNO-1100B0226015399,,,"-1,860,429.79", 20/02/2026, HDFCH00814551602," NETBANK, MUMBAI"
, FIRST CARS PRI-1100B0226015408,,,"-78,964.95", 20/02/2026, HDFCH00814555165," NETBANK, MUMBAI"
, Unique Furnace-1100B0226015386,,,"-43,660.00", 20/02/2026, HDFCH00814552566," NETBANK, MUMBAI"
, Shah Coal Depo-1100B0226015382,,,"-8,740.00", 20/02/2026, HDFCH00814554642," NETBANK, MUMBAI"
, BHARAT SCRAP F-1100B0226015418,,,"-1,923,300.51", 20/02/2026, HDFCH00814551657," NETBANK, MUMBAI"
, Continental Ea-1100B0226015388,,,"-121,097.02", 20/02/2026, HDFCH00814551732," NETBANK, MUMBAI"
, ANSH ENTERPRIS-1100B0226015403,,,"-209,087.40", 20/02/2026, HDFCH00814553594," NETBANK, MUMBAI"
, Scottish Chemi-1100B0226015391,,,"-348,378.80", 20/02/2026, HDFCH00814554684," NETBANK, MUMBAI"
, Digvijay Print-1100B0226015390,,,"-5,345.40", 20/02/2026, HDFCH00814553637," NETBANK, MUMBAI"
, JINDAL STEEL T-1100B0226015411,,,"-2,338,761.31", 20/02/2026, HDFCH00814552663," NETBANK, MUMBAI"
, UNIVERSAL META-1100B0226015416,,,"-1,274,679.90", 20/02/2026, HDFCH00814552678," NETBANK, MUMBAI"
, MAKE MY TRIP -1100B0226015407,,,"-20,706.00", 20/02/2026, HDFCH00814555507," NETBANK, MUMBAI"
, GENDA GAS AGEN-1100B0226015393,,,"-69,779.52", 20/02/2026, HDFCH00814550086," NETBANK, MUMBAI"
, Shree Bhawal M-1100B0226015389,,,"-39,181.43", 20/02/2026, HDFCH00814550091," NETBANK, MUMBAI"
, ALPHA METALS -1100B0226015420,,,"-1,476,838.86", 20/02/2026, HDFCH00814555539," NETBANK, MUMBAI"
, Axcel Gases-1100B0226015385,,,"-13,388.28", 20/02/2026, HDFCH00814552715," NETBANK, MUMBAI"
, NILKAMAL LIMIT-1100B0226015392,,,"-9,298.40", 20/02/2026, HDFCH00814552040," NETBANK, MUMBAI"
, Sharma Trading-1100B0226015387,,,"-75,710.78", 20/02/2026, HDFCH00814555574," NETBANK, MUMBAI"
, P.J. Networks -1100B0226015384,,,"-22,420.00", 20/02/2026, HDFCH00814558213," NETBANK, MUMBAI"
, NEFT Cr ECMS-CNRB0019251-CMRLTD152LCU101556-M S ENTERPRISES-92511400000402,," 515,000.00",, 20/02/2026, CNRBH00112011640, FORT
, RTGS Cr ECMS-SBIN0050771-CMRGR1100LSU101802-SAI TRADING CO-44748773564,," 1,000,000.00",, 20/02/2026, SBINR12026022017321131, FORT
, IMPS CR ECMS-9002-CMRGR1100LSU101802-9999203430Ravi-00000044748773564,," 135,000.00",, 20/02/2026, 605107999048, FARIDABAD HARYANA
, IMPS CR ECMS-9211-CMRGR1100LCU101110-OMNAMOMETAL-922020066935237,," 286,000.00",, 20/02/2026, 605106497000, FARIDABAD HARYANA
, GST/Bank Reference No: E2605170745461/CIN No: HDFC26020600113183,,,"-582,649.00", 20/02/2026,," NETBANK, MUMBAI"
, GST/Bank Reference No: E2605170745460/CIN No: HDFC26020900310720,,,"-198,545.00", 20/02/2026,," NETBANK, MUMBAI"
, GST/Bank Reference No: E2605170745462/CIN No: HDFC26020500034968,,,"-532,094.00", 20/02/2026,," NETBANK, MUMBAI"
, IMPS CR ECMS-9052-CMRGR1100LCU101769-AMAN ENTERPRISES-0667202500004701,," 44,500.00",, 20/02/2026, 605141052799, FARIDABAD HARYANA
, GST/Bank Reference No: E2605170747514/CIN No: HDFC26020900338174,,,"-108,164.00", 20/02/2026,," NETBANK, MUMBAI"
, GST/Bank Reference No: E2605170747515/CIN No: HDFC26020600126249,,,"-431,068.00", 20/02/2026,," NETBANK, MUMBAI"
, GST/Bank Reference No: E2605170747518/CIN No: HDFC26020600125838,,,"-1,589,616.00", 20/02/2026,," NETBANK, MUMBAI"
, GST/Bank Reference No: E2605170747517/CIN No: HDFC26020600130333,,,"-311,430.00", 20/02/2026,," NETBANK, MUMBAI"
, GST/Bank Reference No: E2605170747516/CIN No: HDFC26022400360186,,,"-199,182.00", 20/02/2026,," NETBANK, MUMBAI"
, GST/Bank Reference No: E2605170747525/CIN No: HDFC26020600125960,,,"-1,092,226.00", 20/02/2026,," NETBANK, MUMBAI"
, GST/Bank Reference No: E2605170747526/CIN No: HDFC26020900337529,,,"-703,125.00", 20/02/2026,," NETBANK, MUMBAI"
, Trans Asian Sh-1100B0226015458,,,"-164,518.08", 20/02/2026, 602204368845," NETBANK, MUMBAI"
, ODEX INDIA SOL-1100B0226015457,,,"-1,365,628.28", 20/02/2026, HDFCH00815348359," NETBANK, MUMBAI"
, PROLOGIS FREIG-1100B0226015459,,,"-102,923.84", 20/02/2026, HDFCH00815349260," NETBANK, MUMBAI"
, ODEX INDIA SOL-1100B0226015460,,,"-433,349.10", 20/02/2026, HDFCH00815348363," NETBANK, MUMBAI"
, ODEX INDIA SOL-1100B0226015455,,,"-2,338,463.82", 20/02/2026, HDFCH00815346640," NETBANK, MUMBAI"
, ODEX INDIA SOL-1100B0226015456,,,"-1,164,553.80", 20/02/2026, HDFCH00815350368," NETBANK, MUMBAI"
, RTGS Cr ECMS-KKBK0000958-CMRGR1100LCU101760-NIA METALS-3347508444,," 276,000.00",, 20/02/2026, KKBKR52026022000844733, FORT
, INW 190226I049900291 USD25960.15@90.94,," 2,360,816.04",, 20/02/2026, 200226242210," NETBANK, MUMBAI"
, 190226I049900291 DPO2605104046808 IGST,,,"-1,234.95", 20/02/2026, 200226242217," NETBANK, MUMBAI"
, RTGS Cr-UTIB0000039-CMR GREEN TECHNOLOGIES LIMITED FORMERLY-CENTURY METAL RECYCLING LIMITE-UTIBR62026022058103127,," 50,000,000.00",, 20/02/2026, UTIBR62026022058103127, CMS TF WBO MUMBAI
, IMPS CR ECMS-9015-CMRGR1100LCU101497-M S MISHKA-125008337385,, 100.00,, 20/02/2026, 605116572286, FARIDABAD HARYANA
, 57500000342857-2857,,,"-135,000,000.00", 20/02/2026, 602204725200," NETBANK, MUMBAI"
, 57500000478667-SMT,,,"-61,975.00", 20/02/2026, 602204754209," NETBANK, MUMBAI"
, RTGS Cr ECMS-ICIC0000011-CMRGR1100LCU101832-MANOJ TRADING CO.-235451000006,," 2,443,000.00",, 20/02/2026, ICICR42026022000552999, FORT
, GST/Bank Reference No: E2605170804624/CIN No: HDFC26020600204225,,,"-9,660,525.00", 20/02/2026,," NETBANK, MUMBAI"
, GST/Bank Reference No: E2605170804623/CIN No: HDFC26020600204000,,,"-9,660,525.00", 20/02/2026,," NETBANK, MUMBAI"
, IMPS CR ECMS-9765-CMRGR1100LCU101791-M R TRADERS-2502219264656841,," 20,000.00",, 20/02/2026, 605116235219, FARIDABAD HARYANA
, NEFT Cr ECMS-IDFB0021314-cmrgr1100lcu101943-M.R. TRADING CO.-89650005280,," 400,000.00",, 20/02/2026, IDFB605166424921, FORT
, IMPS CR ECMS-9765-CMRGR1100LCU101791-M R TRADERS-2502219264656841,," 6,300.00",, 20/02/2026, 605116242474, FARIDABAD HARYANA
, FT- 1479451453 - 0023021270 - 57500000579710 -RICO AUTO INDUSTRIES LTD,," 13,036,759.92",, 20/02/2026, 1479451453, CBX Internet System Mumbai
, FCY OUTWARD REMITTANCE,,,"-129,574.88", 20/02/2026, 612FT01260510100," KUNDLI, SONEPAT"
, FCY OUTWARD REMITTANCE,,,"-95,379.45", 20/02/2026, 612FT01260510116," KUNDLI, SONEPAT"
, NEFT Cr ECMS-BKID0000200-CMRGR1100LCU101880-AKHILESH FABRICATOR-673520110000226,," 590,000.00",, 20/02/2026, BKIDP26051351867, FORT
, RTGS Cr ECMS-UTIB0002437-CMRLTD151LCU101262-MAHAKAL ENTERPRISES-921020020261421,," 600,000.00",, 20/02/2026, UTIBR72026022000579036, FORT
, FT602205285914-CMR ALUMINIUM PRIVATE LTD FT 0028-57500000540028,," 10,000,000.00",, 20/02/2026, 602205285914," NETBANK, MUMBAI"
, NEFT Cr ECMS-AUBL0002011-CMRGE1100LCU101987-S K TRADING CO-2602246710340760,," 100,000.00",, 20/02/2026, AUBLH05123258935, FORT
, RTGS Cr-SBIN0004298-M s Century Metal Recycling Private-Century Metal Rceycling Pvt Ltd-SBINR12026022017458892,," 10,000,000.00",, 20/02/2026, SBINR12026022017458892, CMS TF WBO MUMBAI
, RTGS Cr-SBIN0004298-M s Century Metal Recycling Private-Century Metal Rceycling Pvt Ltd-SBINR12026022017458839,," 10,000,000.00",, 20/02/2026, SBINR12026022017458839, CMS TF WBO MUMBAI
, RTGS Cr-UTIB0000039-CMR GREEN TECHNOLOGIES LIMITED FORMERLY-CENTURY METAL RECYCLING LIMITE-UTIBR62026022058212813,," 3,260,000.00",, 20/02/2026, UTIBR62026022058212813, CMS TF WBO MUMBAI
, RTGS Cr-UTIB0000039-CMR GREEN TECHNOLOGIES LIMITED FORMERLY-CENTURY METAL RECYCLING LIMITE-UTIBR62026022058211708,," 9,900,000.00",, 20/02/2026, UTIBR62026022058211708, CMS TF WBO MUMBAI
, RTGS Cr-UTIB0000039-CMR GREEN TECHNOLOGIES LIMITED FORMERLY-CENTURY METAL RECYCLING LIMITE-UTIBR62026022058211712,," 9,900,000.00",, 20/02/2026, UTIBR62026022058211712, CMS TF WBO MUMBAI
, AUTO SWEEPOUT TO CMR GREEN TECHNOLOGI 57500000342857,," 8,641,460.97",, 20/02/2026,, FARIDABAD HARYANA
2/21/2026,Opening balance,"-119,708,497.04",,,,,
, RTGS Cr ECMS-ICIC0000011-CMRLTD201LCU100490-M K TRADERS CASTING-661305500712,," 600,000.00",, 21/02/2026, ICICR42026022100502226, FORT
, RTGS Cr ECMS-INDB0000098-CMRGR1100LCU101587-RITIKA TRADING COMPANY-259716215100,," 846,178.00",, 21/02/2026, INDBR32026022100562923, FORT
, FT Cr ECMS-CMRGR1100LCU101564-SUNLITE RECYCLING INDUSTRIES L-50200073104369,," 24,241,212.00",, 21/02/2026, 1480468763, CBX Internet System Mumbai
, RTGS Cr ECMS-ICIC0003581-CMRGR1100LSU102994-U P GREEN RECYCLING CO-358105500284,," 2,000,000.00",, 21/02/2026, ICICR52026022100496523, FORT
, Hyundai Mercha-1100B0226015466,,,"-39,255.95", 21/02/2026, HDFCH00816957813," NETBANK, MUMBAI"
, One Time Busin-1100B0226015469,,,"-23,408.00", 21/02/2026, HDFCH00816951960," NETBANK, MUMBAI"
, INDIA INTERNAT-1100B0226015480,,,"-99,018.00", 21/02/2026, HDFCH00816957123," NETBANK, MUMBAI"
, IMPS CR ECMS-9052-CMRGR1100LCU101769-AMAN ENTERPRISES-0667202500004701,," 42,500.00",, 21/02/2026, 605241259625, FARIDABAD HARYANA
, IMPS CR ECMS-9052-CMRGR1100LCU101769-AMAN ENTERPRISES-0667202500004701,," 6,800.00",, 21/02/2026, 605241274833, FARIDABAD HARYANA
, IMPS CR ECMS-9751-CMRLTD201LCU100393-J V K ENTERPRISES-50000019860,," 184,000.00",, 21/02/2026, 605214608958, FARIDABAD HARYANA
, COMM ON LIQD OF IMP COLL BILL,,,-177, 21/02/2026, 612BC05260520003," KUNDLI, SONEPAT"
, RTGS Cr ECMS-UTIB0002437-CMRLTD151LCU101497-M/S MISHKA ENTERPRISES-922020029366005,," 750,000.00",, 21/02/2026, UTIBR72026022100575707, FORT
, IMPS CR ECMS-9211-CMRLTD151LCU101497-MSMISHKAENTERPRISES-922020029366005,," 500,000.00",, 21/02/2026, 605211125643, FARIDABAD HARYANA
, RTGS Cr ECMS-SVCB0000252-CMRLTD151LCU101330-OM TRADING-300002000005017,," 576,000.00",, 21/02/2026, SVCBR52026022100391489, FORT
, FT Cr ECMS-CMRGR1100LCU101929-DV GLOBEX-50200110299090,," 1,000,000.00",, 21/02/2026, NBYO63LL4BPEE5ZZ," NETBANK, MUMBAI"
, RTGS Cr-SBIN0004298-CMR NIKKEI INDIA PVT LTD-Century Metal Recycling Limited-SBINR12026022117574376,," 10,000,000.00",, 21/02/2026, SBINR12026022117574376, CMS TF WBO MUMBAI
, RTGS Cr-SBIN0004298-CMR NIKKEI INDIA PVT LTD-Century Metal Recycling Limited-SBINR12026022117574375,," 10,000,000.00",, 21/02/2026, SBINR12026022117574375, CMS TF WBO MUMBAI
, RTGS Cr-SBIN0004298-CMR NIKKEI INDIA PVT LTD-Century Metal Recycling Limited-SBINR12026022117574374,," 10,000,000.00",, 21/02/2026, SBINR12026022117574374, CMS TF WBO MUMBAI
, RTGS Cr-SBIN0004298-CMR NIKKEI INDIA PVT LTD-Century Metal Recycling Limited-SBINR12026022117574377,," 10,000,000.00",, 21/02/2026, SBINR12026022117574377, CMS TF WBO MUMBAI
, RTGS Cr-SBIN0004298-CMR NIKKEI INDIA PVT LTD-Century Metal Recycling Limited-SBINR12026022117574387,," 10,000,000.00",, 21/02/2026, SBINR12026022117574387, CMS TF WBO MUMBAI
, RTGS Cr-SBIN0004298-CMR NIKKEI INDIA PVT LTD-Century Metal Recycling Limited-SBINR12026022117574386,," 10,000,000.00",, 21/02/2026, SBINR12026022117574386, CMS TF WBO MUMBAI
, RTGS Cr-SBIN0004298-CMR NIKKEI INDIA PVT LTD-Century Metal Recycling Limited-SBINR12026022117574388,," 10,000,000.00",, 21/02/2026, SBINR12026022117574388, CMS TF WBO MUMBAI
, RTGS Cr-UTIB0000039-CMR GREEN TECHNOLOGIES LIMITED FORMERLY-CENTURY METAL RECYCLING LIMITE-UTIBR62026022158417001,," 1,528,000.00",, 21/02/2026, UTIBR62026022158417001, FORT
2/22/2026,Opening balance,"-17,595,665.99",,,,,
, FT Cr ECMS-CMRGR1100LCU100335-REHAN TRADERS-50200087498200,," 380,000.00",, 22/02/2026, HDFCE157E28E7DDD," NETBANK, MUMBAI"
, RTGS Cr ECMS-ICIC0000011-CMRLTD151LCU101487-MAYA ENTERPRISES-140105001960,," 580,000.00",, 22/02/2026, ICICR42026022200508474, FORT
, RTGS Cr ECMS-CNRB0008423-CMRGR1100LCU101497-M S MISHKA-125008337385,," 750,000.00",, 22/02/2026, CNRBR52026022278226007, FORT
, RTGS Cr ECMS-UTIB0002437-CMRLTD151LCU101262-MAHAKAL ENTERPRISES-921020020261421,," 600,000.00",, 22/02/2026, UTIBR72026022200572875, FORT
, RTGS Cr ECMS-ICIC0000011-CMRLTD201LCU100490-M K TRADERS CASTING-661305500712,," 580,000.00",, 22/02/2026, ICICR42026022200513738, FORT
2/23/2026,Opening balance,"-14,705,665.99",,,,,
, RTGS Cr ECMS-ICIC0000011-CMRLTD151LCU101618-MAHAKALESHWAR ENTERPRISES-779405000110,," 590,000.00",, 23/02/2026, ICICR42026022300502545, FORT
, FT Cr ECMS-CMRLTD152LCU101434-AMIT ALLOYS COMPANY-99997635077350,," 190,500.00",, 23/02/2026, NBAMBJJFDLPYFPAQ," NETBANK, MUMBAI"
, FT Cr ECMS-CMRGR1100LCU100335-REHAN TRADERS-50200087498200,," 753,500.00",, 23/02/2026, HDFCD04D6994A1F0," NETBANK, MUMBAI"
, FT Cr ECMS-CMRGR1100LCU100221-NIYAZ MOHD TRADING AND CASTING-59209813362326,," 538,000.00",, 23/02/2026, NBLTT2TTGG1LSNBX," NETBANK, MUMBAI"
, RTGS Cr ECMS-CNRB0019260-CMRGR1100LSU101904-SAWA ENTERPRISES-125005017703,," 430,900.00",, 23/02/2026, CNRBR52026022378234883, FORT
, FT Cr ECMS-CMRGR1100LCU101564-SUNLITE RECYCLING INDUSTRIES L-50200073104369,," 24,241,212.00",, 23/02/2026, 1482241152, CBX Internet System Mumbai
, RTGS Cr ECMS-ICIC0000011-CMRLTD151LCU101326-VIPUL ENTERPRISE-348605000307,," 2,576,130.00",, 23/02/2026, ICICR42026022300512195, FORT
, RTGS Cr ECMS-ICIC0000011-CMRLTD151LCU101326-VIPUL ENTERPRISE-348605000307,," 2,500,000.00",, 23/02/2026, ICICR42026022300512577, FORT
, RTGS Cr ECMS-ICIC0000011-CMRLTD151LCU101326-VIPUL ENTERPRISE-348605000307,," 1,300,000.00",, 23/02/2026, ICICR42026022300512921, FORT
, IMPS CR ECMS-9485-CMRGR1100LCU101962-URBAN METALS REPBIN COMPANY-6450815799,," 500,000.00",, 23/02/2026, 605412927221, FARIDABAD HARYANA
, NEFT Cr ECMS-CNRB0019260-CMRGE1100LCU101988-YASHASVI ENTERPRISES-120038713154,," 100,000.00",, 23/02/2026, CNRBH00112581068, FORT
, IMPS CR ECMS-9485-CMRGR1100LCU101962-URBAN METALS REPBIN COMPANY-6450815799,," 500,000.00",, 23/02/2026, 605412929414, FARIDABAD HARYANA
, FT Cr ECMS-CMRLTD201LCU100820-MOHINI INDUSTRIES-50200033588193,," 1,372,000.00",, 23/02/2026, NBDDWIRQBS1JNNCA," NETBANK, MUMBAI"
, IMPS CR ECMS-9015-CMRLTD201LCU100837-PRATEEK METALS RECYC-94533070001899,," 500,000.00",, 23/02/2026, 605412210175, FARIDABAD HARYANA
, FT Cr ECMS-CMRGR1100LCU101982-BAHUBALI NAMO METALLOYS LLP-50200112148180,," 10,000.00",, 23/02/2026, 1482534743, CBX Internet System Mumbai
, Emirates Shipp-1100B0226015609,,,"-7,670.00", 23/02/2026, HDFCH00819081676," NETBANK, MUMBAI"
, ODEX INDIA SOL-1100B0226015544,,,"-807,792.60", 23/02/2026, HDFCH00819087206," NETBANK, MUMBAI"
, Emirates Shipp-1100B0226015612,,,"-150,184.50", 23/02/2026, HDFCH00819081680," NETBANK, MUMBAI"
, Emirates Shipp-1100B0226015613,,,-590, 23/02/2026, HDFCH00819088116," NETBANK, MUMBAI"
, Hyundai Mercha-1100B0226015633,,,"-171,786.76", 23/02/2026, HDFCH00819090689," NETBANK, MUMBAI"
, Ocean Network -1100B0226015623,,,"-321,328.16", 23/02/2026, HDFCH00819088118," NETBANK, MUMBAI"
, Ocean Network -1100B0226015617,,,"-601,954.58", 23/02/2026, HDFCH00819088962," NETBANK, MUMBAI"
, Maersk Line In-1100B0226015616,,,"-379,437.26", 23/02/2026, HDFCH00819088964," NETBANK, MUMBAI"
, IMPS CR ECMS-9015-CMRLTD201LCU100837-DHARMENDRA SINGH-94532200010284,," 13,070.00",, 23/02/2026, 605413221290, FARIDABAD HARYANA
, RTGS Cr ECMS-UTIB0001602-CMRLTD201LCU100885-BALAJI METAL-919020028918184,," 1,222,000.00",, 23/02/2026, UTIBR72026022300574340, FORT
, NEFT Cr ECMS-KKBK0000958-CMRGE1100LCU101962-URBAN METALS REPBIN COMPANY-6450815799,," 121,000.00",, 23/02/2026, KKBKH26054877601, FORT
, FT602236308634-CMR ALUMINIUM PRIVATE LTD FT 0028-57500000540028,," 20,000,000.00",, 23/02/2026, 602236308634," NETBANK, MUMBAI"
, FT602236308202-CMR NIKKEI INDIA PVT LTD 1274 FT-00930310001274,," 70,000,000.00",, 23/02/2026, 602236308202," NETBANK, MUMBAI"
, 57500000342857-2857,,,"-216,000,000.00", 23/02/2026, 602236309784," NETBANK, MUMBAI"
, RTGS Cr ECMS-YESB0000001-CMRGR1100LCU101972-SUN SHINE ENTERPRISES-048761900000594,," 430,000.00",, 23/02/2026, YESBR12026022300036413, FORT
, CCH3HA21CS0505_MGVC-BILLMGVEC,,,"-736,073.18", 23/02/2026, 602236299762," NETBANK, MUMBAI"
, RTGS Cr-KKBK0000958-CMR GREEN TECHNOLOGIES LIMITED-CMR GREEN TECHNOLOGIES LIMITED-KKBKR52026022300336009,," 30,938,163.94",, 23/02/2026, KKBKR52026022300336009, FORT
, CJ DARCL LOGIS-1100B0226015604,,,"-232,467.37", 23/02/2026, HDFCH00819475472," NETBANK, MUMBAI"
, TREIS SOLUTION-1100B0226015596,,,"-130,844.08", 23/02/2026, HDFCH00819475479," NETBANK, MUMBAI"
, CJ DARCL LOGIS-1100B0226015601,,,"-18,479.08", 23/02/2026, HDFCH00819473860," NETBANK, MUMBAI"
, Ocean Network -1100B0226015652,,,"-28,320.00", 23/02/2026, HDFCH00819475484," NETBANK, MUMBAI"
, INW 210226I049905221 USD15625.0@90.71,," 1,417,343.75",, 23/02/2026, 230226251582," NETBANK, MUMBAI"
, 210226I049905221 DPO2605412147491 IGST,,,"-1,065.12", 23/02/2026, 230226251589," NETBANK, MUMBAI"
, RTGS Cr-SCBL0036001-SUNBEAM LIGHTWEIGHTING SOLUTIONS PR-CMR GREEN TECHNOLOGIES LIMITED-SCBLR12026022300815870,," 49,799,052.83",, 23/02/2026, SCBLR12026022300815870, FORT
, COMM ON LIQD OF IMP COLL BILL,,,-177, 23/02/2026, 612BC05260540002," KUNDLI, SONEPAT"
, RTGS Cr ECMS-CNRB0008423-CMRGR1100LCU101497-M S MISHKA-125008337385,," 650,000.00",, 23/02/2026, CNRBR52026022378322977, FORT
, COMM ON LIQD OF IMP COLL BILL,,,-177, 23/02/2026, 612BC05260540003," KUNDLI, SONEPAT"
, COMM ON IMPORT LC ISSUED,,,"-18,744.30", 23/02/2026, 612SBBC260540004," KUNDLI, SONEPAT"
, COMM ON IMPORT LC ISSUED,,,"-10,140.92", 23/02/2026, 612SBBC260540003," KUNDLI, SONEPAT"
, COMM ON IMPORT LC ISSUED,,,"-19,674.14", 23/02/2026, 612SBBC260540002," KUNDLI, SONEPAT"
, COMM ON IMPORT LC ISSUED,,,"-67,006.30", 23/02/2026, 612SBBC260540001," KUNDLI, SONEPAT"
," RTGS Dr-ICIC0006303-CENTURYMETALRECYCLINGLIMITED-NETBANK, MUM-HDFCR52026022373560170",,,"-35,739,000.00", 23/02/2026, HDFCR52026022373560170," NETBANK, MUMBAI"
, FT CR ECMS-CMRGE1100LCU101954-HARIHAR METCORP-50200088553017,," 1,619,656.00",, 23/02/2026, 000029, SHASTRIPURAM
, NEFT Cr ECMS-IDFB0021314-cmrgr1100lcu101943-M.R. TRADING CO.-89650005280,," 500,000.00",, 23/02/2026, IDFB605467120986, FORT
, RTGS Cr ECMS-UTIB0003202-CMRGR1100LCU101763-MATHURIA TRADERS-924020041901864,," 891,170.00",, 23/02/2026, UTIBR72026022300578394, FORT
, INW 180226I049910267 USD124.9@90.81,," 11,342.17",, 23/02/2026, 230226287710," NETBANK, MUMBAI"
, 180226I049910267 DPO2605412163173 IGST,,,-45, 23/02/2026, 230226287717," NETBANK, MUMBAI"
, INW 190226I049906999 USD3960.0@90.81,," 359,607.60",, 23/02/2026, 230226287926," NETBANK, MUMBAI"
, 190226I049906999 DPO2605412163227 IGST,,,-413.65, 23/02/2026, 230226287933," NETBANK, MUMBAI"
, NEFT Cr ECMS-UTIB0000282-CMRLTD151LCU101328-S.M METALS-921020010836396,," 1,500,000.00",, 23/02/2026, AXOMB05402114299, FORT
, RTGS Cr ECMS-ICIC0000011-CMRLTD151LCU101303-DEEPAK TRADERS-036705501505,," 500,000.00",, 23/02/2026, ICICR42026022300584702, FORT
, FT Cr ECMS-CMRLTD151LCU101401-PR METAL ALLOYS-50200066711522,," 2,584,200.00",, 23/02/2026, 1483695602, CBX Internet System Mumbai
, FT Cr ECMS-CMRGR1100LCU101816-BANSAL STEEL-50200081672661,," 2,204,830.00",, 23/02/2026, 1483708431, CBX Internet System Mumbai
, R. K Printers -1100B0226015559,,,"-5,310.00", 23/02/2026, HDFCH00820425067," NETBANK, MUMBAI"
, P.J. Networks -1100B0226015558,,,"-44,840.00", 23/02/2026, HDFCH00820434513," NETBANK, MUMBAI"
, BOMBAY STATION-1100B0226015517,,,-873.2, 23/02/2026, HDFCH00820434517," NETBANK, MUMBAI"
, RIYA ENTERPRIS-1100B0226015525,,,-944, 23/02/2026, HDFCH00820435392," NETBANK, MUMBAI"
, SYNTROPIC SOLU-1100B0226015534,,,"-28,320.00", 23/02/2026, HDFCH00820434522," NETBANK, MUMBAI"
, THE CAMELLIAS -1100B0226015514,,,"-43,296.00", 23/02/2026, HDFCH00820434037," NETBANK, MUMBAI"
, POOJA TYAGI-1100B0226015520,,,"-54,000.00", 23/02/2026, HDFCH00820434528," NETBANK, MUMBAI"
, Jubi Pack-1100B0226015509,,,"-645,933.80", 23/02/2026, 602236118514," NETBANK, MUMBAI"
, MAKE MY TRIP -1100B0226015521,,,"-6,966.00", 23/02/2026, HDFCH00820434534," NETBANK, MUMBAI"
, Mahesh Agencie-1100B0226015518,,,"-11,439.33", 23/02/2026, HDFCH00820432772," NETBANK, MUMBAI"
, Sharma Steels -1100B0226015557,,,"-459,031.80", 23/02/2026, 602236198229," NETBANK, MUMBAI"
, Sangam Hardwar-1100B0226015551,,,"-149,919.00", 23/02/2026, 602236198339," NETBANK, MUMBAI"
, VIKAS HARDWARE-1100B0226015511,,,"-41,634.03", 23/02/2026, 602236118518," NETBANK, MUMBAI"
, WASTE TO ENERG-1100B0226015535,,,"-1,446,179.08", 23/02/2026, 602236140037," NETBANK, MUMBAI"
, KRISHNA ELECTR-1100B0226015530,,,"-38,615.98", 23/02/2026, 602236140015," NETBANK, MUMBAI"
, SCOPE OVERSEAS-1100B0226015538,,,"-2,494,786.50", 23/02/2026, 602236143537," NETBANK, MUMBAI"
, HOTEL SARVOTTA-1100B0226015519,,,"-54,237.26", 23/02/2026, 602236140048," NETBANK, MUMBAI"
, MUNDHRA BROTHE-1100B0226015501,,,"-65,741.00", 23/02/2026, 602236114288," NETBANK, MUMBAI"
, Shree Ram Ente-1100B0226015552,,,-826, 23/02/2026, HDFCH00820432777," NETBANK, MUMBAI"
, SETH AIR PRODU-1100B0226015584,,,"-2,891.00", 23/02/2026, HDFCH00820432168," NETBANK, MUMBAI"
, N.C.R. BHARATG-1100B0226015583,,,"-180,969.04", 23/02/2026, 602236198287," NETBANK, MUMBAI"
, WATRANA RENTAL-1100B0226015582,,,"-172,265.35", 23/02/2026, 602236198285," NETBANK, MUMBAI"
, Ankit Enterpri-1100B0226015573,,,"-200,135.66", 23/02/2026, 602236198263," NETBANK, MUMBAI"
, SHRI BALA JI F-1100B0226015602,,,"-16,845.00", 23/02/2026, 602236198333," NETBANK, MUMBAI"
, As Equipment P-1100B0226015568,,,"-75,245.18", 23/02/2026, 602236198253," NETBANK, MUMBAI"
, WASTE TO ENERG-1100B0226015606,,,"-1,974,117.61", 23/02/2026, 602236198345," NETBANK, MUMBAI"
, QAPITA EQUITYT-1100B0226015611,,,"-135,000.00", 23/02/2026, 602236211812," NETBANK, MUMBAI"
, PREMIER ROAD C-1100B0226015588,,,"-1,980.00", 23/02/2026, 602236198300," NETBANK, MUMBAI"
, FS Internation-1100B0226015567,,,"-107,616.00", 23/02/2026, 602236198251," NETBANK, MUMBAI"
, ROYAL ELECTRIC-1100B0226015589,,,"-18,880.00", 23/02/2026, 602236198302," NETBANK, MUMBAI"
, VIKAS HARDWARE-1100B0226015576,,,"-4,012.94", 23/02/2026, 602236198271," NETBANK, MUMBAI"
, MUNDHRA BROTHE-1100B0226015579,,,"-187,950.31", 23/02/2026, 602236198279," NETBANK, MUMBAI"
, RTGS Cr-KKBK0000958-CMR GREEN TECHNOLOGIES LIMITED-CMR GREEN TECHNOLOGIES LIMITED-KKBKR52026022300368635,," 4,524,756.30",, 23/02/2026, KKBKR52026022300368635, FORT
, AUTO SWEEPOUT TO CMR GREEN TECHNOLOGI 57500000342857,," 1,205,216.82",, 23/02/2026,, FARIDABAD HARYANA
2/24/2026,Opening balance,"-52,226,186.65",,,,,
, RTGS Cr ECMS-KKBK0000958-CMRGR1100LCU101691-VEDANSH TRADING-3850190839,," 7,740,000.00",, 24/02/2026, KKBKR12026022400617052, FORT
, NEFT Cr ECMS-UTIB0000282-CMRLTD151LCU101328-S.M METALS-921020010836396,," 749,000.00",, 24/02/2026, AXOMB05502003329, FORT
, CERA THERMAL T-1100B0226015510,,,"-2,449,856.08", 24/02/2026, HDFCH00820650748," NETBANK, MUMBAI"
, Axcel Gases-1100B0226015560,,,"-18,708.90", 24/02/2026, HDFCH00820650750," NETBANK, MUMBAI"
, G.C. Cargo Mov-1100B0226015575,,,"-54,411.02", 24/02/2026, HDFCH00820654032," NETBANK, MUMBAI"
, Jyoti Engineer-1100B0226015562,,,"-197,740.40", 24/02/2026, HDFCH00820651668," NETBANK, MUMBAI"
, Shree Bhawal M-1100B0226015572,,,"-10,632.98", 24/02/2026, HDFCH00820654083," NETBANK, MUMBAI"
, MITTAL DEALS-1100B0226015577,,,"-8,667.92", 24/02/2026, HDFCH00820651687," NETBANK, MUMBAI"
, Sharma Trading-1100B0226015571,,,"-146,261.77", 24/02/2026, HDFCH00820652410," NETBANK, MUMBAI"
, Pacific Electr-1100B0226015565,,,"-5,870.50", 24/02/2026, HDFCH00820653677," NETBANK, MUMBAI"
, S.S. Movers -1100B0226015569,,,"-837,520.00", 24/02/2026, HDFCH00820654123," NETBANK, MUMBAI"
, Unique Furnace-1100B0226015564,,,"-227,238.50", 24/02/2026, HDFCH00820654897," NETBANK, MUMBAI"
, JK CIVIL CONST-1100B0226015504,,,"-1,061,865.67", 24/02/2026, HDFCH00820654963," NETBANK, MUMBAI"
, Vinay Trading -1100B0226015553,,,"-16,852.76", 24/02/2026, HDFCH00820651740," NETBANK, MUMBAI"
, Parmanand Tiwa-1100B0226015502,,,"-9,000.00", 24/02/2026, HDFCH00820652656," NETBANK, MUMBAI"
, Hind Terminals-1100B0226015515,,,"-384,806.81", 24/02/2026, HDFCH00820654210," NETBANK, MUMBAI"
, JMD METALS REC-1100B0226015546,,,"-2,477,904.92", 24/02/2026, HDFCH00820652730," NETBANK, MUMBAI"
, Kasting House-1100B0226015555,,,"-319,933.40", 24/02/2026, HDFCH00820652824," NETBANK, MUMBAI"
, YOTTA NETWORK -1100B0226015531,,,"-18,000.17", 24/02/2026, HDFCH00820654279," NETBANK, MUMBAI"
, KANHIYA GUPTA-1100B0226015512,,,"-104,400.00", 24/02/2026, HDFCH00820655902," NETBANK, MUMBAI"
, FINE TEXTURES -1100B0226015533,,,"-37,584.00", 24/02/2026, HDFCH00820654452," NETBANK, MUMBAI"
, Usha Electric -1100B0226015574,,,-778.8, 24/02/2026, HDFCH00820651879," NETBANK, MUMBAI"
, Continental Th-1100B0226015506,,,"-13,012.00", 24/02/2026, HDFCH00820651881," NETBANK, MUMBAI"
, Kartik Packing-1100B0226015570,,,"-121,084.98", 24/02/2026, HDFCH00820657893," NETBANK, MUMBAI"
, PVA ALLOYS-1100B0226015541,,,"-878,590.80", 24/02/2026, HDFCH00820655324," NETBANK, MUMBAI"
, SEWA EXPORTS-1100B0226015522,,,"-72,540.00", 24/02/2026, HDFCH00820666392," NETBANK, MUMBAI"
, GULAFSHA GUPTA-1100B0226015524,,,"-10,115.10", 24/02/2026, HDFCH00820669075," NETBANK, MUMBAI"
, LARSEN TOUBR-1100B0226015526,,,"-196,819.56", 24/02/2026, HDFCH00820667450," NETBANK, MUMBAI"
, SIDHSHREE COMP-1100B0226015528,,,"-40,916.51", 24/02/2026, HDFCH00820666453," NETBANK, MUMBAI"
, Davy Air Servi-1100B0226015547,,,"-38,356.77", 24/02/2026, HDFCH00820668240," NETBANK, MUMBAI"
, Pyrotek India -1100B0226015550,,,"-102,573.00", 24/02/2026, HDFCH00820669089," NETBANK, MUMBAI"
, A R STEEL-1100B0226015581,,,"-2,360,675.88", 24/02/2026, HDFCH00820673320," NETBANK, MUMBAI"
, SARU AIKOH CHE-1100B0226015587,,,"-342,908.00", 24/02/2026, HDFCH00820672288," NETBANK, MUMBAI"
, LIMRA STEELS-1100B0226015592,,,"-61,017.80", 24/02/2026, HDFCH00820670862," NETBANK, MUMBAI"
, R J ENTERPRISE-1100B0226015597,,,"-24,721.00", 24/02/2026, HDFCH00820670869," NETBANK, MUMBAI"
, LOGISNEXT INDI-1100B0226015594,,,"-332,393.48", 24/02/2026, HDFCH00820673340," NETBANK, MUMBAI"
, KM POWER AND F-1100B0226015598,,,"-18,135.00", 24/02/2026, HDFCH00820675096," NETBANK, MUMBAI"
, NABIYA TRADERS-1100B0226015599,,,"-1,301,058.55", 24/02/2026, HDFCH00820673350," NETBANK, MUMBAI"
, HOTEL NEW CLAS-1100B0226015585,,,"-2,488.00", 24/02/2026, HDFCH00820669477," NETBANK, MUMBAI"
, QUALITY TECHNO-1100B0226015593,,,"-60,480.00", 24/02/2026, HDFCH00820669478," NETBANK, MUMBAI"
, GEMINI EQUIPME-1100B0226015590,,,"-2,142,392.00", 24/02/2026, HDFCH00820675182," NETBANK, MUMBAI"
, JADE SOLUTIONS-1100B0226015586,,,"-178,085.60", 24/02/2026, HDFCH00820676915," NETBANK, MUMBAI"
, JANHVI AUTOWHE-1100B0226015591,,,"-13,036.30", 24/02/2026, HDFCH00820674203," NETBANK, MUMBAI"
, SHARMA METAL-1100B0226015600,,,"-1,699,495.01", 24/02/2026, HDFCH00820673416," NETBANK, MUMBAI"
, FERVENT GLOBAL-1100B0226015595,,,"-1,064,998.40", 24/02/2026, HDFCH00820675988," NETBANK, MUMBAI"
, G.C. Cargo Mov-1100B0226015516,,,"-613,348.50", 24/02/2026, HDFCH00820681599," NETBANK, MUMBAI"
, CRAWFORD BAYLE-1100B0226015543,,,"-1,620,000.00", 24/02/2026, HDFCH00820683934," NETBANK, MUMBAI"
, M.S. Engineeri-1100B0226015556,,,"-38,364.30", 24/02/2026, HDFCH00820681609," NETBANK, MUMBAI"
, Ansh Marketing-1100B0226015610,,,"-150,763.81", 24/02/2026, HDFCH00820683937," NETBANK, MUMBAI"
, REYANSH ENGINE-1100B0226015505,,,"-561,360.00", 24/02/2026, HDFCH00820685098," NETBANK, MUMBAI"
, THINKSTEP SUST-1100B0226015527,,,"-323,915.00", 24/02/2026, HDFCH00820682627," NETBANK, MUMBAI"
, DESIGN GENESIS-1100B0226015507,,,"-235,000.00", 24/02/2026, HDFCH00820684022," NETBANK, MUMBAI"
, SP ENTERPRISE-1100B0226015529,,,"-5,570.52", 24/02/2026, HDFCH00820685196," NETBANK, MUMBAI"
, Foseco India L-1100B0226015554,,,"-67,496.00", 24/02/2026, HDFCH00820682742," NETBANK, MUMBAI"
, SHARMA METAL-1100B0226015542,,,"-2,352,415.50", 24/02/2026, HDFCH00820681671," NETBANK, MUMBAI"
, ARYA OMNITALK -1100B0226015532,,,"-24,480.00", 24/02/2026, HDFCH00820682849," NETBANK, MUMBAI"
, Pankhi Engg. -1100B0226015549,,,"-57,230.00", 24/02/2026, HDFCH00820684129," NETBANK, MUMBAI"
, Lucky Computer-1100B0226015548,,,"-12,708.60", 24/02/2026, HDFCH00820681753," NETBANK, MUMBAI"
, Shri Balaji Tr-1100B0226015563,,,"-46,031.80", 24/02/2026, HDFCH00820685283," NETBANK, MUMBAI"
, SERVICECOM TEC-1100B0226015523,,,"-40,468.99", 24/02/2026, HDFCH00820680516," NETBANK, MUMBAI"
, BHARTIYA CONTR-1100B0226015578,,,"-2,925.00", 24/02/2026, HDFCH00820681762," NETBANK, MUMBAI"
, Gujarat Enviro-1100B0226015561,,,"-22,845.46", 24/02/2026, HDFCH00820686218," NETBANK, MUMBAI"
, DEVSON CATALYS-1100B0226015580,,,"-214,760.00", 24/02/2026, HDFCH00820681769," NETBANK, MUMBAI"
, RTGS Cr ECMS-ICIC0000011-CMRGR1100LCU101807-BANSAL TRADERS-235451000005,," 4,433,500.00",, 24/02/2026, ICICR42026022400502299, FORT
, IMPS CR ECMS-9765-CMRGR1100LCU101791-M R TRADERS-2502219264656841,," 24,000.00",, 24/02/2026, 605508237074, FARIDABAD HARYANA
, FT Cr ECMS-CMRGR1100LCU100221-NIYAZ MOHD TRADING AND CASTING-59209813362326,," 592,000.00",, 24/02/2026, NB7ZTBOWUZDXRM7G," NETBANK, MUMBAI"
, FT-IOCLMDTA343057-Indian Oil Corporation Ltd Delhi,,,"-2,136,560.50", 24/02/2026, 602246944464," NETBANK, MUMBAI"
, Trans Asian Sh-1100B0226015659,,,"-159,298.08", 24/02/2026, 602236752038," NETBANK, MUMBAI"
, MSC MEDITERRAN-1100B0226015670,,,"-14,160.00", 24/02/2026, HDFCH00820981484," NETBANK, MUMBAI"
, ODEX INDIA SOL-1100B0226015671,,,"-945,749.94", 24/02/2026, HDFCH00820983427," NETBANK, MUMBAI"
, ODEX INDIA SOL-1100B0226015643,,,"-237,517.48", 24/02/2026, HDFCH00820983428," NETBANK, MUMBAI"
, IMPS CR ECMS-9052-CMRGR1100LCU101769-AMAN ENTERPRISES-0667202500004701,," 25,000.00",, 24/02/2026, 605541789314, FARIDABAD HARYANA
, IMPS CR ECMS-9052-CMRGR1100LCU101769-AMAN ENTERPRISES-0667202500004701,," 20,000.00",, 24/02/2026, 605541791530, FARIDABAD HARYANA
, IMPS CR ECMS-9751-cmrgr1100lcu101943-MR TRADING CO-89650005280,," 500,000.00",, 24/02/2026, 605510838049, FARIDABAD HARYANA
, FT Cr ECMS-CMRGR1100LCU101982-BAHUBALI NAMO METALLOYS LLP-50200112148180,," 13,467,340.00",, 24/02/2026, 1484287204, CBX Internet System Mumbai
, RTGS Cr ECMS-INDB0000098-CMRGR1100LCU101128-ZOYA METAL-201004634578,," 550,000.00",, 24/02/2026, INDBR32026022400636222, FORT
, MAKE MY TRIP -1100B0226015693,,,"-439,394.73", 24/02/2026, HDFCH00821182729," NETBANK, MUMBAI"
, IMPS CR ECMS-9751-cmrgr1100lcu101943-MR TRADING CO-89650005280,," 300,000.00",, 24/02/2026, 605512041775, FARIDABAD HARYANA
, IMPS CR ECMS-9751-cmrgr1100lcu101943-MR TRADING CO-89650005280,," 50,000.00",, 24/02/2026, 605512043524, FARIDABAD HARYANA
, COMM ON LIQD OF IMP COLL BILL,,,-177, 24/02/2026, 612BC05260550001," KUNDLI, SONEPAT"
, RTGS Cr ECMS-MAHB0000365-CMRGR1100LCU101990-PICK N MOVE METALS PRIVATE LIM-00000060406799345,," 357,540.00",, 24/02/2026, MAHBR52026022423086050, FORT
, RTGS Cr ECMS-ICIC0000368-CMRGR1100LSU102994-U P GREEN RECYCLING CO-358105500284,," 3,000,000.00",, 24/02/2026, ICICR52026022400648613, FORT
, Pathik Patel-1100B0226015712,,,"-8,303.75", 24/02/2026, HDFCH00821659729," NETBANK, MUMBAI"
, Anil Goenka-1100B0226015729,,,-771, 24/02/2026, HDFCH00821664909," NETBANK, MUMBAI"
, Durgesh Naraya-1100B0226015740,,,"-3,760.00", 24/02/2026, HDFCH00821659731," NETBANK, MUMBAI"
, Lovekesh Kumar-1100B0226015742,,,"-4,389.66", 24/02/2026, HDFCH00821664070," NETBANK, MUMBAI"
, Naveen Kumar-1100B0226015707,,,"-5,560.00", 24/02/2026, HDFCH00821664929," NETBANK, MUMBAI"
, Utkarsh Nigam-1100B0226015739,,,"-2,500.00", 24/02/2026, HDFCH00821659736," NETBANK, MUMBAI"
, FT-HDFC555122767-HAPPAY POOL ACCOUNT CMRG,,,"-31,869.45", 24/02/2026, 602247162196," NETBANK, MUMBAI"
, Rahul Jayant-1100B0226015723,,,"-6,936.00", 24/02/2026, 602247162238," NETBANK, MUMBAI"
, Rajesh Kumar K-1100B0226015719,,,"-1,049.00", 24/02/2026, HDFCH00821659741," NETBANK, MUMBAI"
, Ashutosh Anand-1100B0226015721,,,"-2,648.00", 24/02/2026, HDFCH00821662155," NETBANK, MUMBAI"
, Sarvesh kumar-1100B0226015705,,,"-2,150.00", 24/02/2026, 602247162294," NETBANK, MUMBAI"
, Vikas Mishra-1100B0226015745,,,-120, 24/02/2026, HDFCH00821664943," NETBANK, MUMBAI"
, Ajay Dinesh ku-1100B0226015714,,,"-5,300.00", 24/02/2026, 602247162216," NETBANK, MUMBAI"
, Narendra Das-1100B0226015706,,,"-23,958.00", 24/02/2026, HDFCH00821659747," NETBANK, MUMBAI"
, Mahesh Kumar T-1100B0226015699,,,"-12,154.00", 24/02/2026, HDFCH00821663321," NETBANK, MUMBAI"
, Mukesh Kumar J-1100B0226015711,,,"-8,576.00", 24/02/2026, HDFCH00821664083," NETBANK, MUMBAI"
, Prdeep Kumar-1100B0226015716,,,"-7,000.00", 24/02/2026, HDFCH00821663324," NETBANK, MUMBAI"
, Avnish Pal-1100B0226015725,,,"-4,953.73", 24/02/2026, 602247162242," NETBANK, MUMBAI"
, Ram Gopal-1100B0226015710,,,"-4,133.89", 24/02/2026, HDFCH00821664963," NETBANK, MUMBAI"
, Ishwar Das Hal-1100B0226015703,,,-847, 24/02/2026, HDFCH00821664969," NETBANK, MUMBAI"
, Pankaj Gahlot-1100B0226015718,,,"-21,034.00", 24/02/2026, HDFCH00821663330," NETBANK, MUMBAI"
, Ashish Kumar G-1100B0226015724,,,"-2,000.00", 24/02/2026, 602247162240," NETBANK, MUMBAI"
, Puneesh Lamba-1100B0226015731,,,-630, 24/02/2026, HDFCH00821664088," NETBANK, MUMBAI"
, Himanshu Gupta-1100B0226015704,,,"-14,896.00", 24/02/2026, HDFCH00821664983," NETBANK, MUMBAI"
, Ajay Kumar Pra-1100B0226015737,,,"-7,468.00", 24/02/2026, 602247162270," NETBANK, MUMBAI"
, KALPIT KUMAR D-1100B0226015728,,,"-3,100.00", 24/02/2026, HDFCH00821662163," NETBANK, MUMBAI"
, Jaswant Sharma-1100B0226015702,,,"-14,637.42", 24/02/2026, HDFCH00821664982," NETBANK, MUMBAI"
, Tulsi Ram Yada-1100B0226015700,,,"-10,844.00", 24/02/2026, HDFCH00821662176," NETBANK, MUMBAI"
, Ravi Kant sing-1100B0226015738,,,"-1,951.98", 24/02/2026, 602247162272," NETBANK, MUMBAI"
, Rishabh Saini-1100B0226015730,,,"-3,017.00", 24/02/2026, HDFCH00821664988," NETBANK, MUMBAI"
, Naveen Kumar Y-1100B0226015722,,,"-9,300.00", 24/02/2026, 602247162236," NETBANK, MUMBAI"
, Shivam Gupta-1100B0226015741,,,"-1,301.00", 24/02/2026, HDFCH00821662196," NETBANK, MUMBAI"
, Rahul Malake-1100B0226015743,,,"-2,560.00", 24/02/2026, 602247162282," NETBANK, MUMBAI"
, Anup kumar sin-1100B0226015736,,,"-2,856.00", 24/02/2026, HDFCH00821664098," NETBANK, MUMBAI"
, VISHAL CHAUHAN-1100B0226015734,,,"-2,551.84", 24/02/2026, HDFCH00821659888," NETBANK, MUMBAI"
, Pawan-1100B0226015720,,,"-24,523.00", 24/02/2026, 602247162232," NETBANK, MUMBAI"
, Bhagat Singh-1100B0226015717,,,"-1,312.55", 24/02/2026, HDFCH00821665045," NETBANK, MUMBAI"
, Rahul Verma-1100B0226015744,,,"-1,740.23", 24/02/2026, HDFCH00821666044," NETBANK, MUMBAI"
, Harish Tripath-1100B0226015709,,,"-10,000.00", 24/02/2026, HDFCH00821666913," NETBANK, MUMBAI"
, Sanjay Dubey-1100B0226015732,,,"-7,561.00", 24/02/2026, HDFCH00821666060," NETBANK, MUMBAI"
, Rishabh Khalia-1100B0226015735,,,"-1,084.00", 24/02/2026, HDFCH00821666921," NETBANK, MUMBAI"
, Harsh Kumar-1100B0226015727,,,"-6,039.00", 24/02/2026, HDFCH00821665110," NETBANK, MUMBAI"
, Anil Kumar Sha-1100B0226015708,,,"-4,883.00", 24/02/2026, HDFCH00821666942," NETBANK, MUMBAI"
, Vishal Vairagi-1100B0226015713,,,"-10,810.00", 24/02/2026, HDFCH00821666943," NETBANK, MUMBAI"
, Mohd Khizar-1100B0226015726,,,"-2,940.01", 24/02/2026, HDFCH00821664131," NETBANK, MUMBAI"
, parth parekh-1100B0226015715,,,"-2,397.00", 24/02/2026, HDFCH00821663533," NETBANK, MUMBAI"
, Ishan Aggarwal-1100B0226015733,,,"-2,810.00", 24/02/2026, HDFCH00821666964," NETBANK, MUMBAI"
, Manbir Singh R-1100B0226015701,,,"-1,296.00", 24/02/2026, HDFCH00821664141," NETBANK, MUMBAI"
, L P HOSPITALIT-1100B0226015755,,,"-8,170.00", 24/02/2026, 602247301206," NETBANK, MUMBAI"
, RTGS Cr ECMS-ICIC0000011-CMRLTD151LCU101303-DEEPAK TRADERS-036705501505,," 800,000.00",, 24/02/2026, ICICR42026022400552806, FORT
, FT Cr ECMS-CMRLTD201LCU100820-MOHINI INDUSTRIES-50200033588193,," 1,525,500.00",, 24/02/2026, NBKDEVZ2IEM9VBW9," NETBANK, MUMBAI"
, RTGS Cr ECMS-CNRB0018597-CMRGR1100LCU101967-BUDDHA IMPEX INC-85971010005322,," 5,601,460.00",, 24/02/2026, CNRBR52026022478422077, FORT
, ALPHA METALS -1100B0226015651,,,"-2,206,521.30", 24/02/2026, HDFCH00821846850," NETBANK, MUMBAI"
, PVA ALLOYS-1100B0226015647,,,"-1,002,739.50", 24/02/2026, HDFCH00821851047," NETBANK, MUMBAI"
, IMPS CR ECMS-9015-CMRGR1100LCU101497-M S MISHKA-125008337385,," 300,000.00",, 24/02/2026, 605516536089, FARIDABAD HARYANA
, RTGS Cr ECMS-ICIC0000011-CMRLTD151LCU101303-DEEPAK TRADERS-036705501505,," 500,000.00",, 24/02/2026, ICICR42026022400560027, FORT
, IMPS CR ECMS-9211-CMRLTD151LCU101497-MSMISHKAENTERPRISES-922020029366005,," 500,000.00",, 24/02/2026, 605521071938, FARIDABAD HARYANA
, INW 190226I049906717 USD40995.0@90.91,," 3,726,855.45",, 24/02/2026, 240226391384," NETBANK, MUMBAI"
, 190226I049906717 DPO2605514513400 IGST,,,"-1,480.83", 24/02/2026, 240226391391," NETBANK, MUMBAI"
, FCY OUTWARD REMITTANCE,,,"-835,375.03", 24/02/2026, 612FT01260550055," KUNDLI, SONEPAT"
, LIQUIDATION OF IMP COLL BILL,,,"-7,832,759.84", 24/02/2026, 612BC05253580001," KUNDLI, SONEPAT"
, LIQUIDATION OF IMP COLL BILL,,,"-8,076,295.00", 24/02/2026, 612BC05253580002," KUNDLI, SONEPAT"
, LIQUIDATION OF IMP COLL BILL,,,"-3,687,231.29", 24/02/2026, 612BC05260470007," KUNDLI, SONEPAT"
, LIQUIDATION OF IMP COLL BILL,,,"-3,539,748.42", 24/02/2026, 612BC05260340002," KUNDLI, SONEPAT"
, RTGS Cr-SBIN0004298-CMR TOYOTSU ALUMINIUM INDIA PVT LT-Century Metal Recycling Limited-SBINR12026022417863878,," 10,000,000.00",, 24/02/2026, SBINR12026022417863878, CMS TF WBO MUMBAI
, RTGS Cr-SBIN0004298-CMR TOYOTSU ALUMINIUM INDIA PVT LT-Century Metal Recycling Limited-SBINR12026022417863877,," 10,000,000.00",, 24/02/2026, SBINR12026022417863877, CMS TF WBO MUMBAI
, RTGS Cr-SBIN0004298-CMR TOYOTSU ALUMINIUM INDIA PVT LT-Century Metal Recycling Limited-SBINR12026022417863881,," 10,000,000.00",, 24/02/2026, SBINR12026022417863881, CMS TF WBO MUMBAI
, RTGS Cr-SBIN0004298-CMR TOYOTSU ALUMINIUM INDIA PVT LT-Century Metal Recycling Limited-SBINR12026022417863840,," 10,000,000.00",, 24/02/2026, SBINR12026022417863840, CMS TF WBO MUMBAI
, RTGS Cr-SBIN0004298-CMR TOYOTSU ALUMINIUM INDIA PVT LT-Century Metal Recycling Limited-SBINR12026022417863879,," 10,000,000.00",, 24/02/2026, SBINR12026022417863879, CMS TF WBO MUMBAI
, LIQUIDATION OF IMP COLL BILL,,,"-2,770,231.13", 24/02/2026, 612BC05260480009," KUNDLI, SONEPAT"
, FT Cr ECMS-CMRGR1100LCU101816-BANSAL STEEL-50200081672661,," 2,204,830.00",, 24/02/2026, 1485259473, CBX Internet System Mumbai
, FT Cr ECMS-CMRGR1100LCU101661-MOURYA ENTERPRISES-50200068028400,," 1,000,000.00",, 24/02/2026, HDFC0860E34301DB," NETBANK, MUMBAI"
, 0002376638-23 02 2026-HDFC6416,," 24,954,013.99",, 24/02/2026, 602236437153," NETBANK, MUMBAI"
, KOTHARI METAL -1100B0226015650,,,"-7,977,020.59", 24/02/2026, HDFCH00822319973," NETBANK, MUMBAI"
, JAIHIND STEEL -1100B0226015648,,,"-2,854,454.76", 24/02/2026, HDFCH00822323822," NETBANK, MUMBAI"
, OMKAR METAL-1100B0226015649,,,"-8,156,873.82", 24/02/2026, HDFCH00822319989," NETBANK, MUMBAI"
, FT-HIZINC7795-Hindustan Zinc Ltd.,,,"-15,386,949.15", 24/02/2026, 602236141557," NETBANK, MUMBAI"
, Shri Ram Pisto-1100B0226015545,,,"-7,639,920.00", 24/02/2026, 602236191149," NETBANK, MUMBAI"
, SCOPE OVERSEAS-1100B0226015607,,,"-3,350,817.63", 24/02/2026, 602236198348," NETBANK, MUMBAI"
, SHREE KALYAN C-1100B0226015513,,,"-7,421,740.00", 24/02/2026, HDFCH00822332813," NETBANK, MUMBAI"
, HARASHIVA META-1100B0226015605,,,"-12,680,312.32", 24/02/2026, HDFCH00822333890," NETBANK, MUMBAI"
, Altek Metalcas-1100B0226015566,,,"-3,417,874.55", 24/02/2026, HDFCH00822333902," NETBANK, MUMBAI"
, PARAS PETROPLA-1100B0226015603,,,"-2,573,097.65", 24/02/2026, HDFCH00822334743," NETBANK, MUMBAI"
, IMPS CR ECMS-9211-CMRLTD151LCU101486-ADITYAENTERPRISES-921020054868210,," 355,000.00",, 24/02/2026, 605521903837, FARIDABAD HARYANA
, 50100520109904-Shubham Bhargav 11300,,,"-177,059.00", 24/02/2026, 602247364156," NETBANK, MUMBAI"
, 602247357688Tubhyam Sharma 15729,,,"-5,902.00", 24/02/2026, HDFCH00822446974," NETBANK, MUMBAI"
, 602247124465Prateek Sharma 15861,,,"-63,010.00", 24/02/2026, HDFCH00822446976," NETBANK, MUMBAI"
, 602247126157Mr. Kapil Kumar 15930,,,"-50,365.00", 24/02/2026, HDFCH00822448727," NETBANK, MUMBAI"
, 602247138416Inderjeet 10163,,,"-80,000.00", 24/02/2026, HDFCH00822448244," NETBANK, MUMBAI"
, 50100729682988-Rajnish Kumar 15958,,,"-30,026.00", 24/02/2026, 602247815726," NETBANK, MUMBAI"
, RTGS Cr-SBIN0004298-CMR TOYOTSU ALUMINIUM INDIA PVT LT-Century Metal Recycling Limited-SBINR12026022417883376,," 10,000,000.00",, 24/02/2026, SBINR12026022417883376, CMS TF WBO MUMBAI
, RTGS Cr-SBIN0004298-CMR TOYOTSU ALUMINIUM INDIA PVT LT-Century Metal Recycling Limited-SBINR12026022417883393,," 10,000,000.00",, 24/02/2026, SBINR12026022417883393, CMS TF WBO MUMBAI
, RTGS Cr-SBIN0004298-CMR TOYOTSU ALUMINIUM INDIA PVT LT-Century Metal Recycling Limited-SBINR12026022417883271,," 10,000,000.00",, 24/02/2026, SBINR12026022417883271, CMS TF WBO MUMBAI
, RTGS Cr-SBIN0004298-CMR TOYOTSU ALUMINIUM INDIA PVT LT-Century Metal Recycling Limited-SBINR12026022417883272,," 10,000,000.00",, 24/02/2026, SBINR12026022417883272, CMS TF WBO MUMBAI
, RTGS Cr-SBIN0004298-CMR TOYOTSU ALUMINIUM INDIA PVT LT-Century Metal Recycling Limited-SBINR12026022417883377,," 10,000,000.00",, 24/02/2026, SBINR12026022417883377, CMS TF WBO MUMBAI
2/25/2026,Opening balance,"-10,875,114.08",,,,,
, RTGS Cr-SCBL0036001-ENDURANCE TECHNOLOGIES LIMITED-CMR GREEN TECHNOLOGIES LIMITED-SCBLR12026022500800925,," 24,791,153.44",, 25/02/2026, SCBLR12026022500800925, FORT
, 602247367307Maga Ram 15788,,,"-28,782.00", 25/02/2026, HDFCH00822646188," NETBANK, MUMBAI"
, 602247129240Rajesh Kumar 14746,,,"-61,202.00", 25/02/2026, HDFCH00822651375," NETBANK, MUMBAI"
, 602247360666Suraj Singh 14932,,,"-39,538.00", 25/02/2026, HDFCH00822646814," NETBANK, MUMBAI"
, 602247463993Himanshu Dahiya 16007,,,"-24,979.00", 25/02/2026, HDFCH00822652975," NETBANK, MUMBAI"
, 602247368917Deepanshi Bhatiya 15150,,,"-37,697.00", 25/02/2026, HDFCH00822655842," NETBANK, MUMBAI"
, 602247123123JASWANTSIR 10030,,,"-119,310.04", 25/02/2026, HDFCH00822657649," NETBANK, MUMBAI"
, FT Cr ECMS-CMRGR1100LCU101661-MOURYA ENTERPRISES-50200068028400,," 121,484.00",, 25/02/2026, HDFC06FE471E3F47," NETBANK, MUMBAI"
, IMPS CR ECMS-9015-CMRGR1100LCU101497-M S MISHKA-125008337385,," 415,000.00",, 25/02/2026, 605609670577, FARIDABAD HARYANA
, FT Cr ECMS-CMRLTD201LCU100948-SARASWATI METAL AND ALLOY-50200100284162,," 535,000.00",, 25/02/2026, HDFC0C6E735BFA08," NETBANK, MUMBAI"
, RTGS Cr ECMS-IDIB000K796-CMRGR1100LCU101732-DAUJI METAL INDUSTRIES-00000007776647636,," 2,771,000.00",, 25/02/2026, IDIBR52026022500624369, FORT
, Maruti Suzuki -1100B0226015769,,,"-4,666,000.00", 25/02/2026, HDFCH00823128680," NETBANK, MUMBAI"
, FT Cr ECMS-CMRGR1100LCU101902-PRATEEK TRADERS-01532320000994,," 750,000.00",, 25/02/2026, NB8GWHAHXJE2SKI3," NETBANK, MUMBAI"
, LOCAL BILL LIQUIDATED,,,"-162,202,288.53", 25/02/2026, 612SB04260370001," KUNDLI, SONEPAT"
, NEFT Cr ECMS-CNRB0019251-CMRLTD152LCU101556-M S ENTERPRISES-92511400000402,," 515,000.00",, 25/02/2026, CNRBH00112985010, FORT
, IMPS CR ECMS-9229-CMRLTD151LCU101303-DEEPAK TRADERS-036705501505,," 250,000.00",, 25/02/2026, 605611961886, FARIDABAD HARYANA
, ODEX INDIA SOL-1100B0226015775,,,"-26,550.00", 25/02/2026, HDFCH00823326916," NETBANK, MUMBAI"
, ODEX INDIA SOL-1100B0226015777,,,"-8,850.00", 25/02/2026, HDFCH00823330484," NETBANK, MUMBAI"
, KOSMIK CARGO I-1100B0226015770,,,"-71,301.55", 25/02/2026, HDFCH00823328945," NETBANK, MUMBAI"
, ODEX INDIA SOL-1100B0226015776,,,"-1,225,612.90", 25/02/2026, HDFCH00823332323," NETBANK, MUMBAI"
, RTGS Cr ECMS-SBIN0050933-CMRGR1100LSU106722-SINGHALMETALLOYS-37494944781,," 595,900.00",, 25/02/2026, SBINR12026022517952312, FORT
, RTGS Cr ECMS-MAHB0001317-CMRGR1100LCU101891-SINGHAL CHEMICAL INDUSTRIES -00000060307493207,," 1,785,000.00",, 25/02/2026, MAHBR52026022523098947, FORT
, CCH3OKA1D2SOYM_DHBV-DHBVNL,,,"-5,103,810.00", 25/02/2026, 602258153173," NETBANK, MUMBAI"
, NEFT Cr ECMS-IOBA0001450-CMRGR1100LCU100984-VINAYAK INDUSTRIES-145002000001334,," 2,430,000.00",, 25/02/2026, IOBAN26056255492, FORT
, RTGS Cr-SBIN0004298-CMR TOYOTSU ALUMINIUM INDIA PVT LT-Century Metal Recycling Limited-SBINR12026022517975191,," 10,000,000.00",, 25/02/2026, SBINR12026022517975191, CMS TF WBO MUMBAI
, RTGS Cr-SBIN0004298-CMR TOYOTSU ALUMINIUM INDIA PVT LT-Century Metal Recycling Limited-SBINR12026022517975379,," 10,000,000.00",, 25/02/2026, SBINR12026022517975379, CMS TF WBO MUMBAI
, RTGS Cr-SBIN0004298-CMR TOYOTSU ALUMINIUM INDIA PVT LT-Century Metal Recycling Limited-SBINR12026022517975328,," 10,000,000.00",, 25/02/2026, SBINR12026022517975328, CMS TF WBO MUMBAI
, RTGS Cr-SBIN0004298-CMR TOYOTSU ALUMINIUM INDIA PVT LT-Century Metal Recycling Limited-SBINR12026022517975360,," 10,000,000.00",, 25/02/2026, SBINR12026022517975360, CMS TF WBO MUMBAI
, RTGS Cr-SBIN0004298-CMR TOYOTSU ALUMINIUM INDIA PVT LT-Century Metal Recycling Limited-SBINR12026022517975310,," 10,000,000.00",, 25/02/2026, SBINR12026022517975310, CMS TF WBO MUMBAI
, RTGS Cr-SBIN0004298-CMR TOYOTSU ALUMINIUM INDIA PVT LT-Century Metal Recycling Limited-SBINR12026022517975326,," 10,000,000.00",, 25/02/2026, SBINR12026022517975326, CMS TF WBO MUMBAI
, RTGS Cr-SBIN0004298-CMR TOYOTSU ALUMINIUM INDIA PVT LT-Century Metal Recycling Limited-SBINR12026022517975293,," 10,000,000.00",, 25/02/2026, SBINR12026022517975293, CMS TF WBO MUMBAI
, RTGS Cr-SBIN0004298-CMR TOYOTSU ALUMINIUM INDIA PVT LT-Century Metal Recycling Limited-SBINR12026022517975327,," 10,000,000.00",, 25/02/2026, SBINR12026022517975327, CMS TF WBO MUMBAI
, RTGS Cr-UTIB0000039-CMR GREEN TECHNOLOGIES LIMITED FORMERLY-CENTURY METAL RECYCLING LIMITE-UTIBR62026022559121529,," 27,250,000.00",, 25/02/2026, UTIBR62026022559121529, CMS TF WBO MUMBAI
, COMM ON LIQD OF IMP COLL BILL,,,-177, 25/02/2026, 612BC05260560001," KUNDLI, SONEPAT"
, FT Cr ECMS-CMRGR1100LCU101314-HERO MOTOCORP LIMITED 315-00030110000315,," 197,881,788.19",, 25/02/2026, 602258132721," NETBANK, MUMBAI"
, FT Cr ECMS-CMRGR1100LCU101319-HERO MOTOCORP LIMITED 315-00030110000315,," 1,311,936.21",, 25/02/2026, 602258132722," NETBANK, MUMBAI"
, 57500000342857-2857,,,"-65,000,000.00", 25/02/2026, 602258356634," NETBANK, MUMBAI"
, COMM ON LIQD OF IMP COLL BILL,,,-177, 25/02/2026, 612BC05260560003," KUNDLI, SONEPAT"
, INW 160226I049900828 USD15114.13@90.905,," 1,373,949.99",, 25/02/2026, 250226267383," NETBANK, MUMBAI"
, 160226I049900828 DPO2605616638500 IGST,,,"-1,057.31", 25/02/2026, 250226267390," NETBANK, MUMBAI"
, INW 250226I049900444 USD27000.0@90.905,," 2,454,435.00",, 25/02/2026, 250226267461," NETBANK, MUMBAI"
, 250226I049900444 DPO2605616638507 IGST,,,"-1,251.80", 25/02/2026, 250226267468," NETBANK, MUMBAI"
, RTGS Cr ECMS-UBIN0535443-CMRGR1100LSU105359-MOURYA ENTERPRISES-354401010036892,," 595,900.00",, 25/02/2026, UBINR22026022501997919, FORT
, RTGS Cr-ICIC0099999-RICO AUTO INDUSTRIES LIMITED-CMR GREEN TECHNOLOGIES LIMITED-ICICR22026022514702982,," 9,898,963.40",, 25/02/2026, ICICR22026022514702982, FORT
, 00930310001274-1274,,,"-110,000,000.00", 25/02/2026, 602258744413," NETBANK, MUMBAI"
, RTGS Cr ECMS-UBIN0535443-CMRGR1100LSU105359-MOURYA ENTERPRISES-354401010036892,," 1,167,000.00",, 25/02/2026, UBINR22026022501000354, FORT
, FT Cr ECMS-CMRLTD151LCU101373-SHRI JI METAL-50200053543370,," 3,115,200.00",, 25/02/2026, NBMDZ0BHLC8IK8OG," NETBANK, MUMBAI"
, 57500000342857-2857,,,"-30,000,000.00", 25/02/2026, 602258995467," NETBANK, MUMBAI"
, RTGS Cr ECMS-UTIB0002437-CMRLTD151LCU101262-MAHAKAL ENTERPRISES-921020020261421,," 600,000.00",, 25/02/2026, UTIBR72026022500579662, FORT
, FT Cr ECMS-CMRGR1100LCU101661-MOURYA ENTERPRISES-50200068028400,," 555,480.00",, 25/02/2026, HDFC1E837DE75735," NETBANK, MUMBAI"
, AUTO SWEEPOUT TO CMR GREEN TECHNOLOGI 57500000342857,," 20,747,371.92",, 25/02/2026,, FARIDABAD HARYANA
2/26/2026,Opening balance,"-7,582,136.06",,,,,
, FT Cr ECMS-CMRGR1100LCU100335-REHAN TRADERS-50200087498200,," 180,000.00",, 26/02/2026, HDFC978663937DD0," NETBANK, MUMBAI"
, SAFFRON INDIA -1100B0226015791,,,"-52,200.00", 26/02/2026, HDFCH00824958957," NETBANK, MUMBAI"
, FT602269143577-CMR NIKKEI INDIA PVT LTD 1274 FT-00930310001274,," 110,000,000.00",, 26/02/2026, 602269143577," NETBANK, MUMBAI"
, FT Cr ECMS-CMRLTD201LCU100820-MOHINI INDUSTRIES-50200033588193,," 1,372,000.00",, 26/02/2026, NBC17PJE0RDKAGFW," NETBANK, MUMBAI"
, NEFT Cr ECMS-MAHB0001317-CMRGR1100LCU101891-SINGHAL CHEMICAL INDUSTRIES-00000060307493207,," 5,000.00",, 26/02/2026, MAHBH00643033363, FORT
, RTGS Cr ECMS-CNRB0019260-CMRGR1100LSU101904-SAWA ENTERPRISES-125005017703,," 286,100.00",, 26/02/2026, CNRBR52026022678574807, FORT
, NEFT Cr ECMS-CNRB0019251-CMRLTD151LCU101556-M S ENTERPRISES-92511400000402,," 430,000.00",, 26/02/2026, CNRBH00113220463, FORT
, IMPS-605710814059-GANPATI SCRAPS-ICIC-xxxxxxxx0100-CMRHARIDWAR,," 3,670.00",, 26/02/2026, 605710814059, FARIDABAD HARYANA
, LOCAL BILL LIQUIDATED,,,"-226,929,456.24", 26/02/2026, 612SB04260350001," KUNDLI, SONEPAT"
, FT Cr ECMS-CMRGR1100LCU101935-TS ENTERPRISES-50200092311919,," 610,000.00",, 26/02/2026, HDFC460B7B19F32B," NETBANK, MUMBAI"
, RTGS Cr ECMS-ICIC0003581-CMRGR1100LSU102994-U P GREEN RECYCLING CO-358105500284,," 1,600,000.00",, 26/02/2026, ICICR52026022600770915, FORT
, RTGS Cr ECMS-ICIC0003581-CMRGR1100LSU102994-U P GREEN RECYCLING CO-358105000573,," 900,000.00",, 26/02/2026, ICICR52026022600773515, FORT
, RTGS Cr ECMS-YESB0000001-CMRGR1100LCU101972-SUN SHINE ENTERPRISES-048761900000594,," 418,000.00",, 26/02/2026, YESBR12026022600025851, FORT
, FT Cr ECMS-CMRLTD151LCU101557-S G M METAL COMPANY-50200085699296,," 2,081,956.00",, 26/02/2026, NB7O6GVZ33SCMOHO," NETBANK, MUMBAI"
, RTGS Cr-UTIB0001609-SHRIRAM PISTONS RINGS LIMITED-CMR GREEN TECHNOLOGIES LIMITED-UTIBR72026022600022420,," 6,895,324.54",, 26/02/2026, UTIBR72026022600022420, FORT
, RTGS Cr ECMS-PUNB0107400-CMRLTD201LCU100256-INDIAN METAL SCRAP-08281131002695,," 700,000.00",, 26/02/2026, PUNBR52026022613713801, FORT
, FT CR ECMS-CMRGR1100LCU101989-ANANYA METAL UDYOG-50200096515817,," 714,000.00",, 26/02/2026, 000038, FARIDABAD HARYANA
, FT Cr ECMS-CMRLTD201LCU100820-MOHINI INDUSTRIES-50200033588193,," 1,525,500.00",, 26/02/2026, NBGAMCW2W6VQR4XP," NETBANK, MUMBAI"
, NEFT Cr ECMS-PUNB0107400-CMRLTD201LCU100256-INDIAN METAL SCRAP-08281131002695,," 160,000.00",, 26/02/2026, PUNBH70065594636, FORT
, RTGS Cr-UTIB0000039-CMR GREEN TECHNOLOGIES LIMITED FORMERLY-CENTURY METAL RECYCLING LIMITE-UTIBR62026022659385278,," 80,000,000.00",, 26/02/2026, UTIBR62026022659385278, CMS TF WBO MUMBAI
, RTGS Cr ECMS-YESB0000001-CMRGR1100LCU101888-MOREY TRADERS-053161900012080,," 881,932.00",, 26/02/2026, YESBR12026022600035573, FORT
, RTGS Cr-ICIC0000083-CMR GREEN TECHNOLOGIES LIMITED-CMR GREEN TECHNOLOGIES LTD-ICICR52026022600811295,," 300,000,000.00",, 26/02/2026, ICICR52026022600811295, FORT
, IMPS-605715041214-R J ENTERPRISES-CNRB-xxxxxxxxx0107-IMPS,," 1,000.00",, 26/02/2026, 605715041214, FARIDABAD HARYANA
, TATA AIG GENER-1100B0226015824,,,"-118,000.00", 26/02/2026, HDFCH00825903727," NETBANK, MUMBAI"
, RTGS Cr-UTIB0000176-APJ INVESTMENTS PRIVATE LIMITED UNI-CMR Green Technologies Limited-UTIBR72026022600426002,," 2,521,656.00",, 26/02/2026, UTIBR72026022600426002, FORT
, 57500000342857-2857,,,"-340,000,000.00", 26/02/2026, 602260136359," NETBANK, MUMBAI"
, RTGS Cr-SCBL0036001-SUNBEAM LIGHTWEIGHTING SOLUTIONS PR-CMR GREEN TECHNOLOGIES LIMITED-SCBLR12026022600819884,," 22,600,912.06",, 26/02/2026, SCBLR12026022600819884, FORT
, RTGS Cr-SCBL0036001-SUNBEAM LIGHTWEIGHTING SOLUTIONS PR-CMR GREEN TECHNOLOGIES LIMITED-SCBLR12026022600819888,," 20,887,304.16",, 26/02/2026, SCBLR12026022600819888, FORT
, RTGS Cr-SCBL0036001-SUNBEAM LIGHTWEIGHTING SOLUTIONS PR-CMR GREEN TECHNOLOGIES LIMITED-SCBLR12026022600819894,," 49,239,227.80",, 26/02/2026, SCBLR12026022600819894, FORT
, FT602260241467-CMR NLM ECO ALUMINIUM P L 3497 FT-57500000863497,," 50,000,000.00",, 26/02/2026, 602260241467," NETBANK, MUMBAI"
, 57500000342857-2857,,,"-140,000,000.00", 26/02/2026, 602260146931," NETBANK, MUMBAI"
, RTGS Cr-SBIN0004298-CMR-CMR GREEN TECHNOLOGIES LTD-SBINR52026022618172782,," 150,000,000.00",, 26/02/2026, SBINR52026022618172782, FORT
, RTGS Cr-SBIN0004298-CMR-CMR GREEN-SBINR52026022618170711,," 50,000,000.00",, 26/02/2026, SBINR52026022618170711, CMS TF WBO MUMBAI
," RTGS Dr-UTIB0000039-CENTURYMETALRECYCLINGPVTLTD-NETBANK, MUM-HDFCR52026022675060915",,,"-80,000,000.00", 26/02/2026, HDFCR52026022675060915," NETBANK, MUMBAI"
," RTGS Dr-ICIC0006303-CENTURYMETALRECYCLINGLIMITED-NETBANK, MUM-HDFCR52026022675108839",,,"-100,000,000.00", 26/02/2026, HDFCR52026022675108839," NETBANK, MUMBAI"
, SCOPE OVERSEAS-1100B0226015836,,,"-717,944.11", 26/02/2026, 602269463192," NETBANK, MUMBAI"
, SHABBIR AUTOMA-1100B0226015825,,,"-7,868.75", 26/02/2026, 602269436087," NETBANK, MUMBAI"
, PRIME OVERSEAS-1100B0226015834,,,"-1,700,841.20", 26/02/2026, 602269463182," NETBANK, MUMBAI"
, DLF CLUBS AND -1100B0226015854,,,"-23,772.80", 26/02/2026, HDFCH00826576456," NETBANK, MUMBAI"
, AMPLE LEAP COG-1100B0226015829,,,"-68,642.53", 26/02/2026, HDFCH00826572953," NETBANK, MUMBAI"
, Bharti Airtel -1100B0226015870,,,"-47,177.84", 26/02/2026, HDFCH00826571368," NETBANK, MUMBAI"
, FT Cr ECMS-CMRGR1100LCU101980-M.S. METAL-50200095839652,," 729,060.00",, 26/02/2026, HDFC87648A868091," NETBANK, MUMBAI"
, 57500000540028-40028,,,"-77,800,000.00", 26/02/2026, 602260570964," NETBANK, MUMBAI"
," RTGS Dr-ICIC0006303-CENTURYMETALRECYCLINGLIMITED-NETBANK, MUM-HDFCR52026022675044231",,,"-10,000,000.00", 26/02/2026, HDFCR52026022675044231," NETBANK, MUMBAI"
, RTGS Cr-YESB0000403-DEL WBCAD OUT TRFR-CMR GREEN TECHNOLOGIES LIMITED-YESBR52026022657255152,," 100,000,000.00",, 26/02/2026, YESBR52026022657255152, FORT
, AUTO SWEEPOUT TO CMR GREEN TECHNOLOGI 57500000342857,," 27,637,687.18",, 26/02/2026,, FARIDABAD HARYANA
2/27/2026,Opening balance,"-2,667,709.79",,,,,
, FT Cr ECMS-CMRGR1100LCU101564-SUNLITE RECYCLING INDUSTRIES L-50200073104369,," 24,777,522.00",, 27/02/2026, 1489245883, CBX Internet System Mumbai
, AUTO WCDL LIQUIDATED AGAINST 572LN01260310003,,,"-220,667,346.00", 27/02/2026, 572LN01260310003, SECTOR-53
, AUTO INTEREST PAYMENT ON WCDL AGAINST 572LN01260310003,,,"-1,442,466.00", 27/02/2026, 572LN01260310003, SECTOR-53
, FT602260573088-CMR NIKKEI INDIA PVT LTD 1274 FT-00930310001274,," 140,000,000.00",, 27/02/2026, 602260573088," NETBANK, MUMBAI"
, FT602260573168-CMR ALUMINIUM PRIVATE LTD FT 0028-57500000540028,," 77,800,000.00",, 27/02/2026, 602260573168," NETBANK, MUMBAI"
, FT602260573110-CMR TOYOTSU ALUMINIUM INDIA PL FT-00930310001264,," 40,000,000.00",, 27/02/2026, 602260573110," NETBANK, MUMBAI"
, Maa Sheetla tr-1100B0226015827,,,"-349,380.50", 27/02/2026, HDFCH00826854868," NETBANK, MUMBAI"
, Devirosh Group-1100B0226015828,,,"-242,737.80", 27/02/2026, HDFCH00826866298," NETBANK, MUMBAI"
, HARISH IRON FA-1100B0226015822,,,"-666,432.00", 27/02/2026, HDFCH00826867165," NETBANK, MUMBAI"
, A R STEEL-1100B0226015830,,,"-2,356,491.97", 27/02/2026, HDFCH00826863571," NETBANK, MUMBAI"
, ATIF TRADING C-1100B0226015835,,,"-2,319,958.92", 27/02/2026, HDFCH00826867276," NETBANK, MUMBAI"
, Prahlad Rai Ma-1100B0226015837,,,"-2,089,790.84", 27/02/2026, HDFCH00826866348," NETBANK, MUMBAI"
, DLG CONSULTING-1100B0226015826,,,"-264,870.00", 27/02/2026, HDFCH00826868216," NETBANK, MUMBAI"
, DLF CLUBS AND -1100B0226015852,,,"-211,115.65", 27/02/2026, HDFCH00826866406," NETBANK, MUMBAI"
, NATIONAL ENTER-1100B0226015832,,,"-1,493,485.59", 27/02/2026, HDFCH00826865859," NETBANK, MUMBAI"
, MAKE MY TRIP -1100B0226015850,,,"-451,294.08", 27/02/2026, HDFCH00826863682," NETBANK, MUMBAI"
, SIMPLICITY PRO-1100B0226015819,,,"-723,272.00", 27/02/2026, HDFCH00826867564," NETBANK, MUMBAI"
, INTERNATIONAL -1100B0226015873,,,"-465,500.00", 27/02/2026, HDFCH00826865012," NETBANK, MUMBAI"
, Foseco India L-1100B0226015821,,,"-134,520.00", 27/02/2026, HDFCH00826865020," NETBANK, MUMBAI"
, Continental Th-1100B0226015818,,,"-280,896.00", 27/02/2026, HDFCH00826863803," NETBANK, MUMBAI"
, FERVENT GLOBAL-1100B0226015841,,,"-957,048.76", 27/02/2026, HDFCH00826863810," NETBANK, MUMBAI"
, RTGS Cr-SBIN0004298-CMR NIKKEI INDIA PVT LTD-Century Metal Recycling Limited-SBINR12026022718200013,," 10,000,000.00",, 27/02/2026, SBINR12026022718200013, CMS TF WBO MUMBAI
, RTGS Cr-UTIB0000039-CMR GREEN TECHNOLOGIES LIMITED FORMERLY-CENTURY METAL RECYCLING LIMITE-UTIBR62026022759573821,," 85,000,000.00",, 27/02/2026, UTIBR62026022759573821, CMS TF WBO MUMBAI
, RTGS Cr ECMS-ICIC0000011-CMRLTD201LCU101100-NIDHI METAL CASTING-140105001959,," 930,000.00",, 27/02/2026, ICICR42026022700504413, FORT
, RTGS Cr ECMS-ICIC0000011-CMRLTD201LCU101100-NIDHI METAL CASTING-140105001959,," 1,000,000.00",, 27/02/2026, ICICR42026022700504387, FORT
, RTGS Cr ECMS-KKBK0000958-CMRLTD151LCU101407-GLOBAL METAL RECYCLERS-1145328738,," 590,000.00",, 27/02/2026, KKBKR52026022700856984, FORT
, FT-HIZINC7795-Hindustan Zinc Ltd.,,,"-32,696,499.60", 27/02/2026, 602269781259," NETBANK, MUMBAI"
, FT-HIZINC7904-Hindustan Zinc Ltd.,,,"-16,348,249.80", 27/02/2026, 602269781772," NETBANK, MUMBAI"
, SCOPE OVERSEAS-1100B0226015866,,,"-2,561,138.98", 27/02/2026, 602269779701," NETBANK, MUMBAI"
, ALPHA METALS -1100B0226015865,,,"-8,046,651.20", 27/02/2026, HDFCH00827058112," NETBANK, MUMBAI"
, BHAGWATI ENTER-1100B0226015853,,,"-4,533,013.10", 27/02/2026, HDFCH00827060917," NETBANK, MUMBAI"
, MARUTI SUZUKI -1100B0226015820,,,"-5,000,000.00", 27/02/2026, HDFCH00827063283," NETBANK, MUMBAI"
, SHIVAY ULTIMAT-1100B0226015831,,,"-6,528,820.98", 27/02/2026, HDFCH00827063284," NETBANK, MUMBAI"
, RAVI METALS P-1100B0226015838,,,"-5,734,181.92", 27/02/2026, HDFCH00827065122," NETBANK, MUMBAI"
, PEE GEE TRADIN-1100B0226015833,,,"-4,577,688.37", 27/02/2026, 602269463175," NETBANK, MUMBAI"
, AMAIRA METALS-1100B0226015844,,,"-10,245,104.25", 27/02/2026, 602269482826," NETBANK, MUMBAI"
, ALPHA METALS -1100B0226015843,,,"-2,507,784.96", 27/02/2026, HDFCH00827064269," NETBANK, MUMBAI"
, WORTH OF WASTE-1100B0226015840,,,"-3,318,590.24", 27/02/2026, HDFCH00827065161," NETBANK, MUMBAI"
, SHARMA METAL-1100B0226015842,,,"-4,733,644.52", 27/02/2026, HDFCH00827066508," NETBANK, MUMBAI"
, BHAGWATI ENTER-1100B0226015845,,,"-7,939,498.18", 27/02/2026, HDFCH00827066510," NETBANK, MUMBAI"
, MARWADI METALL-1100B0226015839,,,"-4,945,520.47", 27/02/2026, HDFCH00827059360," NETBANK, MUMBAI"
, IMPS-605810208532-R J ENTERPRISES-CNRB-xxxxxxxxx0107-IMPS,," 49,000.00",, 27/02/2026, 605810208532, FARIDABAD HARYANA
, FT Cr ECMS-CMRGR1100LCU101936-JK SLIDE FASTNERS PVT LTD-50200112372292,," 3,134,434.00",, 27/02/2026, NB4OZXVKFJYYQ0CA," NETBANK, MUMBAI"
, IMPS CR ECMS-9052-CMRGR1100LCU101769-AMAN ENTERPRISES-0667202500004701,," 41,000.00",, 27/02/2026, 605842448780, FARIDABAD HARYANA
, RTGS Cr ECMS-SBIN0030203-CMRGR1100LCU101333-OPTIMA METAL RECYCLERS-43024599494,," 514,700.00",, 27/02/2026, SBINR12026022718216325, FORT
, FT Cr ECMS-CMRLTD151LCU101434-AMIT ALLOYS COMPANY-99997635077350,," 175,000.00",, 27/02/2026, HDFCD22C5FEDB87C," NETBANK, MUMBAI"
, IMPS CR ECMS-9751-CMRLTD201LCU100393-J V K ENTERPRISES-50000019860,," 270,000.00",, 27/02/2026, 605811736428, FARIDABAD HARYANA
, RTGS Cr ECMS-UTIB0003207-CMRGR1100LCU101920-MAA DURGA PLAST-919020088986376,," 426,000.00",, 27/02/2026, UTIBR72026022700572922, FORT
, WCDL LIQUIDATED AGAINST 572LN01260310003,,,"-79,332,654.00", 27/02/2026, 572LN01260310003, SECTOR-53
, LOCAL BILL LIQUIDATED,,,"-55,285,186.05", 27/02/2026, 612SB04260340003," KUNDLI, SONEPAT"
, LOCAL BILL LIQUIDATED,,,"-72,499,067.49", 27/02/2026, 612SB04260370002," KUNDLI, SONEPAT"
, LOCAL BILL LIQUIDATED,,,"-81,729,062.59", 27/02/2026, 612SB04260340002," KUNDLI, SONEPAT"
, LOCAL BILL LIQUIDATED,,,"-140,252,174.79", 27/02/2026, 612SB04260360001," KUNDLI, SONEPAT"
, RTGS Cr ECMS-CNRB0008423-CMRGR1100LCU101497-M S MISHKA ENTERPRIS-125008337385,," 1,000,000.00",, 27/02/2026, CNRBR52026022778710391, FORT
, ODEX INDIA SOL-1100B0226015880,,,"-1,285,720.92", 27/02/2026, HDFCH00827815839," NETBANK, MUMBAI"
, LOCAL BILL LIQUIDATED,,,"-80,550,434.54", 27/02/2026, 612SB04260340001," KUNDLI, SONEPAT"
, RTGS Cr ECMS-UTIB0002437-CMRLTD151LCU101497-M/S MISHKA ENTERPRISES-922020029366005,," 550,000.00",, 27/02/2026, UTIBR72026022700574655, FORT
, FT Cr ECMS-CMRGR1100LCU101902-PRATEEK TRADERS-01532320000994,," 905,762.00",, 27/02/2026, NBKJSQCXCDIMM9L2," NETBANK, MUMBAI"
, RTGS Cr ECMS-INDB0000098-CMRGR1100LCU101587-RITIKA TRADING COMPANY-259716215100,," 846,200.00",, 27/02/2026, INDBR32026022700765540, FORT
, RTGS Cr-SBIN0004298-M s Century Metal Recycling Private-Century Metal Rceycling Pvt Ltd-SBINR12026022718286225,," 10,000,000.00",, 27/02/2026, SBINR12026022718286225, CMS TF WBO MUMBAI
, RTGS Cr-SBIN0004298-M s Century Metal Recycling Private-Century Metal Rceycling Pvt Ltd-SBINR12026022718286310,," 10,000,000.00",, 27/02/2026, SBINR12026022718286310, CMS TF WBO MUMBAI
, RTGS Cr-SBIN0004298-M s Century Metal Recycling Private-Century Metal Rceycling Pvt Ltd-SBINR12026022718286314,," 10,000,000.00",, 27/02/2026, SBINR12026022718286314, CMS TF WBO MUMBAI
, RTGS Cr-SBIN0004298-M s Century Metal Recycling Private-Century Metal Rceycling Pvt Ltd-SBINR12026022718286366,," 10,000,000.00",, 27/02/2026, SBINR12026022718286366, CMS TF WBO MUMBAI
, RTGS Cr-SBIN0004298-M s Century Metal Recycling Private-Century Metal Rceycling Pvt Ltd-SBINR12026022718286312,," 10,000,000.00",, 27/02/2026, SBINR12026022718286312, CMS TF WBO MUMBAI
, FT602271801928-CMR NLM ECO ALUMINIUM P L 3497 FT-57500000863497,," 50,000,000.00",, 27/02/2026, 602271801928," NETBANK, MUMBAI"
, RTGS Cr ECMS-ICIC0003581-CMRGR1100LSU102994-U P GREEN RECYCLING CO-358105500284,," 2,500,000.00",, 27/02/2026, ICICR52026022700200954, FORT
, ODEX INDIA SOL-1100B0226015908,,,"-1,188,828.76", 27/02/2026, HDFCH00828843878," NETBANK, MUMBAI"
, IMPS CR ECMS-9012-CMRGR1100LCU101696-KHUSHBUENTERPRISES-45590200000197,," 13,000.00",, 27/02/2026, 605815169942, FARIDABAD HARYANA
, HDFC ERGO GENE-2002723601,," 217,428.00",, 27/02/2026, 602272279709," NETBANK, MUMBAI"
, RTGS Cr ECMS-CNRB0008423-CMRGR1100LCU101988-YASHASVI ENTERPRISES-120038713154,," 621,000.00",, 27/02/2026, CNRBR52026022778776581, FORT
, RTGS Cr ECMS-IDFB0020126-CMRLTD201LCU100869-K K Steels-10209767988,," 615,000.00",, 27/02/2026, IDFBR62026022701972397, FORT
, MSC MEDITERRAN-1100B0226015911,,,"-14,160.00", 27/02/2026, HDFCH00829577441," NETBANK, MUMBAI"
, ODEX INDIA SOL-1100B0226015913,,,"-237,517.48", 27/02/2026, HDFCH00829577449," NETBANK, MUMBAI"
, RTGS Cr ECMS-UTIB0000040-CMRGR1100LSU105600-CHETAN TRADE EXIM PVT LTD-922020009145048,," 6,310,000.00",, 27/02/2026, UTIBR62026022759799354, FORT
, LIQUIDATION OF IMP COLL BILL,,,"-23,646,214.78", 27/02/2026, 612BC05260140003," KUNDLI, SONEPAT"
, COMM ON LIQD OF IMP COLL BILL,,,-177, 27/02/2026, 612BC05260580001," KUNDLI, SONEPAT"
, LIQUIDATION OF IMP COLL BILL,,,"-22,901,320.29", 27/02/2026, 612BC05260140004," KUNDLI, SONEPAT"
, FT602272790370-CMR NLM ECO ALUMINIUM P L 3497 FT-57500000863497,," 50,000,000.00",, 27/02/2026, 602272790370," NETBANK, MUMBAI"
," RTGS Dr-YESB0000003-YESBANKLTD-NETBANK, MUM-HDFCR52026022775571798",,,"-7,200,000.00", 27/02/2026, HDFCR52026022775571798," NETBANK, MUMBAI"
," RTGS Dr-FDRL0001914-CENTURYMETALRECYCLINGLIMITED-NETBANK, MUM-HDFCR52026022775626037",,,"-5,050,000.00", 27/02/2026, HDFCR52026022775626037," NETBANK, MUMBAI"
," RTGS Dr-RATN0000990-CMRGreenTechnologiesLimited-NETBANK, MUM-HDFCR52026022775646224",,,"-1,398,034.00", 27/02/2026, HDFCR52026022775646224," NETBANK, MUMBAI"
," RTGS Dr-SHBK0000004-ShinhanBank-NETBANK, MUM-HDFCR52026022775495104",,,"-1,938,083.00", 27/02/2026, HDFCR52026022775495104," NETBANK, MUMBAI"
," RTGS Dr-CTCB0000001-CTBCBANKCOLTD-NETBANK, MUM-HDFCR52026022775571804",,,"-1,114,397.00", 27/02/2026, HDFCR52026022775571804," NETBANK, MUMBAI"
, LIQUIDATION OF IMP COLL BILL,,,"-21,820,091.40", 27/02/2026, 612BC05260140001," KUNDLI, SONEPAT"
, RTGS Cr ECMS-ICIC0003581-CMRGR1100LSU102994-U P GREEN RECYCLING CO-358105500284,," 2,500,000.00",, 27/02/2026, ICICR52026022700209375, FORT
, 50100102804633-Srishti Saxena 15268,,,"-100,000.00", 27/02/2026, 602272759481," NETBANK, MUMBAI"
, CHCEH5K1DBYF0U-CBICICEGATE,,,"-12,868,413.00", 27/02/2026, 602272907201," NETBANK, MUMBAI"
, FT Cr ECMS-CMRGR1100LCU101980-M.S. METAL-50200095839652,," 19,000.00",, 27/02/2026, HDFC57458B3DBCEA," NETBANK, MUMBAI"
, RTGS Cr ECMS-KKBK0000958-CMRGR1100LCU101760-NIA METALS-3347508444,," 275,500.00",, 27/02/2026, KKBKR52026022700623867, FORT
, CHCEUQH1DC1H7L-CBICICEGATE,,,"-6,184,444.00", 27/02/2026, 602273063633," NETBANK, MUMBAI"
, LIQUIDATION OF IMP COLL BILL,,,"-23,978,406.51", 27/02/2026, 612BC05260140002," KUNDLI, SONEPAT"
, RTGS Cr-ICIC0099999-RICO AUTO INDUSTRIES LIMITED-CMR GREEN TECHNOLOGIES LIMITED-ICICR22026022714766221,," 5,148,061.96",, 27/02/2026, ICICR22026022714766221, FORT
, WCDL DISBURSED AGAINST 572LN01260580018,," 300,000,000.00",, 27/02/2026, 572LN01260580018, SECTOR-53
, RTGS Cr-UTIB0000039-CMR GREEN TECHNOLOGIES LIMITED FORMERLY-CENTURY METAL RECYCLING LIMITE-UTIBR62026022759866347,," 7,250,000.00",, 27/02/2026, UTIBR62026022759866347, CMS TF WBO MUMBAI
, RTGS Cr-SBIN0004298-CMR TOYOTSU ALUMINIUM INDIA PVT LT-Century Metal Recycling Limited-SBINR12026022718381952,," 10,000,000.00",, 27/02/2026, SBINR12026022718381952, CMS TF WBO MUMBAI
, RTGS Cr-SBIN0004298-CMR TOYOTSU ALUMINIUM INDIA PVT LT-Century Metal Recycling Limited-SBINR12026022718381954,," 10,000,000.00",, 27/02/2026, SBINR12026022718381954, CMS TF WBO MUMBAI
, RTGS Cr-SBIN0004298-CMR TOYOTSU ALUMINIUM INDIA PVT LT-Century Metal Recycling Limited-SBINR12026022718381950,," 10,000,000.00",, 27/02/2026, SBINR12026022718381950, CMS TF WBO MUMBAI
, RTGS Cr-SBIN0004298-CMR TOYOTSU ALUMINIUM INDIA PVT LT-Century Metal Recycling Limited-SBINR12026022718381953,," 10,000,000.00",, 27/02/2026, SBINR12026022718381953, CMS TF WBO MUMBAI
, IMPS CR ECMS-9211-CMRLTD151LCU101497-MSMISHKAENTERPRISES-922020029366005,," 300,000.00",, 27/02/2026, 605832663306, FARIDABAD HARYANA
, IMPS CR ECMS-9015-CMRGR1100LCU101497-M S MISHKA-125008337385,," 130,000.00",, 27/02/2026, 605821434613, FARIDABAD HARYANA
, RTGS Cr-SBIN0004298-CMR NIKKEI INDIA PVT LTD-Century Metal Recycling Limited-SBINR12026022718383755,," 10,000,000.00",, 27/02/2026, SBINR12026022718383755, CMS TF WBO MUMBAI
, RTGS Cr-SBIN0004298-CMR NIKKEI INDIA PVT LTD-Century Metal Recycling Limited-SBINR12026022718383756,," 10,000,000.00",, 27/02/2026, SBINR12026022718383756, CMS TF WBO MUMBAI
, RTGS Cr-SBIN0004298-CMR NIKKEI INDIA PVT LTD-Century Metal Recycling Limited-SBINR12026022718383684,," 10,000,000.00",, 27/02/2026, SBINR12026022718383684, CMS TF WBO MUMBAI
, RTGS Cr-SBIN0004298-CMR NIKKEI INDIA PVT LTD-Century Metal Recycling Limited-SBINR12026022718383685,," 10,000,000.00",, 27/02/2026, SBINR12026022718383685, CMS TF WBO MUMBAI
, RTGS Cr-SBIN0004298-CMR NIKKEI INDIA PVT LTD-Century Metal Recycling Limited-SBINR12026022718383681,," 10,000,000.00",, 27/02/2026, SBINR12026022718383681, CMS TF WBO MUMBAI
, RTGS Cr-SBIN0004298-CMR NIKKEI INDIA PVT LTD-Century Metal Recycling Limited-SBINR12026022718383754,," 10,000,000.00",, 27/02/2026, SBINR12026022718383754, CMS TF WBO MUMBAI
, RTGS Cr-SBIN0004298-CMR NIKKEI INDIA PVT LTD-Century Metal Recycling Limited-SBINR12026022718383736,," 10,000,000.00",, 27/02/2026, SBINR12026022718383736, CMS TF WBO MUMBAI
, RTGS Cr-SBIN0004298-CMR NIKKEI INDIA PVT LTD-Century Metal Recycling Limited-SBINR12026022718383682,," 10,000,000.00",, 27/02/2026, SBINR12026022718383682, CMS TF WBO MUMBAI
, RTGS Cr-SBIN0004298-CMR NIKKEI INDIA PVT LTD-Century Metal Recycling Limited-SBINR12026022718383683,," 10,000,000.00",, 27/02/2026, SBINR12026022718383683, CMS TF WBO MUMBAI
, RTGS Cr ECMS-KKBK0000958-CMRGR1100LCU101691-VEDANSH TRADING-3850190839,," 800,000.00",, 27/02/2026, KKBKR52026022700686420, FORT
2/28/2026,Opening balance,"-3,366,482.11",,,,,
, RTGS Cr ECMS-KKBK0000958-CMRGR1100LCU101691-VEDANSH TRADING-3850190839,," 5,000,000.00",, 28/02/2026, KKBKR52026022800705972, FORT
, International -1100B0226015905,,,"-78,538.44", 28/02/2026, HDFCH00831514863," NETBANK, MUMBAI"
, VIPUL ENTERPRI-1100B0226015903,,,"-19,128.39", 28/02/2026, HDFCH00831523938," NETBANK, MUMBAI"
, IMPS CR ECMS-9052-CMRGR1100LCU101769-AMAN ENTERPRISES-0667202500004701,," 50,000.00",, 28/02/2026, 605942682267, FARIDABAD HARYANA
, FT Cr ECMS-CMRGR1100LCU100221-NIYAZ MOHD TRADING AND CASTING-59209813362326,," 375,000.00",, 28/02/2026, NBMHLK0NFDUSC8MK," NETBANK, MUMBAI"
, RTGS Cr ECMS-SBIN0050933-CMRGR1100LSU106722-SINGHALMETALLOYS-37494944781,," 572,064.00",, 28/02/2026, SBINR12026022818407825, FORT
, RTGS Cr ECMS-SBIN0050933-CMRGR1100LSU106722-SINGHALMETALLOYS-37494944781,," 257,429.00",, 28/02/2026, SBINR12026022818407845, FORT
, RTGS Cr ECMS-SBIN0050933-CMRGR1100LSU106722-SINGHALMETALLOYS-37494944781,," 383,640.00",, 28/02/2026, SBINR12026022818407887, FORT
, IMPS CR ECMS-9052-CMRGR1100LCU101769-AMAN ENTERPRISES-0667202500004701,," 44,000.00",, 28/02/2026, 605942718697, FARIDABAD HARYANA
, NEFT Cr ECMS-CNRB0019251-CMRLTD151LCU101556-M S ENTERPRISES-92511400000402,," 1,221,000.00",, 28/02/2026, CNRBH00113875030, FORT
, RTGS Cr ECMS-ICIC0099999-CMRGE1100LCU101770-JP JINDAL RECYCLING PRIVATE LI-629605501089,," 7,281,898.00",, 28/02/2026, ICICR22026022814771931, FORT
, NEFT Cr ECMS-CNRB0019251-CMRLTD152LCU101556-M S ENTERPRISES-92511400000402,," 510,000.00",, 28/02/2026, CNRBH00113890143, FORT
, FT602284146147-CMR ALUMINIUM PRIVATE LTD FT 0028-57500000540028,," 15,000,000.00",, 28/02/2026, 602284146147," NETBANK, MUMBAI"
, FT602284183575-CMR TOYOTSU ALUMINIUM INDIA PL FT-00930310001264,," 10,000,000.00",, 28/02/2026, 602284183575," NETBANK, MUMBAI"
, 602284163298RBL,,,"-45,000.00", 28/02/2026, HDFCH00832221478," NETBANK, MUMBAI"
, CHCE6PE1DFK7B9-CBICICEGATE,,,"-9,891,748.00", 28/02/2026, 602284144365," NETBANK, MUMBAI"
, CHCE6HI1DFJH9S-CBICICEGATE,,,"-9,728,479.00", 28/02/2026, 602284138004," NETBANK, MUMBAI"
, CHCE4M61DFHXVO-CBICICEGATE,,,"-9,925,485.00", 28/02/2026, 602284113437," NETBANK, MUMBAI"
, CHCE4ZD1DFJQU9-CBICICEGATE,,,"-9,884,389.00", 28/02/2026, 602284140600," NETBANK, MUMBAI"
, CHCEKOF1DFKE0F-CBICICEGATE,,,"-9,668,450.00", 28/02/2026, 602284146536," NETBANK, MUMBAI"
, CHCEK0O1DFJBHV-CBICICEGATE,,,"-9,772,113.00", 28/02/2026, 602284134520," NETBANK, MUMBAI"
, CHCEUSK1DFI92J-CBICICEGATE,,,"-9,495,008.00", 28/02/2026, 602284118769," NETBANK, MUMBAI"
, CHCEFO61DFIKGE-CBICICEGATE,,,"-9,921,856.00", 28/02/2026, 602284123344," NETBANK, MUMBAI"
, CHCEM8A1DFIZL7-CBICICEGATE,,,"-9,979,154.00", 28/02/2026, 602284131467," NETBANK, MUMBAI"
, CHCEZDK1DFHHKH-CBICICEGATE,,,"-786,483.00", 28/02/2026, 602284109985," NETBANK, MUMBAI"
, CHCE1X21DFHSJW-CBICICEGATE,,,"-9,623,888.00", 28/02/2026, 602284112304," NETBANK, MUMBAI"
, CHCECTK1DFKJSP-CBICICEGATE,,,"-1,704,161.00", 28/02/2026, 602284148076," NETBANK, MUMBAI"
, CHCE6F71DFK1GI-CBICICEGATE,,,"-9,836,847.00", 28/02/2026, 602284141732," NETBANK, MUMBAI"
, CHCEU371DFISUN-CBICICEGATE,,,"-9,812,007.00", 28/02/2026, 602284127053," NETBANK, MUMBAI"
, RTGS Cr-SBIN0004298-CMR TOYOTSU ALUMINIUM INDIA PVT LT-Century Metal Recycling Limited-SBINR12026022818448500,," 10,000,000.00",, 28/02/2026, SBINR12026022818448500, CMS TF WBO MUMBAI
, RTGS Cr-SBIN0004298-CMR TOYOTSU ALUMINIUM INDIA PVT LT-Century Metal Recycling Limited-SBINR12026022818448499,," 10,000,000.00",, 28/02/2026, SBINR12026022818448499, CMS TF WBO MUMBAI
3/1/2026,Opening balance,"-62,844,185.94",,,,,
, Interest debited till 28-FEB-2026,,,"-272,371.00", 28/02/2026,, FARIDABAD HARYANA
3/1/2026,Closing balance,"-63,116,556.94",,,,,
3/1/2026,Opening balance,"-63,116,556.94",,,,,
, AUTO INTEREST PAYMENT ON WCDL AGAINST 572LN01260580018,,,"-110,959.00", 01/03/2026, 572LN01260580018, SECTOR-53
, NEFT Cr ECMS-SBIN0050933-CMRGR1100LSU106722-SINGHALMETALLOYS-00000037494944781,," 45,200.00",, 01/03/2026, SBIN326060537653, FORT
, NEFT Cr ECMS-UTIB0003112-CMRLTD151LCU101486-ADITYA ENTERPRISES-921020054868210,," 525,000.00",, 01/03/2026, AXOMB06002175492, FORT
3/2/2026,Opening balance,"-62,657,315.94",,,,,
, 602284153952SHINHAN MAR26,,,"-71,781.00", 02/03/2026, HDFCH00834448722," NETBANK, MUMBAI"
, RTGS Cr ECMS-UTIB0002437-CMRLTD151LCU101262-MAHAKAL ENTERPRISES-921020020261421,," 600,000.00",, 02/03/2026, UTIBR72026030200570424, FORT
, FT CR ECMS-CMRGR1100LCU101842-VISHNU VIHAN FUTURE WORLD-50200102162927,," 1,145,000.00",, 02/03/2026, 000017," ROHINI SE 11,N DELHI"
, FT Cr ECMS-CMRGR1100LCU100335-REHAN TRADERS-50200087498200,," 555,000.00",, 02/03/2026, HDFC319235FAA076," NETBANK, MUMBAI"
, ODEX INDIA SOL-1100B0226016032,,,"-645,106.00", 02/03/2026, HDFCH00835213446," NETBANK, MUMBAI"
, ODEX INDIA SOL-1100B0226016030,,,"-26,735.26", 02/03/2026, HDFCH00835209193," NETBANK, MUMBAI"
, T T Motors P-1100B0226016029,,,"-138,012.69", 02/03/2026, 603024887003," NETBANK, MUMBAI"
, NEFT Cr ECMS-UTIB0003112-CMRLTD151LCU101486-ADITYA ENTERPRISES-921020054868210,," 27,000.00",, 02/03/2026, AXOMB06102071892, FORT
, COMM ON LIQD OF IMP COLL BILL,,,-177, 02/03/2026, 612BC05260610001," KUNDLI, SONEPAT"
, CHCEBBE1DL2Y0U-CBICICEGATE,,,"-4,273,757.00", 02/03/2026, 603025101742," NETBANK, MUMBAI"
, LIQUIDATION OF IMP COLL BILL,,,"-11,019,299.63", 02/03/2026, 612BC05260550001," KUNDLI, SONEPAT"
, FT Cr ECMS-CMRGR1100LCU101320-HERO MOTOCORP LIMITED 315-00030110000315,," 4,299,257.41",, 02/03/2026, 603025246050," NETBANK, MUMBAI"
, FT Cr ECMS-CMRGR1100LCU101315-HERO MOTOCORP LIMITED 315-00030110000315,," 14,600,171.45",, 02/03/2026, 603025246052," NETBANK, MUMBAI"
, INW 260226I049909365 USD300.0@91.31,," 27,393.00",, 02/03/2026, 020326167389," NETBANK, MUMBAI"
, 260226I049909365 DPO2606127975285 IGST,,,-49.31, 02/03/2026, 020326167396," NETBANK, MUMBAI"
, INW 260226I049900152 USD82100.0@91.31,," 7,496,551.00",, 02/03/2026, 020326167563," NETBANK, MUMBAI"
, 260226I049900152 DPO2606127975299 IGST,,,"-2,159.38", 02/03/2026, 020326167570," NETBANK, MUMBAI"
, RTGS Cr-SBIN0004298-CMR TOYOTSU ALUMINIUM INDIA PVT LT-Century Metal Recycling Limited-SBINR12026030218593846,," 10,000,000.00",, 02/03/2026, SBINR12026030218593846, CMS TF WBO MUMBAI
, RTGS Cr-SBIN0004298-CMR TOYOTSU ALUMINIUM INDIA PVT LT-Century Metal Recycling Limited-SBINR12026030218593847,," 10,000,000.00",, 02/03/2026, SBINR12026030218593847, CMS TF WBO MUMBAI
, RTGS Cr-SBIN0004298-CMR TOYOTSU ALUMINIUM INDIA PVT LT-Century Metal Recycling Limited-SBINR12026030218593864,," 10,000,000.00",, 02/03/2026, SBINR12026030218593864, CMS TF WBO MUMBAI
, RTGS Cr-SBIN0004298-CMR TOYOTSU ALUMINIUM INDIA PVT LT-Century Metal Recycling Limited-SBINR12026030218593878,," 10,000,000.00",, 02/03/2026, SBINR12026030218593878, CMS TF WBO MUMBAI
, RTGS Cr-SBIN0004298-CMR TOYOTSU ALUMINIUM INDIA PVT LT-Century Metal Recycling Limited-SBINR12026030218593881,," 10,000,000.00",, 02/03/2026, SBINR12026030218593881, CMS TF WBO MUMBAI
, RTGS Cr-IDFB0080101-NORTHERN ARC CAPITAL LIMITED-CMR GREEN TECHNOLOGIES-IDFBR62026030202005320,," 2,023,265.00",, 02/03/2026, IDFBR62026030202005320, FORT
, NEFT Cr-RATN0000999-AISSA MARITIME PRIVATE LIMITED-CMR GREEN TECHNOLOGIES LIMITED-000506243101,," 30,000.00",, 02/03/2026, 000506243101, FORT
, 12540310000177-1240 to 177,,,"-44,500,000.00", 02/03/2026, 603025664944," NETBANK, MUMBAI"
, RTGS Cr ECMS-CNRB0019260-CMRGR1100LSU101904-SAWA ENTERPRISES-125005017703,," 276,100.00",, 02/03/2026, CNRBR52026030278975181, FORT
, ODEX INDIA SOL-1100B0226016206,,,"-430,657.52", 02/03/2026, HDFCH00836416824," NETBANK, MUMBAI"
, ODEX INDIA SOL-1100B0226016205,,,"-39,058.00", 02/03/2026, HDFCH00836416827," NETBANK, MUMBAI"
, SINOKOR MERCHA-1100B0226016210,,,"-383,232.73", 02/03/2026, HDFCH00836423119," NETBANK, MUMBAI"
, SINOKOR MERCHA-1100B0226016201,,,"-194,861.37", 02/03/2026, HDFCH00836416986," NETBANK, MUMBAI"
, INW 020326I049901740 USD162613.0@91.4625,," 14,872,991.51",, 02/03/2026, 020326255536," NETBANK, MUMBAI"
, 020326I049901740 DPO2606127989743 IGST,,,"-3,487.14", 02/03/2026, 020326255543," NETBANK, MUMBAI"
, LIQUIDATION OF IMP COLL BILL,,,"-3,453,802.44", 02/03/2026, 612BC05260560001," KUNDLI, SONEPAT"
, LIQUIDATION OF IMP COLL BILL,,,"-6,086,821.53", 02/03/2026, 612BC05260470006," KUNDLI, SONEPAT"
," RTGS Dr-ICIC0006303-CENTURYMETALRECYCLINGLIMITED-NETBANK, MUM-HDFCR52026030276685546",,,"-70,000,000.00", 02/03/2026, HDFCR52026030276685546," NETBANK, MUMBAI"
, FT603026017902-CMR TOYOTSU ALUMINIUM INDIA PL FT-00930310001264,," 30,000,000.00",, 02/03/2026, 603026017902," NETBANK, MUMBAI"
, RTGS Cr-KKBK0000958-RICO AUTO INDUSTRIES LTD-CMR GREEN TECHNOLOGIES LIMITED-KKBKR22026030221474266,," 6,775,550.96",, 02/03/2026, KKBKR22026030221474266, FORT
, FCY OUTWARD REMITTANCE,,,"-140,391.83", 02/03/2026, 612FT01260610103," KUNDLI, SONEPAT"
," RTGS Dr-YESB0000003-YESBANKLTD-NETBANK, MUM-HDFCR52026030276707117",,,"-200,000.00", 02/03/2026, HDFCR52026030276707117," NETBANK, MUMBAI"
, IMPS CR ECMS-9015-CMRGR1100LCU101620-RITIK TRADING COMPAN-120017944599,," 450,000.00",, 02/03/2026, 606119255301, FARIDABAD HARYANA
, SECURITIES AND-1100B0226016215,,,"-35,405.90", 02/03/2026, HDFCH00837687000," NETBANK, MUMBAI"
, RTGS Cr ECMS-KKBK0000958-CMRLTD151LCU101407-GLOBAL METAL RECYCLERS-1145328738,," 590,000.00",, 02/03/2026, KKBKR52026030200896025, FORT
, RTGS Cr-UTIB0000039-CMR GREEN TECHNOLOGIES LIMITED FORMERLY-CENTURY METAL RECYCLING LIMITE-UTIBR62026030260413234,," 4,120,000.00",, 02/03/2026, UTIBR62026030260413234, CMS TF WBO MUMBAI
, RTGS Cr-UTIB0000039-CMR GREEN TECHNOLOGIES LIMITED FORMERLY-CENTURY METAL RECYCLING LIMITE-UTIBR62026030260413236,," 9,900,000.00",, 02/03/2026, UTIBR62026030260413236, CMS TF WBO MUMBAI
, RTGS Cr-SBIN0004298-CMR TOYOTSU ALUMINIUM INDIA PVT LT-Century Metal Recycling Limited-SBINR12026030218659367,," 10,000,000.00",, 02/03/2026, SBINR12026030218659367, CMS TF WBO MUMBAI
, RTGS Cr-SBIN0004298-CMR TOYOTSU ALUMINIUM INDIA PVT LT-Century Metal Recycling Limited-SBINR12026030218659366,," 10,000,000.00",, 02/03/2026, SBINR12026030218659366, CMS TF WBO MUMBAI
3/3/2026,Opening balance,"-36,513,831.34",,,,,
, AUTO SWEEPOUT TO CMR GREEN TECHNOLOGI 12540310000177,," 737,425.12",, 02/03/2026,, SRIPERAMBUDUR
, Maruti Suzuki -1100B0226016193,,,"-10,000,000.00", 03/03/2026, HDFCH00838021107," NETBANK, MUMBAI"
, NEFT Cr ECMS-CNRB0019251-CMRLTD151LCU101556-M S ENTERPRISES-92511400000402,," 287,000.00",, 03/03/2026, CNRBH00114503511, FORT
, HUDEI METALS P-1100B0226016144,,,"-2,796,570.00", 03/03/2026, HDFCH00838108647," NETBANK, MUMBAI"
, Green Overseas-1100B0226016111,,,"-4,674,058.66", 03/03/2026, HDFCH00838104858," NETBANK, MUMBAI"
, SHARMA METAL-1100B0226016183,,,"-10,654,603.25", 03/03/2026, HDFCH00838108651," NETBANK, MUMBAI"
, APPLE MANPOWER-1100B0226016150,,,"-8,252,202.29", 03/03/2026, 603025090250," NETBANK, MUMBAI"
, Steel Links-1100B0226016135,,,"-2,511,705.42", 03/03/2026, HDFCH00838104859," NETBANK, MUMBAI"
, P.G. Internati-1100B0226016121,,,"-6,591,807.13", 03/03/2026, HDFCH00838106524," NETBANK, MUMBAI"
, PROFESSIONAL M-1100B0226016148,,,"-3,706,854.51", 03/03/2026, HDFCH00838108656," NETBANK, MUMBAI"
, SCOPE OVERSEAS-1100B0226016188,,,"-3,263,581.74", 03/03/2026, 603025090342," NETBANK, MUMBAI"
, D. B. Enterpri-1100B0226016114,,,"-5,713,866.81", 03/03/2026, HDFCH00838108657," NETBANK, MUMBAI"
, WASTE TO ENERG-1100B0226016186,,,"-4,560,164.20", 03/03/2026, 603025090338," NETBANK, MUMBAI"
, RAVI METALS P-1100B0226016154,,,"-3,197,010.30", 03/03/2026, HDFCH00838106525," NETBANK, MUMBAI"
, SHIVAY ULTIMAT-1100B0226016172,,,"-2,565,456.79", 03/03/2026, HDFCH00838108663," NETBANK, MUMBAI"
, OVERZEAL TRADE-1100B0226016180,,,"-3,240,652.72", 03/03/2026, HDFCH00838106526," NETBANK, MUMBAI"
, BALAJI TRADING-1100B0226016171,,,"-3,002,759.25", 03/03/2026, 603025090299," NETBANK, MUMBAI"
, MTC BUSINESS P-1100B0226016174,,,"-3,530,560.00", 03/03/2026, 603025090309," NETBANK, MUMBAI"
, LARSEN TOUBR-1100B0226016198,,,"-5,776,183.68", 03/03/2026, HDFCH00838109636," NETBANK, MUMBAI"
, Manmachine Man-1100B0226016079,,,"-3,013,714.03", 03/03/2026, HDFCH00838109803," NETBANK, MUMBAI"
, SWASTIK INTERN-1100B0226016072,,,"-8,703,400.89", 03/03/2026, HDFCH00838106549," NETBANK, MUMBAI"
, TIRUPATI TRADE-1100B0226016108,,,"-2,588,582.94", 03/03/2026, HDFCH00838108823," NETBANK, MUMBAI"
, Saini Placemen-1100B0226016080,,,"-2,774,904.84", 03/03/2026, HDFCH00838106550," NETBANK, MUMBAI"
, ATIF TRADING C-1100B0226016107,,,"-2,631,297.86", 03/03/2026, HDFCH00838108825," NETBANK, MUMBAI"
, FT Cr ECMS-CMRGR1100LCU100221-NIYAZ MOHD TRADING AND CASTING-59209813362326,," 197,000.00",, 03/03/2026, NBSQSMWSFF6RQAYH," NETBANK, MUMBAI"
, JOHAR AUTOMOB-1100B0226016035,,,"-335,036.37", 03/03/2026, 603024996535," NETBANK, MUMBAI"
, Bright Industr-1100B0226015983,,,"-23,597.84", 03/03/2026, HDFCH00838197843," NETBANK, MUMBAI"
, R Infotech Sof-1100B0226016038,,,"-43,782.80", 03/03/2026, HDFCH00838196079," NETBANK, MUMBAI"
, Ametek Instrum-1100B0226016033,,,"-137,706.00", 03/03/2026, HDFCH00838193491," NETBANK, MUMBAI"
, TRUVERIZEN TEC-1100B0226016034,,,"-20,250.00", 03/03/2026, HDFCH00838193496," NETBANK, MUMBAI"
, Pratibha Agarw-1100B0226016036,,,"-40,525.84", 03/03/2026, HDFCH00838196990," NETBANK, MUMBAI"
, VEER ENGINEERI-1100B0226016037,,,"-19,500.00", 03/03/2026, HDFCH00838196081," NETBANK, MUMBAI"
, KRISHNA ELECTR-1100B0226016059,,,"-31,465.47", 03/03/2026, 603025019689," NETBANK, MUMBAI"
, PREMIER ROAD C-1100B0226016055,,,"-29,673.42", 03/03/2026, 603025019679," NETBANK, MUMBAI"
, Balbir Singh a-1100B0226016040,,,"-39,530.00", 03/03/2026, 603025019707," NETBANK, MUMBAI"
, HOTEL SARVOTTA-1100B0226016048,,,"-58,553.50", 03/03/2026, 603025019663," NETBANK, MUMBAI"
, Jubi Pack-1100B0226016083,,,"-7,857.84", 03/03/2026, 603025058245," NETBANK, MUMBAI"
, WASTE TO ENERG-1100B0226016070,,,"-1,630,274.04", 03/03/2026, 603025019716," NETBANK, MUMBAI"
, INSAF PAINTING-1100B0226016049,,,"-81,900.00", 03/03/2026, HDFCH00838196117," NETBANK, MUMBAI"
, BABLI ENTERPRI-1100B0226016047,,,"-1,436,648.26", 03/03/2026, HDFCH00838196118," NETBANK, MUMBAI"
, Arya Sales S-1100B0226016074,,,"-7,634.60", 03/03/2026, HDFCH00838196120," NETBANK, MUMBAI"
, Kasting House-1100B0226016039,,,"-148,403.88", 03/03/2026, HDFCH00838197894," NETBANK, MUMBAI"
, Pearl Automati-1100B0226016042,,,"-9,280.00", 03/03/2026, HDFCH00838196121," NETBANK, MUMBAI"
, INTEGRATED PER-1100B0226016052,,,"-985,063.66", 03/03/2026, HDFCH00838197014," NETBANK, MUMBAI"
, VCS ENTERPRISE-1100B0226016056,,,"-46,927.30", 03/03/2026, HDFCH00838194170," NETBANK, MUMBAI"
, M S JUPITER PE-1100B0226016065,,,"-1,012,030.02", 03/03/2026, HDFCH00838196122," NETBANK, MUMBAI"
, Bharat Pest Co-1100B0226016075,,,"-5,089.50", 03/03/2026, HDFCH00838197900," NETBANK, MUMBAI"
, SHIVAM ELECTRO-1100B0226016060,,,"-5,192.00", 03/03/2026, HDFCH00838194187," NETBANK, MUMBAI"
, SEWA EXPORTS-1100B0226016054,,,"-41,891.00", 03/03/2026, HDFCH00838195039," NETBANK, MUMBAI"
, FANTASTIC HOLI-1100B0226016073,,,"-40,080.00", 03/03/2026, HDFCH00838197015," NETBANK, MUMBAI"
, INSTAVERITAS I-1100B0226016069,,,"-68,499.00", 03/03/2026, HDFCH00838196134," NETBANK, MUMBAI"
, FLEET XPRESS P-1100B0226016066,,,"-166,834.00", 03/03/2026, HDFCH00838197904," NETBANK, MUMBAI"
, Kalinga Air Ga-1100B0226016078,,,"-3,717.00", 03/03/2026, HDFCH00838196140," NETBANK, MUMBAI"
, Ganesh Trading-1100B0226016045,,,-637.2, 03/03/2026, HDFCH00838195043," NETBANK, MUMBAI"
, SMART CIES BUS-1100B0226016058,,,"-148,500.00", 03/03/2026, HDFCH00838193530," NETBANK, MUMBAI"
, SARASWATI ACCO-1100B0226016068,,,"-5,310.00", 03/03/2026, HDFCH00838195052," NETBANK, MUMBAI"
, Bharti Airtel -1100B0226016043,,,"-25,133.34", 03/03/2026, HDFCH00838195054," NETBANK, MUMBAI"
, CREATIVE INNS -1100B0226016050,,,"-48,257.48", 03/03/2026, HDFCH00838196147," NETBANK, MUMBAI"
, SK UEM Water P-1100B0226016081,,,"-10,677.00", 03/03/2026, HDFCH00838194202," NETBANK, MUMBAI"
, JAGDAMBA TRADI-1100B0226016062,,,"-1,711.00", 03/03/2026, HDFCH00838197017," NETBANK, MUMBAI"
, KAANTA FOODS P-1100B0226016057,,,"-125,442.15", 03/03/2026, HDFCH00838193536," NETBANK, MUMBAI"
, INANDS ENTERPR-1100B0226016064,,,"-41,895.00", 03/03/2026, HDFCH00838197018," NETBANK, MUMBAI"
, KHARA TRANSPOR-1100B0226016067,,,"-21,060.00", 03/03/2026, HDFCH00838197909," NETBANK, MUMBAI"
, R Infotech Sof-1100B0226016076,,,"-22,113.20", 03/03/2026, HDFCH00838197020," NETBANK, MUMBAI"
, HITECH BEARING-1100B0226016063,,,-632.9, 03/03/2026, HDFCH00838197915," NETBANK, MUMBAI"
, ISHAN NETSOL P-1100B0226016071,,,"-16,756.20", 03/03/2026, HDFCH00838195069," NETBANK, MUMBAI"
, BLOOMBERG DATA-1100B0226016053,,,"-799,388.30", 03/03/2026, HDFCH00838196160," NETBANK, MUMBAI"
, R J ENTERPRISE-1100B0226016061,,,"-2,891.00", 03/03/2026, HDFCH00838193537," NETBANK, MUMBAI"
, Dilshad Khan-1100B0226016077,,,"-3,557.40", 03/03/2026, HDFCH00838195081," NETBANK, MUMBAI"
, Star Enterpris-1100B0226016084,,,"-149,760.00", 03/03/2026, HDFCH00838194229," NETBANK, MUMBAI"
, DARSHAN ENTERP-1100B0226016051,,,"-61,218.40", 03/03/2026, HDFCH00838194230," NETBANK, MUMBAI"
, Devirosh Group-1100B0226016082,,,"-555,999.06", 03/03/2026, HDFCH00838197021," NETBANK, MUMBAI"
, BOMBAY STATION-1100B0226016044,,,"-32,353.86", 03/03/2026, HDFCH00838195088," NETBANK, MUMBAI"
, Hind Terminals-1100B0226016041,,,"-386,426.17", 03/03/2026, HDFCH00838196169," NETBANK, MUMBAI"
, VRISHTI BEVERA-1100B0226016046,,,"-16,063.35", 03/03/2026, HDFCH00838197932," NETBANK, MUMBAI"
, WATRANA RENTAL-1100B0226016091,,,"-144,119.81", 03/03/2026, 603025058262," NETBANK, MUMBAI"
, V Pack Automat-1100B0226016119,,,"-43,498.40", 03/03/2026, 603025090177," NETBANK, MUMBAI"
, Milap Tyres-1100B0226016131,,,"-105,256.00", 03/03/2026, 603025090204," NETBANK, MUMBAI"
, Saini Traders-1100B0226016129,,,"-73,205.60", 03/03/2026, 603025090199," NETBANK, MUMBAI"
, M S HARI OM ST-1100B0226016093,,,"-105,053.04", 03/03/2026, 603025058268," NETBANK, MUMBAI"
, MELTWELL LININ-1100B0226016109,,,"-31,860.00", 03/03/2026, 603025058303," NETBANK, MUMBAI"
, Sharma Steels -1100B0226016126,,,"-291,878.90", 03/03/2026, 603025090191," NETBANK, MUMBAI"
, RE SUSTAINABIL-1100B0226016087,,,"-97,734.00", 03/03/2026, HDFCH00838196187," NETBANK, MUMBAI"
, Shri Krishan E-1100B0226016132,,,"-196,175.00", 03/03/2026, HDFCH00838196188," NETBANK, MUMBAI"
, RAPIDUE TECHNO-1100B0226016098,,,"-2,255,666.13", 03/03/2026, HDFCH00838197941," NETBANK, MUMBAI"
, Big Computer S-1100B0226016133,,,"-8,260.00", 03/03/2026, HDFCH00838196191," NETBANK, MUMBAI"
, HARSH TRANSPOR-1100B0226016139,,,"-1,007,645.62", 03/03/2026, HDFCH00838196194," NETBANK, MUMBAI"
, ANCHOR ROAD LI-1100B0226016103,,,"-19,725.44", 03/03/2026, HDFCH00838197943," NETBANK, MUMBAI"
, Akshara Enterp-1100B0226016113,,,"-5,309.40", 03/03/2026, HDFCH00838196198," NETBANK, MUMBAI"
, PROFESSIONAL M-1100B0226016092,,,"-1,151,382.20", 03/03/2026, HDFCH00838196199," NETBANK, MUMBAI"
, Lucky Computer-1100B0226016116,,,"-4,387.50", 03/03/2026, HDFCH00838194342," NETBANK, MUMBAI"
, CERA THERMAL T-1100B0226016086,,,"-1,207,347.46", 03/03/2026, HDFCH00838194343," NETBANK, MUMBAI"
, PYROTEK INDIA -1100B0226016097,,,"-102,573.00", 03/03/2026, HDFCH00838197944," NETBANK, MUMBAI"
, Mahesh Agencie-1100B0226016138,,,"-2,734.60", 03/03/2026, HDFCH00838195116," NETBANK, MUMBAI"
, Gurusabh Power-1100B0226016115,,,"-146,486.23", 03/03/2026, HDFCH00838197945," NETBANK, MUMBAI"
, R J ENTERPRISE-1100B0226016099,,,-167, 03/03/2026, HDFCH00838195117," NETBANK, MUMBAI"
, PLATINUM SYSTE-1100B0226016102,,,"-13,888.60", 03/03/2026, HDFCH00838194352," NETBANK, MUMBAI"
, J.S.D. Enterpr-1100B0226016136,,,"-26,036.55", 03/03/2026, HDFCH00838193631," NETBANK, MUMBAI"
, Harpal Bhati-1100B0226016137,,,"-7,920.00", 03/03/2026, HDFCH00838196412," NETBANK, MUMBAI"
, Anudeep Indust-1100B0226016085,,,"-1,877.26", 03/03/2026, HDFCH00838195118," NETBANK, MUMBAI"
, EURO TECH THER-1100B0226016094,,,"-33,394.00", 03/03/2026, HDFCH00838196417," NETBANK, MUMBAI"
, Pacific Electr-1100B0226016130,,,"-41,359.00", 03/03/2026, HDFCH00838197947," NETBANK, MUMBAI"
, Hindustan Petr-1100B0226016123,,,"-27,010.20", 03/03/2026, HDFCH00838195175," NETBANK, MUMBAI"
, JAGDAMBA TRADI-1100B0226016100,,,"-10,077.20", 03/03/2026, HDFCH00838194369," NETBANK, MUMBAI"
, M.S. Engineeri-1100B0226016125,,,"-246,703.10", 03/03/2026, HDFCH00838197028," NETBANK, MUMBAI"
, Sukhveer Singh-1100B0226016088,,,"-1,323.27", 03/03/2026, HDFCH00838196518," NETBANK, MUMBAI"
, KALPATARU PARI-1100B0226016095,,,"-827,362.29", 03/03/2026, HDFCH00838193652," NETBANK, MUMBAI"
, Mascot Recycli-1100B0226016110,,,"-2,497,843.36", 03/03/2026, HDFCH00838195234," NETBANK, MUMBAI"
, Watco India P-1100B0226016120,,,"-33,453.00", 03/03/2026, HDFCH00838193656," NETBANK, MUMBAI"
, EURO POWER TEC-1100B0226016106,,,"-90,388.00", 03/03/2026, HDFCH00838196550," NETBANK, MUMBAI"
, Gujarat Enviro-1100B0226016128,,,"-54,962.29", 03/03/2026, HDFCH00838195239," NETBANK, MUMBAI"
, SS METALS ENTE-1100B0226016112,,,"-2,421,553.46", 03/03/2026, HDFCH00838196597," NETBANK, MUMBAI"
, Pankhi Engg. -1100B0226016118,,,"-1,534.00", 03/03/2026, HDFCH00838197958," NETBANK, MUMBAI"
, Shree Balaji T-1100B0226016127,,,"-1,035.12", 03/03/2026, HDFCH00838193663," NETBANK, MUMBAI"
, PAWNI INDUSTRI-1100B0226016140,,,"-140,400.00", 03/03/2026, HDFCH00838197959," NETBANK, MUMBAI"
, LOGISNEXT INDI-1100B0226016096,,,"-213,440.00", 03/03/2026, HDFCH00838197130," NETBANK, MUMBAI"
, Mubaric Khan S-1100B0226016117,,,"-91,525.01", 03/03/2026, HDFCH00838194413," NETBANK, MUMBAI"
, BAJRANG STEEL -1100B0226016090,,,"-61,950.00", 03/03/2026, HDFCH00838195249," NETBANK, MUMBAI"
, Hydmark Applic-1100B0226016122,,,"-71,744.00", 03/03/2026, HDFCH00838197969," NETBANK, MUMBAI"
, Komal Residenc-1100B0226016134,,,"-21,568.00", 03/03/2026, HDFCH00838196652," NETBANK, MUMBAI"
, RAVI RAJ INDUS-1100B0226016101,,,"-44,555.62", 03/03/2026, HDFCH00838195254," NETBANK, MUMBAI"
, Linde India Li-1100B0226016124,,,"-20,440.32", 03/03/2026, HDFCH00838194508," NETBANK, MUMBAI"
, CJ DARCL LOGIS-1100B0226016105,,,"-6,390.97", 03/03/2026, HDFCH00838196656," NETBANK, MUMBAI"
, KRISHNA ENGINE-1100B0226016089,,,"-9,360.00", 03/03/2026, HDFCH00838194528," NETBANK, MUMBAI"
, PARAS PETROPLA-1100B0226016104,,,"-1,739,579.13", 03/03/2026, HDFCH00838194531," NETBANK, MUMBAI"
, KOTHARI METAL -1100B0226016185,,,"-11,371.24", 03/03/2026, HDFCH00838198140," NETBANK, MUMBAI"
, SARDARI LAL AN-1100B0226016164,,,"-2,243.65", 03/03/2026, HDFCH00838195490," NETBANK, MUMBAI"
, TREIS SOLUTION-1100B0226016163,,,"-130,844.08", 03/03/2026, HDFCH00838199791," NETBANK, MUMBAI"
, JAGDAMBA TRADI-1100B0226016165,,,"-116,841.10", 03/03/2026, HDFCH00838197268," NETBANK, MUMBAI"
, GULAFSHA GUPTA-1100B0226016197,,,"-4,327.20", 03/03/2026, HDFCH00838198143," NETBANK, MUMBAI"
, DEVDEEP ENTERP-1100B0226016160,,,"-167,511.24", 03/03/2026, HDFCH00838199801," NETBANK, MUMBAI"
, KOSMIK CARGO I-1100B0226016194,,,"-46,781.32", 03/03/2026, HDFCH00838195510," NETBANK, MUMBAI"
, AIR WATER INDI-1100B0226016168,,,"-8,906.64", 03/03/2026, HDFCH00838197277," NETBANK, MUMBAI"
, VEDA INSTRUMEN-1100B0226016181,,,"-10,561.00", 03/03/2026, HDFCH00838198894," NETBANK, MUMBAI"
, PVA ALLOYS-1100B0226016190,,,"-584,610.10", 03/03/2026, HDFCH00838200825," NETBANK, MUMBAI"
, WATRANA RENTAL-1100B0226016147,,,"-17,400.00", 03/03/2026, 603025090242," NETBANK, MUMBAI"
, VICKY TRADERS-1100B0226016142,,,"-30,535.86", 03/03/2026, HDFCH00838197291," NETBANK, MUMBAI"
, SHIVAY ULTIMAT-1100B0226016179,,,"-424,472.16", 03/03/2026, HDFCH00838195518," NETBANK, MUMBAI"
, SHREE SHYAM LO-1100B0226016176,,,"-114,537.58", 03/03/2026, 603025090313," NETBANK, MUMBAI"
, EMCO PRECIMA E-1100B0226016192,,,"-4,005.18", 03/03/2026, HDFCH00838195524," NETBANK, MUMBAI"
, STAR WIRE IND-1100B0226016175,,,"-1,836.00", 03/03/2026, 603025090311," NETBANK, MUMBAI"
, DURGA TRADERS-1100B0226016146,,,"-116,319.53", 03/03/2026, HDFCH00838200836," NETBANK, MUMBAI"
, CHOUDHARY KARA-1100B0226016152,,,"-38,263.68", 03/03/2026, HDFCH00838200837," NETBANK, MUMBAI"
, BAWAL STEELS-1100B0226016169,,,"-159,550.45", 03/03/2026, 603025090293," NETBANK, MUMBAI"
, AMAN TRADING C-1100B0226016173,,,"-1,947.00", 03/03/2026, HDFCH00838200841," NETBANK, MUMBAI"
, PASCO EARTHMOV-1100B0226016156,,,"-318,231.95", 03/03/2026, HDFCH00838198914," NETBANK, MUMBAI"
, MISHRA TRADING-1100B0226016158,,,"-78,352.00", 03/03/2026, HDFCH00838200842," NETBANK, MUMBAI"
, SAI METAL WORK-1100B0226016143,,,"-691,480.00", 03/03/2026, 603025090234," NETBANK, MUMBAI"
, PRAKASH HOSPIT-1100B0226016153,,,"-2,700.00", 03/03/2026, 603025090256," NETBANK, MUMBAI"
, UNIVERSAL META-1100B0226016182,,,"-1,232,066.06", 03/03/2026, HDFCH00838198151," NETBANK, MUMBAI"
, Vhs Worldwide -1100B0226016195,,,"-24,396.48", 03/03/2026, 603025110920," NETBANK, MUMBAI"
, STAR HOLO INDI-1100B0226016170,,,"-44,926.14", 03/03/2026, HDFCH00838199806," NETBANK, MUMBAI"
, JINDAL STEEL T-1100B0226016141,,,"-2,041,694.14", 03/03/2026, HDFCH00838200847," NETBANK, MUMBAI"
, M P INDUSTRIAL-1100B0226016161,,,"-181,602.00", 03/03/2026, HDFCH00838200848," NETBANK, MUMBAI"
, CJ DARCL LOGIS-1100B0226016184,,,"-62,794.47", 03/03/2026, HDFCH00838200852," NETBANK, MUMBAI"
, TIVOLI ROYAL P-1100B0226016155,,,"-91,685.00", 03/03/2026, HDFCH00838197321," NETBANK, MUMBAI"
, SAKSHI TRADERS-1100B0226016178,,,"-11,328.00", 03/03/2026, HDFCH00838195533," NETBANK, MUMBAI"
, OJAS TECHNOLOG-1100B0226016159,,,"-3,510.00", 03/03/2026, 603025090271," NETBANK, MUMBAI"
, SAFE WELD TRAD-1100B0226016167,,,"-4,218.50", 03/03/2026, HDFCH00838198161," NETBANK, MUMBAI"
, R RESOURCES-1100B0226016145,,,"-21,358.00", 03/03/2026, HDFCH00838195534," NETBANK, MUMBAI"
, ALPHA METALS -1100B0226016187,,,"-1,911,850.86", 03/03/2026, HDFCH00838200869," NETBANK, MUMBAI"
, PROFESSIONAL S-1100B0226016149,,,"-2,198,703.91", 03/03/2026, HDFCH00838195535," NETBANK, MUMBAI"
, ASTUTE INSURAN-1100B0226016177,,,"-17,820.00", 03/03/2026, HDFCH00838198929," NETBANK, MUMBAI"
, AMR HOLIDAY-1100B0226016200,,,"-24,706.00", 03/03/2026, HDFCH00838195537," NETBANK, MUMBAI"
, SETH AIR PRODU-1100B0226016151,,,"-2,891.00", 03/03/2026, HDFCH00838198931," NETBANK, MUMBAI"
, MS ENTERPRISES-1100B0226016157,,,"-26,781.51", 03/03/2026, HDFCH00838200873," NETBANK, MUMBAI"
, HITECH BEARING-1100B0226016166,,,"-10,316.74", 03/03/2026, HDFCH00838199821," NETBANK, MUMBAI"
, GRAVITY FACILI-1100B0226016199,,,"-608,086.44", 03/03/2026, HDFCH00838200877," NETBANK, MUMBAI"
, TRANSACTION SQ-1100B0226016196,,,"-817,560.00", 03/03/2026, HDFCH00838199822," NETBANK, MUMBAI"
, BHAGWATI ENTER-1100B0226016189,,,"-852,734.78", 03/03/2026, HDFCH00838198174," NETBANK, MUMBAI"
, SURESALES AUTO-1100B0226016162,,,"-11,631.26", 03/03/2026, HDFCH00838199827," NETBANK, MUMBAI"
, FT Cr ECMS-CMRLTD152LCU101434-AMIT ALLOYS COMPANY-99997635077350,," 89,500.00",, 03/03/2026, HDFCEAB8C6D16DA0," NETBANK, MUMBAI"
, NEFT RETURN-PAYMENT STOPPED-BAJRANG STEEL FURNITURE-RATNN52026030374663194,," 61,950.00",, 03/03/2026, HDFCH00838195249, FORT
, IMPS CR ECMS-9211-CMRGR1100LCU101110-OMNAMOMETAL-922020066935237,," 287,200.00",, 03/03/2026, 606244874579, FARIDABAD HARYANA
, COMM ON LIQD OF IMP COLL BILL,,,-177, 03/03/2026, 612BC05260620001," KUNDLI, SONEPAT"
, COMM ON LIQD OF IMP COLL BILL,,,-177, 03/03/2026, 612BC05260620005," KUNDLI, SONEPAT"
, 50100187106501-Mukesh Kumar 15752,,,"-55,525.00", 03/03/2026, 603036311013," NETBANK, MUMBAI"
, 50100296128422-Geetanjali Phulia 14899,,,"-156,885.00", 03/03/2026, 603036279351," NETBANK, MUMBAI"
, 603036279488Ankit Mittal 15508,,,"-89,260.00", 03/03/2026, HDFCH00838562616," NETBANK, MUMBAI"
, 603036313779Anil Kumar Giri 15832,,,"-84,440.00", 03/03/2026, HDFCH00838566974," NETBANK, MUMBAI"
, 603036314319Bhanu Bhardwaj 15953,,,"-66,981.00", 03/03/2026, HDFCH00838564678," NETBANK, MUMBAI"
, 603036278999Suresh kumar 10136,,,"-120,000.00", 03/03/2026, HDFCH00838562624," NETBANK, MUMBAI"
, 603036279116Dheeraj Sharma 11498,,,"-189,110.00", 03/03/2026, HDFCH00838566980," NETBANK, MUMBAI"
, RTGS Cr ECMS-SBIN0030203-CMRGR1100LCU101333-OPTIMA METAL RECYCLERS-43024599494,," 1,394,406.00",, 03/03/2026, SBINR12026030318683341, FORT
, ODEX INDIA SOL-1100B0226016239,,,"-1,068,217.42", 03/03/2026, HDFCH00838747735," NETBANK, MUMBAI"
, UNIFEEDER AGEN-1100B0226016242,,,"-219,856.35", 03/03/2026, 603036451629," NETBANK, MUMBAI"
, UNIFEEDER AGEN-1100B0226016241,,,"-219,856.35", 03/03/2026, 603036449580," NETBANK, MUMBAI"
, Ajay Kumar Pra-1100B0226016287,,,"-17,755.50", 03/03/2026, 603036486904," NETBANK, MUMBAI"
, FT-HDFC555122767-HAPPAY POOL ACCOUNT CMRG,,,"-210,296.81", 03/03/2026, 603036486823," NETBANK, MUMBAI"
, Amit Arora-1100B0226016260,,,"-4,101.10", 03/03/2026, 603036486841," NETBANK, MUMBAI"
, Yugal Kishor G-1100B0226016290,,,"-7,097.00", 03/03/2026, 603036486910," NETBANK, MUMBAI"
, Sandeep Bhadau-1100B0226016268,,,"-2,596.00", 03/03/2026, 603036486860," NETBANK, MUMBAI"
, Sujeet Kumar S-1100B0226016257,,,"-1,154.00", 03/03/2026, 603036486835," NETBANK, MUMBAI"
, Dipak Topiwala-1100B0226016279,,,"-2,641.85", 03/03/2026, 603036486886," NETBANK, MUMBAI"
, Aman Kesarwani-1100B0226016281,,,"-1,519.00", 03/03/2026, 603036486890," NETBANK, MUMBAI"
, Pawan-1100B0226016269,,,"-6,647.00", 03/03/2026, 603036486862," NETBANK, MUMBAI"
, Rupesh Prasad-1100B0226016252,,,"-7,381.50", 03/03/2026, 603036486925," NETBANK, MUMBAI"
, Avnish Pal-1100B0226016272,,,"-16,931.69", 03/03/2026, 603036486869," NETBANK, MUMBAI"
, Manish Agrahar-1100B0226016273,,,-600, 03/03/2026, 603036486873," NETBANK, MUMBAI"
, Amit Kumar Vis-1100B0226016255,,,-325, 03/03/2026, 603036486831," NETBANK, MUMBAI"
, KALPIT KUMAR D-1100B0226016276,,,"-3,400.00", 03/03/2026, HDFCH00838954618," NETBANK, MUMBAI"
, Pradeep Chaudh-1100B0226016280,,,"-6,294.00", 03/03/2026, HDFCH00838954619," NETBANK, MUMBAI"
, Lovekesh Kumar-1100B0226016289,,,"-1,800.00", 03/03/2026, HDFCH00838956050," NETBANK, MUMBAI"
, Sarvesh kumar-1100B0226016248,,,"-10,995.00", 03/03/2026, 603036486916," NETBANK, MUMBAI"
, Harish Tripath-1100B0226016253,,,"-13,303.40", 03/03/2026, HDFCH00838954635," NETBANK, MUMBAI"
, Pawan Kumar Ch-1100B0226016245,,,-708, 03/03/2026, HDFCH00838954637," NETBANK, MUMBAI"
, Sachin Dudeja-1100B0226016247,,,"-2,651.50", 03/03/2026, HDFCH00838955420," NETBANK, MUMBAI"
, Prdeep Kumar-1100B0226016263,,,"-1,547.00", 03/03/2026, HDFCH00838956081," NETBANK, MUMBAI"
, Dharmendra Sai-1100B0226016262,,,-942, 03/03/2026, HDFCH00838955421," NETBANK, MUMBAI"
, Vikas Mishra-1100B0226016292,,,"-1,053.00", 03/03/2026, HDFCH00838952707," NETBANK, MUMBAI"
, Naresh Kumar-1100B0226016251,,,"-2,960.70", 03/03/2026, HDFCH00838955425," NETBANK, MUMBAI"
, Lalit Kumar Gu-1100B0226016270,,,"-5,428.00", 03/03/2026, HDFCH00838952714," NETBANK, MUMBAI"
, Bhagat Singh-1100B0226016265,,,-861.62, 03/03/2026, HDFCH00838952715," NETBANK, MUMBAI"
, Harsh Kumar-1100B0226016274,,,"-4,070.00", 03/03/2026, HDFCH00838956164," NETBANK, MUMBAI"
, Pankaj Gahlot-1100B0226016266,,,"-6,712.00", 03/03/2026, HDFCH00838957208," NETBANK, MUMBAI"
, Rajesh Kumar K-1100B0226016267,,,"-7,388.00", 03/03/2026, HDFCH00838957313," NETBANK, MUMBAI"
, Pathik Patel-1100B0226016259,,,"-6,024.34", 03/03/2026, HDFCH00838955533," NETBANK, MUMBAI"
, Naveen Kumar-1100B0226016249,,,"-3,427.00", 03/03/2026, HDFCH00838958731," NETBANK, MUMBAI"
, Utkarsh Nigam-1100B0226016288,,,"-1,500.00", 03/03/2026, HDFCH00838958738," NETBANK, MUMBAI"
, Sudhir Kumar-1100B0226016250,,,-471.51, 03/03/2026, HDFCH00838954685," NETBANK, MUMBAI"
, Arunesh Kumar-1100B0226016277,,,-983, 03/03/2026, HDFCH00838958165," NETBANK, MUMBAI"
, Puneesh Lamba-1100B0226016283,,,-630, 03/03/2026, HDFCH00838958167," NETBANK, MUMBAI"
, VISHAL CHAUHAN-1100B0226016285,,,"-3,630.00", 03/03/2026, HDFCH00838958169," NETBANK, MUMBAI"
, Deepak Kumar-1100B0226016278,,,"-3,389.26", 03/03/2026, HDFCH00838957452," NETBANK, MUMBAI"
, Narender Singh-1100B0226016254,,,-389, 03/03/2026, HDFCH00838959764," NETBANK, MUMBAI"
, Deepak Bhardwa-1100B0226016271,,,-744, 03/03/2026, HDFCH00838957509," NETBANK, MUMBAI"
, Ankur Singh-1100B0226016264,,,"-1,080.40", 03/03/2026, HDFCH00838955539," NETBANK, MUMBAI"
, Nitin Soni-1100B0226016261,,,"-5,536.00", 03/03/2026, HDFCH00838957523," NETBANK, MUMBAI"
, Vijay Kumar-1100B0226016291,,,"-6,433.03", 03/03/2026, HDFCH00838958180," NETBANK, MUMBAI"
, Ravindra Prata-1100B0226016246,,,"-16,128.00", 03/03/2026, HDFCH00838956199," NETBANK, MUMBAI"
, Mukesh Kumar J-1100B0226016258,,,"-3,294.50", 03/03/2026, HDFCH00838957527," NETBANK, MUMBAI"
, Rishabh Khalia-1100B0226016286,,,-750, 03/03/2026, HDFCH00838957531," NETBANK, MUMBAI"
, Ram Gopal-1100B0226016256,,,"-1,000.00", 03/03/2026, HDFCH00838956205," NETBANK, MUMBAI"
, Bhabani Sankar-1100B0226016282,,,"-7,385.00", 03/03/2026, HDFCH00838956208," NETBANK, MUMBAI"
, Sanjay Dubey-1100B0226016284,,,"-9,104.00", 03/03/2026, HDFCH00838956209," NETBANK, MUMBAI"
, Gaurav Sharma-1100B0226016275,,,"-14,818.00", 03/03/2026, HDFCH00838955563," NETBANK, MUMBAI"
, UNIFEEDER AGEN-1100B0226016294,,,"-219,856.35", 03/03/2026, 603036514827," NETBANK, MUMBAI"
, ODEX INDIA SOL-1100B0226016236,,,"-121,640.30", 03/03/2026, HDFCH00838987669," NETBANK, MUMBAI"
, MAKE MY TRIP -1100B0226016237,,,"-502,519.28", 03/03/2026, HDFCH00839003878," NETBANK, MUMBAI"
, RTGS Cr-SBIN0004298-M s Century Metal Recycling Private-Century Metal Rceycling Pvt Ltd-SBINR12026030318709050,," 10,000,000.00",, 03/03/2026, SBINR12026030318709050, CMS TF WBO MUMBAI
, RTGS Cr-SBIN0004298-M s Century Metal Recycling Private-Century Metal Rceycling Pvt Ltd-SBINR12026030318709040,," 10,000,000.00",, 03/03/2026, SBINR12026030318709040, CMS TF WBO MUMBAI
, RTGS Cr-SBIN0004298-M s Century Metal Recycling Private-Century Metal Rceycling Pvt Ltd-SBINR12026030318709105,," 10,000,000.00",, 03/03/2026, SBINR12026030318709105, CMS TF WBO MUMBAI
, RTGS Cr-SBIN0004298-M s Century Metal Recycling Private-Century Metal Rceycling Pvt Ltd-SBINR12026030318709020,," 10,000,000.00",, 03/03/2026, SBINR12026030318709020, CMS TF WBO MUMBAI
, RTGS Cr-SBIN0004298-M s Century Metal Recycling Private-Century Metal Rceycling Pvt Ltd-SBINR12026030318709106,," 10,000,000.00",, 03/03/2026, SBINR12026030318709106, CMS TF WBO MUMBAI
, RTGS Cr-SBIN0004298-CMR TOYOTSU ALUMINIUM INDIA PVT LT-Century Metal Recycling Limited-SBINR12026030318710457,," 10,000,000.00",, 03/03/2026, SBINR12026030318710457, CMS TF WBO MUMBAI
, RTGS Cr-SBIN0004298-CMR TOYOTSU ALUMINIUM INDIA PVT LT-Century Metal Recycling Limited-SBINR12026030318710518,," 10,000,000.00",, 03/03/2026, SBINR12026030318710518, CMS TF WBO MUMBAI
, RTGS Cr-SBIN0004298-CMR TOYOTSU ALUMINIUM INDIA PVT LT-Century Metal Recycling Limited-SBINR12026030318710517,," 10,000,000.00",, 03/03/2026, SBINR12026030318710517, CMS TF WBO MUMBAI
, RTGS Cr-SBIN0004298-CMR TOYOTSU ALUMINIUM INDIA PVT LT-Century Metal Recycling Limited-SBINR12026030318710435,," 10,000,000.00",, 03/03/2026, SBINR12026030318710435, CMS TF WBO MUMBAI
, IMPS CR ECMS-9015-CMRGR1100LCU101620-RITIK TRADING COMPAN-120017944599,," 500,000.00",, 03/03/2026, 606217484720, FARIDABAD HARYANA
, RTGS Cr-KKBK0000958-CMR Green Technologies Limited-CMR Green Technologies Limited-KKBKR52026030300215924,," 30,565,903.74",, 03/03/2026, KKBKR52026030300215924, FORT
, RTGS Cr-UTIB0000039-CMR GREEN TECHNOLOGIES LIMITED FORMERLY-CENTURY METAL RECYCLING LIMITE-UTIBR62026030360568250,," 9,170,000.00",, 03/03/2026, UTIBR62026030360568250, CMS TF WBO MUMBAI
3/4/2026,Opening balance,"-48,521,918.23",,,,,
, RTGS Cr-SCBL0036001-ENDURANCE TECHNOLOGIES LIMITED-CMR GREEN TECHNOLOGIES LIMITED-SCBLR12026030400810384,," 6,370,055.64",, 04/03/2026, SCBLR12026030400810384, FORT
, RTGS Cr-UTIB0000039-CMR GREEN TECHNOLOGIES LIMITED FORMERLY-CENTURY METAL RECYCLING LIMITE-UTIBR62026030460721192,," 9,000,000.00",, 04/03/2026, UTIBR62026030460721192, CMS TF WBO MUMBAI
, RTGS Cr-SBIN0004298-CMR TOYOTSU ALUMINIUM INDIA PVT LT-Century Metal Recycling Limited-SBINR12026030418854730,," 10,000,000.00",, 04/03/2026, SBINR12026030418854730, CMS TF WBO MUMBAI
, RTGS Cr-SBIN0004298-CMR TOYOTSU ALUMINIUM INDIA PVT LT-Century Metal Recycling Limited-SBINR12026030418854729,," 10,000,000.00",, 04/03/2026, SBINR12026030418854729, CMS TF WBO MUMBAI
, RTGS Cr-SBIN0004298-CMR TOYOTSU ALUMINIUM INDIA PVT LT-Century Metal Recycling Limited-SBINR12026030418854731,," 10,000,000.00",, 04/03/2026, SBINR12026030418854731, CMS TF WBO MUMBAI
3/5/2026,Opening balance,"-3,151,862.59",,,,,
, NEFT Cr ECMS-UTIB0002172-CMRGR1100LCU101448-M.G. METALS-920020057240920,," 489,550.00",, 05/03/2026, AXOIR06400900421, FORT
, HIRA LAL ROADL-1100B0226016208,,,"-109,453.10", 05/03/2026, HDFCH00842837511," NETBANK, MUMBAI"
, WHITE LIGHT DE-1100B0226016238,,,"-17,550.00", 05/03/2026, 603036366809," NETBANK, MUMBAI"
, Mehershri Sunr-1100B0226016209,,,"-613,034.96", 05/03/2026, HDFCH00842842416," NETBANK, MUMBAI"
, Shamshad-1100B0226016207,,,"-77,889.74", 05/03/2026, HDFCH00842842284," NETBANK, MUMBAI"
, NEFT Cr ECMS-CNRB0019251-CMRLTD152LCU101556-M S ENTERPRISES-92511400000402,," 543,000.00",, 05/03/2026, CNRBH00114933061, FORT
, FCY OUTWARD REMITTANCE,,,"-90,616.55", 05/03/2026, 612FT01260640002," KUNDLI, SONEPAT"
, LIQUIDATION OF IMP COLL BILL,,,"-3,304,018.98", 05/03/2026, 612BC05260540003," KUNDLI, SONEPAT"
, INW 030326I049906895 USD148.35@91.51,," 13,575.51",, 05/03/2026, 050326040225," NETBANK, MUMBAI"
, 030326I049906895 DPO2606432429735 IGST,,,-45, 05/03/2026, 050326040232," NETBANK, MUMBAI"
, ODEX INDIA SOL-1100B0226016305,,,"-3,743,423.74", 05/03/2026, HDFCH00843130688," NETBANK, MUMBAI"
, ODEX INDIA SOL-1100B0226016311,,,"-151,389.28", 05/03/2026, HDFCH00843240472," NETBANK, MUMBAI"
, RTGS Cr ECMS-UJVN0002204-CMRGR1100LCU101893-PRIME METALLURGICAL ENTERPRISE-2204230110000001,," 413,000.00",, 05/03/2026, UJVNR92026030500104182, FORT
, INW 020326I049911220 USD280.0@91.52,," 25,625.60",, 05/03/2026, 050326173439," NETBANK, MUMBAI"
, 020326I049911220 DPO2606432460719 IGST,,,-46.13, 05/03/2026, 050326173446," NETBANK, MUMBAI"
, Shri Ram Pisto-1100B0226016319,,,"-4,074,624.00", 05/03/2026, 603058338722," NETBANK, MUMBAI"
, RTGS Cr-UTIB0000039-CMR GREEN TECHNOLOGIES LIMITED FORMERLY-CENTURY METAL RECYCLING LIMITE-UTIBR62026030560868608,," 80,000,000.00",, 05/03/2026, UTIBR62026030560868608, CMS TF WBO MUMBAI
, FT-HIZINC7799-Hindustan Zinc Ltd.,,,"-14,516,932.00", 05/03/2026, 603058344204," NETBANK, MUMBAI"
, FT-HIZINC7904-Hindustan Zinc Ltd.,,,"-14,005,053.24", 05/03/2026, 603058345533," NETBANK, MUMBAI"
, PATIALA STEELS-1100B0226016332,,,"-3,366,028.38", 05/03/2026, 603058373632," NETBANK, MUMBAI"
, FT-HIZINC7795-Hindustan Zinc Ltd.,,,"-32,054,675.98", 05/03/2026, 603058340669," NETBANK, MUMBAI"
, AMAIRA METALS-1100B0226016340,,,"-3,095,649.68", 05/03/2026, 603058373625," NETBANK, MUMBAI"
, P.G. Internati-1100B0226016329,,,"-6,964,113.54", 05/03/2026, HDFCH00844196695," NETBANK, MUMBAI"
, MARWADI METALL-1100B0226016333,,,"-5,249,247.36", 05/03/2026, HDFCH00844194305," NETBANK, MUMBAI"
, SHIVAY ULTIMAT-1100B0226016341,,,"-8,940,239.99", 05/03/2026, HDFCH00844197573," NETBANK, MUMBAI"
, PARAS PETROPLA-1100B0226016337,,,"-2,706,479.98", 05/03/2026, HDFCH00844196706," NETBANK, MUMBAI"
, UNIVERSAL META-1100B0226016335,,,"-3,789,000.86", 05/03/2026, HDFCH00844194356," NETBANK, MUMBAI"
, HUDEI METALS P-1100B0226016331,,,"-3,446,031.19", 05/03/2026, HDFCH00844198674," NETBANK, MUMBAI"
, OVERZEAL TRADE-1100B0226016334,,,"-5,252,774.80", 05/03/2026, HDFCH00844194370," NETBANK, MUMBAI"
, SHARMA METAL-1100B0226016336,,,"-7,005,322.80", 05/03/2026, HDFCH00844199396," NETBANK, MUMBAI"
, KOTHARI METAL -1100B0226016339,,,"-12,456,922.08", 05/03/2026, HDFCH00844199399," NETBANK, MUMBAI"
, RTGS Cr-ICIC0000083-CMR ALUMINIUM PVT LTD-CMR GREEN TECHNOLOGIES LTD-ICICR52026030500481160,," 150,000,000.00",, 05/03/2026, ICICR52026030500481160, FORT
, Maruti Suzuki -1100B0226016348,,,"-7,000,000.00", 05/03/2026, HDFCH00844207256," NETBANK, MUMBAI"
, RTGS Cr-UTIB0001609-SHRIRAM PISTONS RINGS LIMITED-CMR GREEN TECHNOLOGIES LIMITED-UTIBR72026030500046283,," 23,986,149.59",, 05/03/2026, UTIBR72026030500046283, FORT
, 57500000342857-2857,,,"-250,000,000.00", 05/03/2026, 603059019981," NETBANK, MUMBAI"
, 50100206329048-Sejal Bhatnagar 15548,,,"-58,064.00", 05/03/2026, 603058526466," NETBANK, MUMBAI"
, RTGS Cr ECMS-ICIC0000011-CMRGR1100LCU101832-MANOJ TRADING CO.-235451000006,," 4,528,840.00",, 05/03/2026, ICICR42026030500560805, FORT
, RTGS Cr-IDFB0080101-NORTHERN ARC CAPITAL LIMITED-CMR GREEN TECHNOLOGIES-IDFBR62026030502040589,," 2,157,415.00",, 05/03/2026, IDFBR62026030502040589, FORT
, RTGS Cr ECMS-YESB0000001-CMRGR1100LCU101888-MOREY TRADERS-053161900012080,," 920,070.00",, 05/03/2026, YESBR12026030500042752, FORT
, 76847909 CUSTOMER BOOKING COMMISSION,,,-500, 05/03/2026,, SANDOZ - MUMBAI
, IGST-ServiceCharge-STAX Upload-NCB2606432420198,,,-90, 05/03/2026, NCB2606432420198, SANDOZ - MUMBAI
, ADVANCE PAYMENT OF IMPORT BILL,,,"-25,330.18", 05/03/2026, 612BC09260640143," KUNDLI, SONEPAT"
, ADVANCE PAYMENT OF IMPORT BILL,,,"-244,576.53", 05/03/2026, 612BC09260640141," KUNDLI, SONEPAT"
, RTGS Cr ECMS-UTIB0000806-CMRGR1100LCU101508-SIDDHANATH JEWELLERS AND REFIN-922030054149128,," 4,000,000.00",, 05/03/2026, UTIBR62026030560977841, FORT
, RTGS Cr ECMS-KKBK0000958-CMRLTD151LCU101407-GLOBAL METAL RECYCLERS-1145328738,," 600,000.00",, 05/03/2026, KKBKR52026030500719940, FORT
, FT Cr ECMS-CMRGR1100LCU101902-PRATEEK TRADERS-01532320000994,," 560,000.00",, 05/03/2026, NBWLK8ABWRIAFN3N," NETBANK, MUMBAI"
, RTGS Cr ECMS-ICIC0000011-CMRLTD201LCU100931-SAVITA INDUSTRIES-140105001924,," 580,000.00",, 06/03/2026, ICICR42026030500587545, FORT
, AUTO SWEEPOUT TO CMR GREEN TECHNOLOGI 57500000342857,," 7,303,483.34",, 05/03/2026,, FARIDABAD HARYANA
3/6/2026,Opening balance,"-119,390,277.62",,,,,
, RTGS Cr ECMS-ICIC0000011-CMRLTD151LCU101618-MAHAKALESHWAR ENTERPRISES-779405000110,," 600,000.00",, 06/03/2026, ICICR42026030600502478, FORT
, FT Cr ECMS-CMRGR1100LCU101958-ALF METALS-50200069457979,," 1,132,210.00",, 06/03/2026, NBFDWOKFBONNQP3I," NETBANK, MUMBAI"
, FT Cr ECMS-CMRLTD151LCU101434-AMIT ALLOYS COMPANY-99997635077350,," 173,000.00",, 06/03/2026, HDFC214D9BF7FCCF," NETBANK, MUMBAI"
, FT Cr ECMS-CMRGR1100LSU101873 -SHRI BALAJI METAL-50200081806063,," 1,109,000.00",, 06/03/2026, 1505068774, CBX Internet System Mumbai
, IMPS CR ECMS-9052-CMRGR1100LCU101769-AMAN ENTERPRISES-0667202500004701,," 15,500.00",, 06/03/2026, 606543994712, FARIDABAD HARYANA
, FT Cr ECMS-CMRLTD201LCU100820-MOHINI INDUSTRIES-50200033588193,," 3,046,000.00",, 06/03/2026, NBB1SUJ1XVHCMKW2," NETBANK, MUMBAI"
, RTGS Cr ECMS-CNRB0019260-CMRGR1100LCU101620-RITIK TRADING COMPANY-120017944599,," 1,100,000.00",, 06/03/2026, CNRBR52026030679288832, FORT
, ELGI Equipment-1100B0226016313,,,"-302,437.20", 06/03/2026, 603058330091," NETBANK, MUMBAI"
, SCOPE OVERSEAS-1100B0226016347,,,"-1,362,539.81", 06/03/2026, 603058679890," NETBANK, MUMBAI"
, SANJAY KRISHNA-1100B0226016351,,,"-1,041,862.50", 06/03/2026, 603058756718," NETBANK, MUMBAI"
, RAJ MOTORS-1100B0226016325,,,"-5,050.83", 06/03/2026, 603058353985," NETBANK, MUMBAI"
, CHAMUNDA ENGIN-1100B0226016324,,,"-24,013.00", 06/03/2026, 603058350672," NETBANK, MUMBAI"
, SAFFRON INDIA -1100B0226016349,,,"-49,987.80", 06/03/2026, HDFCH00846093011," NETBANK, MUMBAI"
, FOETRON CONSUL-1100B0226016314,,,"-100,890.00", 06/03/2026, HDFCH00846092309," NETBANK, MUMBAI"
, JINDAL STEEL T-1100B0226016330,,,"-1,595,402.45", 06/03/2026, HDFCH00846094514," NETBANK, MUMBAI"
, NABIYA TRADERS-1100B0226016342,,,"-2,073,313.65", 06/03/2026, HDFCH00846095521," NETBANK, MUMBAI"
, VANCMRG2H-1100B0226016317,,,"-30,396.00", 06/03/2026, HDFCH00846094515," NETBANK, MUMBAI"
, AIYER LOGISTIC-1100B0226016315,,,"-72,847.12", 06/03/2026, HDFCH00846092325," NETBANK, MUMBAI"
, CREATIVE ART S-1100B0226016326,,,"-42,120.00", 06/03/2026, HDFCH00846093029," NETBANK, MUMBAI"
, M S JAY AMBE M-1100B0226016316,,,"-151,854.61", 06/03/2026, HDFCH00846093580," NETBANK, MUMBAI"
, BHARAT SCRAP F-1100B0226016338,,,"-1,521,017.41", 06/03/2026, HDFCH00846094523," NETBANK, MUMBAI"
, D. B. Enterpri-1100B0226016328,,,"-213,940.00", 06/03/2026, HDFCH00846094525," NETBANK, MUMBAI"
, VANNUMBERCMRTT-1100B0226016323,,,"-146,531.00", 06/03/2026, HDFCH00846093035," NETBANK, MUMBAI"
, ATIF TRADING C-1100B0226016343,,,"-2,206,248.03", 06/03/2026, HDFCH00846092336," NETBANK, MUMBAI"
, ICICI CREDIT C-1100B0226016350,,,"-234,803.01", 06/03/2026, HDFCH00846095546," NETBANK, MUMBAI"
, HION SECURITY -1100B0226016318,,,"-496,800.00", 06/03/2026, HDFCH00846092343," NETBANK, MUMBAI"
, IMPS CR ECMS-9751-cmrgr1100lcu101943-MR TRADING CO-89650005280,," 500,000.00",, 06/03/2026, 606511385215, FARIDABAD HARYANA
, FT Cr ECMS-CMRGR1100LCU100767-PEEYUSH METAL-50200073483622,," 5,758,400.00",, 06/03/2026, 1505518225, CBX Internet System Mumbai
, RTGS Cr ECMS-UTIB0000806-CMRGR1100LCU101508-SIDDHANATH JEWELLERS AND REFIN-923020003815564,," 2,000,000.00",, 06/03/2026, UTIBR62026030661052280, FORT
, RTGS Cr ECMS-UTIB0000806-CMRGR1100LCU101508-SIDDHANATH JEWELLERS AND REFIN-923020003815564,," 4,000,000.00",, 06/03/2026, UTIBR62026030661055148, FORT
, RTGS Cr ECMS-UTIB0000806-CMRGR1100LCU101508-SIDDHANATH JEWELLERS AND REFIN-923020003815564,," 1,000,000.00",, 06/03/2026, UTIBR62026030661058209, FORT
, IMPS CR ECMS-9211-CMRGR1100LCU101110-OMNAMOMETAL-922020066935237,," 280,000.00",, 06/03/2026, 606555293777, FARIDABAD HARYANA
, IMPS CR ECMS-9751-cmrgr1100lcu101943-MR TRADING CO-89650005280,," 500,000.00",, 06/03/2026, 606513505692, FARIDABAD HARYANA
, IMPS CR ECMS-9751-cmrgr1100lcu101943-MR TRADING CO-89650005280,," 500,000.00",, 06/03/2026, 606513507362, FARIDABAD HARYANA
, IMPS CR ECMS-9751-cmrgr1100lcu101943-MR TRADING CO-89650005280,," 62,000.00",, 06/03/2026, 606513508878, FARIDABAD HARYANA
, IMPS CR ECMS-9751-cmrgr1100lcu101943-MR TRADING CO-89650005280,," 500,000.00",, 06/03/2026, 606513555328, FARIDABAD HARYANA
, CHQ DEP - CTS CLG2 - NAVRANGPURA EXTN: BIMALKUMAR TULSYAN :BANK OF BARODA,," 250,000.00",, 06/03/2026, 000000000007, NAVRANGPURA EXTN
, LIQUIDATION OF IMP COLL BILL,,,"-16,326,927.08", 06/03/2026, 612BC05260620001," KUNDLI, SONEPAT"
, LIQUIDATION OF IMP COLL BILL,,,"-6,113,206.29", 06/03/2026, 612BC05260580001," KUNDLI, SONEPAT"
, RTGS Cr ECMS-UTIB0000806-CMRGR1100LCU101508-SIDDHANATH JEWELLERS AND REFIN-923020003815564,," 1,500,000.00",, 06/03/2026, UTIBR62026030661113949, FORT
, CHCEVBN1DZ4KOO-CBICICEGATE,,,"-7,493,445.00", 06/03/2026, 603060132038," NETBANK, MUMBAI"
, UNIFEEDER AGEN-1100B0226016380,,,"-113,174.33", 06/03/2026, 603069925573," NETBANK, MUMBAI"
, ODEX INDIA SOL-1100B0226016395,,,"-934,306.30", 06/03/2026, HDFCH00846910401," NETBANK, MUMBAI"
, ICICI CREDIT C-1100B0226016396,,,"-14,924.82", 06/03/2026, HDFCH00847044695," NETBANK, MUMBAI"
," RTGS Dr-RATN0000990-CMRGreenTechnologiesLimited-NETBANK, MUM-HDFCR52026030678034720",,,"-222,904.00", 06/03/2026, HDFCR52026030678034720," NETBANK, MUMBAI"
, FT - 41433514-57500001719146-INDUS TOWERS LIMITED-IPA A/C,," 9,680.00",, 06/03/2026, 1506610554, CBX Internet System Mumbai
, 9715826315655-SBIEPAY,,,"-113,879.85", 06/03/2026, 603060577138," NETBANK, MUMBAI"
, NEFT Cr-YESB0000402-WBCAD GGN REPAYMENT-CMR GREEN TECHNOLOGIES LIMITED-YESB60654829792,," 43,469.38",, 06/03/2026, YESB60654829792, FORT
, FT Cr ECMS-CMRGR1100LCU101964-SHREE RADHA ENTERPRISE-50200066931940,," 2,049,896.00",, 06/03/2026, NBUYRWWUVDU3AYZ0," NETBANK, MUMBAI"
, CHQ DEP RET- ADVICE NOT RECEIVED,,,"-250,000.00", 06/03/2026, 000000000007, NAVRANGPURA EXTN
, FT Cr ECMS-CMRLTD151LCU101373-SHRI JI METAL-50200053543370,," 3,103,400.00",, 06/03/2026, NB5RY1XUNSYERO3V," NETBANK, MUMBAI"
, RTGS Cr-KKBK0000958-CMR Green Technologies Limited-CMR Green Technologies Limited-KKBKR52026030600395249,," 30,274,511.61",, 06/03/2026, KKBKR52026030600395249, FORT
, FT Cr ECMS-CMRLTD202LCU100983-TOLA TRADING AND CASTING WORKS-50200035571033,," 621,000.00",, 06/03/2026, NBZ0CERY7LEQW6WI," NETBANK, MUMBAI"
, RTGS Cr ECMS-UBIN0551384-CMRLTD201LCU100856-M F METALS-513805010000059,," 9,000,000.00",, 06/03/2026, UBINR22026030601733689, FORT
3/7/2026,Opening balance,"-93,517,032.72",,,,,
, FT Cr ECMS-CMRLTD151LCU101331-J B TRADING-50200083168153,," 36,000.00",, 07/03/2026, HDFC99F2A53BAEF6," NETBANK, MUMBAI"
, RTGS Cr ECMS-ICIC0000011-CMRLTD201LCU100490-M K TRADERS CASTING-661305500712,," 600,000.00",, 07/03/2026, ICICR42026030700502282, FORT
, FT Cr ECMS-CMRGR1100LCU101884-VIPUL TRADERS-50200076602625,," 2,040,000.00",, 07/03/2026, NBK0WAX4HOAXNOJV," NETBANK, MUMBAI"
, RTGS Cr ECMS-UBIN0535443-CMRGR1100LSU105359-MOURYA ENTERPRISES-354401010036892,," 560,000.00",, 07/03/2026, UBINR22026030701735536, FORT
, NEFT Cr ECMS-CNRB0019251-CMRLTD151LCU101556-M S ENTERPRISES-92511400000402,," 300,000.00",, 07/03/2026, CNRBH00115622442, FORT
, FT Cr ECMS-CMRGR1100LCU101902-PRATEEK TRADERS-01532320000994,," 537,000.00",, 07/03/2026, NBNZHHKXF7Q16VOP," NETBANK, MUMBAI"
, RTGS Cr ECMS-KKBK0000958-CMRGR1100LCU101691-VEDANSH TRADING-3850190839,," 1,902,000.00",, 07/03/2026, KKBKR52026030700622723, FORT
, 57500000863497-ECO,,,"-20,000,000.00", 07/03/2026, 603071328987," NETBANK, MUMBAI"
, COMM ON LIQD OF IMP COLL BILL,,,-177, 07/03/2026, 612BC05260660001," KUNDLI, SONEPAT"
, 14884NMCSALFEB,,,"-14,778.31", 07/03/2026, 603060744734," NETBANK, MUMBAI"
, 10133NMCSALFEB,,,"-16,081.00", 07/03/2026, HDFCH00849968404," NETBANK, MUMBAI"
, 10005NMCSALFEB,,,"-36,121.00", 07/03/2026, HDFCH00849967761," NETBANK, MUMBAI"
, 10006NMCSALFEB,,,"-22,003.00", 07/03/2026, HDFCH00849971033," NETBANK, MUMBAI"
, 10010NMCSALFEB,,,"-45,788.00", 07/03/2026, HDFCH00849969493," NETBANK, MUMBAI"
, 15636NMCSALFEB,,,"-32,269.00", 07/03/2026, HDFCH00849969498," NETBANK, MUMBAI"
, 10017NMCSALFEB,,,"-38,277.00", 07/03/2026, HDFCH00849968407," NETBANK, MUMBAI"
, 14821NMCSALFEB,,,"-33,140.00", 07/03/2026, HDFCH00849967952," NETBANK, MUMBAI"
, 10126NMCSALFEB,,,"-43,057.52", 07/03/2026, HDFCH00849971189," NETBANK, MUMBAI"
, 10009NMCSALFEB,,,"-34,292.00", 07/03/2026, HDFCH00849972152," NETBANK, MUMBAI"
, 14476NMCSALFEB,,,"-19,577.95", 07/03/2026, HDFCH00849970089," NETBANK, MUMBAI"
, 14940NMCSALFEB,,,"-18,024.20", 07/03/2026, HDFCH00849973036," NETBANK, MUMBAI"
, 14814NMCSALFEB,,,"-41,959.00", 07/03/2026, HDFCH00849973072," NETBANK, MUMBAI"
, 80203NMCSALFEB,,,"-22,666.00", 07/03/2026, HDFCH00849973110," NETBANK, MUMBAI"
, 10187NMCSALFEB,,,"-31,259.95", 07/03/2026, HDFCH00849969530," NETBANK, MUMBAI"
, 10151NMCSALFEB,,,"-31,070.65", 07/03/2026, HDFCH00849971525," NETBANK, MUMBAI"
, 80206NMCSALFEB,,,"-26,326.00", 07/03/2026, HDFCH00849969540," NETBANK, MUMBAI"
, 14750NMCSALFEB,,,"-17,754.35", 07/03/2026, HDFCH00849973178," NETBANK, MUMBAI"
, 14789NMCSALFEB,,,"-31,426.00", 07/03/2026, HDFCH00849968461," NETBANK, MUMBAI"
, 10237NMCSALFEB,,,"-24,942.00", 07/03/2026, 603060744806," NETBANK, MUMBAI"
, 14740NMCSALFEB,,,"-17,409.86", 07/03/2026, HDFCH00849968466," NETBANK, MUMBAI"
, 10026NMCSALFEB,,,"-35,667.00", 07/03/2026, HDFCH00849973272," NETBANK, MUMBAI"
, 80201NMCSALFEB,,,"-12,168.96", 07/03/2026, HDFCH00849969554," NETBANK, MUMBAI"
, 10134NMCSALFEB,,,"-30,143.00", 07/03/2026, 603060744807," NETBANK, MUMBAI"
, 10271NMCSALFEB,,,"-26,479.00", 07/03/2026, 603060744812," NETBANK, MUMBAI"
, 80202NMCSALFEB,,,"-25,062.85", 07/03/2026, HDFCH00849971602," NETBANK, MUMBAI"
, 10136NMCSALFEB,,,"-15,908.10", 07/03/2026, HDFCH00849968480," NETBANK, MUMBAI"
, 10238NMCSALFEB,,,"-27,457.00", 07/03/2026, 603060744804," NETBANK, MUMBAI"
, 10137NMCSALFEB,,,"-32,061.00", 07/03/2026, HDFCH00849968492," NETBANK, MUMBAI"
, 14569NMCSALFEB,,,"-15,409.00", 07/03/2026, 603060744797," NETBANK, MUMBAI"
, 14813NMCSALFEB,,,"-38,478.00", 07/03/2026, HDFCH00849973289," NETBANK, MUMBAI"
, 10785NMCSALFEB,,,"-27,619.15", 07/03/2026, HDFCH00849973344," NETBANK, MUMBAI"
, 10104NMCSALFEB,,,"-29,005.00", 07/03/2026, HDFCH00849970172," NETBANK, MUMBAI"
, 10174NMCSALFEB,,,"-22,551.00", 07/03/2026, HDFCH00849973349," NETBANK, MUMBAI"
, 10230NMCSALFEB,,,"-33,704.15", 07/03/2026, HDFCH00849971727," NETBANK, MUMBAI"
, 80025NMCSALFEB,,,"-16,807.00", 07/03/2026, HDFCH00849973354," NETBANK, MUMBAI"
, 14736NMCSALFEB,,,"-18,938.79", 07/03/2026, HDFCH00849968655," NETBANK, MUMBAI"
, 80012NMCSALFEB,,,"-15,976.90", 07/03/2026, HDFCH00849971733," NETBANK, MUMBAI"
, 14743NMCSALFEB,,,"-19,849.85", 07/03/2026, HDFCH00849969744," NETBANK, MUMBAI"
, 10225NMCSALFEB,,,"-25,916.00", 07/03/2026, HDFCH00849972600," NETBANK, MUMBAI"
, 12652NMCSALFEB,,,"-20,199.80", 07/03/2026, HDFCH00849972601," NETBANK, MUMBAI"
, 80033NMCSALFEB,,,"-18,619.00", 07/03/2026, HDFCH00849968670," NETBANK, MUMBAI"
, 15696NMCSALFEB,,,"-12,604.00", 07/03/2026, HDFCH00849968671," NETBANK, MUMBAI"
, 10491NMCSALFEB,,,"-21,073.00", 07/03/2026, HDFCH00849968677," NETBANK, MUMBAI"
, 10106NMCSALFEB,,,"-31,747.00", 07/03/2026, HDFCH00849968723," NETBANK, MUMBAI"
, 13028NMCSALFEB,,,"-19,758.00", 07/03/2026, HDFCH00849971785," NETBANK, MUMBAI"
, 13876NMCSALFEB,,,"-20,894.65", 07/03/2026, HDFCH00849972626," NETBANK, MUMBAI"
, 14593NMCSALFEB,,,"-19,116.85", 07/03/2026, HDFCH00849971825," NETBANK, MUMBAI"
, 10226NMCSALFEB,,,"-28,574.00", 07/03/2026, HDFCH00849970313," NETBANK, MUMBAI"
, 15584NMCSALFEB,,,"-14,283.00", 07/03/2026, HDFCH00849969858," NETBANK, MUMBAI"
, 14606NMCSALFEB,,,"-20,778.00", 07/03/2026, HDFCH00849970318," NETBANK, MUMBAI"
, 14576NMCSALFEB,,,"-20,259.40", 07/03/2026, HDFCH00849968795," NETBANK, MUMBAI"
, 10223NMCSALFEB,,,"-27,330.00", 07/03/2026, HDFCH00849971889," NETBANK, MUMBAI"
, 10227NMCSALFEB,,,"-21,048.00", 07/03/2026, HDFCH00849972678," NETBANK, MUMBAI"
, 15841NMCSALFEB,,,"-16,570.00", 07/03/2026, HDFCH00849973374," NETBANK, MUMBAI"
, 10103NMCSALFEB,,,"-30,370.00", 07/03/2026, HDFCH00849971898," NETBANK, MUMBAI"
, 15586NMCSALFEB,,,"-13,493.00", 07/03/2026, HDFCH00849969877," NETBANK, MUMBAI"
, 14861NMCSALFEB,,,"-22,259.85", 07/03/2026, HDFCH00849969882," NETBANK, MUMBAI"
, 14808NMCSALFEB,,,"-19,649.95", 07/03/2026, HDFCH00849971908," NETBANK, MUMBAI"
, 14760NMCSALFEB,,,"-21,592.95", 07/03/2026, HDFCH00849970335," NETBANK, MUMBAI"
, 10222NMCSALFEB,,,"-25,478.00", 07/03/2026, HDFCH00849969891," NETBANK, MUMBAI"
, 10105NMCSALFEB,,,"-41,908.00", 07/03/2026, HDFCH00849972722," NETBANK, MUMBAI"
, 10275NMCSALFEB,,,"-26,459.85", 07/03/2026, HDFCH00849973397," NETBANK, MUMBAI"
, 10175NMCSALFEB,,,"-28,193.00", 07/03/2026, HDFCH00849968804," NETBANK, MUMBAI"
, 15275NMCSALFEB,,,"-13,722.22", 07/03/2026, HDFCH00849970341," NETBANK, MUMBAI"
, 14587NMCSALFEB,,,"-18,912.43", 07/03/2026, HDFCH00849971961," NETBANK, MUMBAI"
, 13265NMCSALFEB,,,"-23,208.20", 07/03/2026, HDFCH00849973514," NETBANK, MUMBAI"
, 15535NMCSALFEB,,,"-13,547.00", 07/03/2026, HDFCH00849970344," NETBANK, MUMBAI"
, 13783NMCSALFEB,,,"-18,852.00", 07/03/2026, HDFCH00849973525," NETBANK, MUMBAI"
, 13396NMCSALFEB,,,"-13,996.00", 07/03/2026, HDFCH00849968823," NETBANK, MUMBAI"
, 80207NMCSALFEB,,,"-15,954.85", 07/03/2026, HDFCH00849974998," NETBANK, MUMBAI"
, 10048NMCSALFEB,,,"-26,169.07", 07/03/2026, HDFCH00849974174," NETBANK, MUMBAI"
, 14832NMCSALFEB,,,"-17,275.00", 07/03/2026, HDFCH00849975004," NETBANK, MUMBAI"
, 14524NMCSALFEB,,,"-18,255.00", 07/03/2026, HDFCH00849975981," NETBANK, MUMBAI"
, 13822NMCSALFEB,,,"-18,533.00", 07/03/2026, HDFCH00849973557," NETBANK, MUMBAI"
, 14553NMCSALFEB,,,"-18,921.13", 07/03/2026, HDFCH00849968856," NETBANK, MUMBAI"
, RTGS Cr ECMS-AUBL0002467-CMRGR1100LCU101987-S K TRADING CO-2602246710340760,," 614,000.00",, 07/03/2026, AUBLR62026030722492739, FORT
, 14705NMCSALFEB,,,"-16,653.00", 07/03/2026, HDFCH00849976234," NETBANK, MUMBAI"
, 10233NMCSALFEB,,,"-22,184.00", 07/03/2026, HDFCH00849978012," NETBANK, MUMBAI"
, 12978NMCSALFEB,,,"-22,385.00", 07/03/2026, HDFCH00849973893," NETBANK, MUMBAI"
, 15684NMCSALFEB,,,"-12,552.02", 07/03/2026, HDFCH00849976250," NETBANK, MUMBAI"
, 80035NMCSALFEB,,,"-13,284.85", 07/03/2026, HDFCH00849973904," NETBANK, MUMBAI"
, 15685NMCSALFEB,,,"-12,552.02", 07/03/2026, HDFCH00849977086," NETBANK, MUMBAI"
, 80007NMCSALFEB,,,"-17,454.00", 07/03/2026, HDFCH00849975202," NETBANK, MUMBAI"
, 15748NMCSALFEB,,,"-15,042.00", 07/03/2026, HDFCH00849978039," NETBANK, MUMBAI"
, 80032NMCSALFEB,,,"-16,771.00", 07/03/2026, HDFCH00849975209," NETBANK, MUMBAI"
, 14569NMCPIFEB,,,"-4,772.00", 07/03/2026, 603061096569," NETBANK, MUMBAI"
, 13822NMCPIFEB,,,"-7,105.00", 07/03/2026, HDFCH00849977253," NETBANK, MUMBAI"
, 14524NMCPIFEB,,,"-4,740.00", 07/03/2026, HDFCH00849977254," NETBANK, MUMBAI"
, 10223NMCPIFEB,,,"-10,821.00", 07/03/2026, HDFCH00849978309," NETBANK, MUMBAI"
, 10174NMCPIFEB,,,"-5,785.00", 07/03/2026, HDFCH00849977260," NETBANK, MUMBAI"
, 15586NMCPIFEB,,,"-5,254.00", 07/03/2026, HDFCH00849974726," NETBANK, MUMBAI"
, 10106NMCPIFEB,,,"-12,216.00", 07/03/2026, HDFCH00849976684," NETBANK, MUMBAI"
, 14832NMCPIFEB,,,"-6,799.00", 07/03/2026, HDFCH00849974735," NETBANK, MUMBAI"
, 10222NMCPIFEB,,,"-9,699.00", 07/03/2026, HDFCH00849975902," NETBANK, MUMBAI"
, 10226NMCPIFEB,,,-124, 07/03/2026, HDFCH00849979141," NETBANK, MUMBAI"
, 10104NMCPIFEB,,,"-1,131.00", 07/03/2026, HDFCH00849979151," NETBANK, MUMBAI"
, 10225NMCPIFEB,,,"-7,598.00", 07/03/2026, HDFCH00849979153," NETBANK, MUMBAI"
, 10227NMCPIFEB,,,"-2,961.00", 07/03/2026, HDFCH00849977283," NETBANK, MUMBAI"
, 10105NMCPIFEB,,,"-5,517.00", 07/03/2026, HDFCH00849976703," NETBANK, MUMBAI"
, 15841NMCPIFEB,,,"-4,602.00", 07/03/2026, HDFCH00849977284," NETBANK, MUMBAI"
, 10175NMCPIFEB,,,"-7,154.00", 07/03/2026, HDFCH00849976706," NETBANK, MUMBAI"
, 15584NMCPIFEB,,,"-5,827.00", 07/03/2026, HDFCH00849979184," NETBANK, MUMBAI"
, 10048NMCPIFEB,,,"-10,016.00", 07/03/2026, HDFCH00849979189," NETBANK, MUMBAI"
, 10103NMCPIFEB,,,"-9,395.00", 07/03/2026, HDFCH00849979976," NETBANK, MUMBAI"
, 13396NMCPIFEB,,,"-3,765.00", 07/03/2026, HDFCH00849979981," NETBANK, MUMBAI"
, 10271NMCPIFEB,,,"-9,047.00", 07/03/2026, 603061096583," NETBANK, MUMBAI"
, 10134NMCPIFEB,,,"-4,626.00", 07/03/2026, 603061096622," NETBANK, MUMBAI"
, 10238NMCPIFEB,,,"-11,254.00", 07/03/2026, 603061096624," NETBANK, MUMBAI"
, 14884NMCPIFEB,,,"-2,432.00", 07/03/2026, 603061096598," NETBANK, MUMBAI"
, 10237NMCPIFEB,,,"-9,427.00", 07/03/2026, 603061096623," NETBANK, MUMBAI"
, 14861NMCPIFEB,,,"-7,644.00", 07/03/2026, HDFCH00849979308," NETBANK, MUMBAI"
, 15748NMCPIFEB,,,"-6,239.00", 07/03/2026, HDFCH00849979309," NETBANK, MUMBAI"
, 14808NMCPIFEB,,,"-3,624.00", 07/03/2026, HDFCH00849981089," NETBANK, MUMBAI"
, 10491NMCPIFEB,,,"-1,229.00", 07/03/2026, HDFCH00849977441," NETBANK, MUMBAI"
, 14736NMCPIFEB,,,"-2,468.00", 07/03/2026, HDFCH00849981105," NETBANK, MUMBAI"
, 15535NMCPIFEB,,,"-5,262.00", 07/03/2026, HDFCH00849978434," NETBANK, MUMBAI"
, 80032NMCPIFEB,,,-430, 07/03/2026, HDFCH00849977447," NETBANK, MUMBAI"
, 10187NMCPIFEB,,,"-12,703.00", 07/03/2026, HDFCH00849978437," NETBANK, MUMBAI"
, 14587NMCPIFEB,,,"-4,731.00", 07/03/2026, HDFCH00849976874," NETBANK, MUMBAI"
, 14553NMCPIFEB,,,"-6,087.00", 07/03/2026, HDFCH00849980124," NETBANK, MUMBAI"
, 15685NMCPIFEB,,,"-5,079.00", 07/03/2026, HDFCH00849978450," NETBANK, MUMBAI"
, 10785NMCPIFEB,,,"-9,844.00", 07/03/2026, HDFCH00849980152," NETBANK, MUMBAI"
, 14476NMCPIFEB,,,"-4,112.00", 07/03/2026, HDFCH00849976885," NETBANK, MUMBAI"
, 14750NMCPIFEB,,,"-4,486.00", 07/03/2026, HDFCH00849979327," NETBANK, MUMBAI"
, 10026NMCPIFEB,,,"-12,605.00", 07/03/2026, HDFCH00849977514," NETBANK, MUMBAI"
, 13265NMCPIFEB,,,"-5,256.00", 07/03/2026, HDFCH00849978510," NETBANK, MUMBAI"
, 10137NMCPIFEB,,,"-13,050.00", 07/03/2026, HDFCH00849979334," NETBANK, MUMBAI"
, 14760NMCPIFEB,,,"-6,395.00", 07/03/2026, HDFCH00849980207," NETBANK, MUMBAI"
, 10005NMCPIFEB,,,"-14,706.00", 07/03/2026, HDFCH00849978547," NETBANK, MUMBAI"
, 12978NMCPIFEB,,,"-8,118.00", 07/03/2026, HDFCH00849979343," NETBANK, MUMBAI"
, 15275NMCPIFEB,,,"-2,361.00", 07/03/2026, HDFCH00849979345," NETBANK, MUMBAI"
, 13028NMCPIFEB,,,"-6,911.00", 07/03/2026, HDFCH00849980266," NETBANK, MUMBAI"
, 80033NMCPIFEB,,,"-7,526.00", 07/03/2026, HDFCH00849981192," NETBANK, MUMBAI"
, 80025NMCPIFEB,,,"-6,525.00", 07/03/2026, HDFCH00849978607," NETBANK, MUMBAI"
, 14743NMCPIFEB,,,"-6,401.00", 07/03/2026, HDFCH00849980302," NETBANK, MUMBAI"
, 80012NMCPIFEB,,,"-6,600.00", 07/03/2026, HDFCH00849979370," NETBANK, MUMBAI"
, 15684NMCPIFEB,,,"-4,391.00", 07/03/2026, HDFCH00849979380," NETBANK, MUMBAI"
, 14940NMCPIFEB,,,"-6,512.00", 07/03/2026, HDFCH00849979384," NETBANK, MUMBAI"
, 13876NMCPIFEB,,,"-5,951.00", 07/03/2026, HDFCH00849978683," NETBANK, MUMBAI"
, 14705NMCPIFEB,,,"-6,620.00", 07/03/2026, HDFCH00849979394," NETBANK, MUMBAI"
, 10233NMCPIFEB,,,"-11,449.00", 07/03/2026, HDFCH00849977639," NETBANK, MUMBAI"
, 14593NMCPIFEB,,,"-5,932.00", 07/03/2026, HDFCH00849981273," NETBANK, MUMBAI"
, 10230NMCPIFEB,,,"-8,519.00", 07/03/2026, HDFCH00849977645," NETBANK, MUMBAI"
, 10151NMCPIFEB,,,"-13,176.00", 07/03/2026, HDFCH00849978772," NETBANK, MUMBAI"
, 80035NMCPIFEB,,,"-5,371.00", 07/03/2026, HDFCH00849981285," NETBANK, MUMBAI"
, 14740NMCPIFEB,,,"-2,707.00", 07/03/2026, HDFCH00849978793," NETBANK, MUMBAI"
, 10017NMCPIFEB,,,"-10,161.00", 07/03/2026, HDFCH00849977654," NETBANK, MUMBAI"
, 14576NMCPIFEB,,,"-6,508.00", 07/03/2026, HDFCH00849981297," NETBANK, MUMBAI"
, 12652NMCPIFEB,,,"-6,650.00", 07/03/2026, HDFCH00849980420," NETBANK, MUMBAI"
, 10275NMCPIFEB,,,"-10,970.00", 07/03/2026, HDFCH00849978834," NETBANK, MUMBAI"
, 10136NMCPIFEB,,,"-11,990.00", 07/03/2026, HDFCH00849980427," NETBANK, MUMBAI"
, 13783NMCPIFEB,,,"-7,287.00", 07/03/2026, HDFCH00849980428," NETBANK, MUMBAI"
, 80007NMCPIFEB,,,"-4,829.00", 07/03/2026, HDFCH00849981323," NETBANK, MUMBAI"
, 15696NMCPIFEB,,,"-5,079.00", 07/03/2026, HDFCH00849980436," NETBANK, MUMBAI"
, 80207NMCPIFEB,,,"-6,600.00", 07/03/2026, HDFCH00849978922," NETBANK, MUMBAI"
, 14606NMCPIFEB,,,"-6,615.00", 07/03/2026, HDFCH00849977674," NETBANK, MUMBAI"
, 60306109932515179NMCPIFEB,,,"-5,831.00", 07/03/2026, HDFCH00850031723," NETBANK, MUMBAI"
, 60306074611515179NMCSALFEB,,,"-14,292.00", 07/03/2026, HDFCH00850031724," NETBANK, MUMBAI"
, 60307145776780201PIFEB25Balakram Mahto,,,"-3,595.00", 07/03/2026, HDFCH00850031726," NETBANK, MUMBAI"
, 60307145361114789PIFEB25Ranjeet Kumar,,,-519, 07/03/2026, HDFCH00850029556," NETBANK, MUMBAI"
, 60307144984710009PIFEB25Nizamuddin Ansar,,,"-6,422.00", 07/03/2026, HDFCH00850031736," NETBANK, MUMBAI"
, 60307145590314813PIFEB25Sharif,,,"-1,360.00", 07/03/2026, HDFCH00850029568," NETBANK, MUMBAI"
, 60307145699514821PIFEB25Satish Kamat,,,"-6,966.00", 07/03/2026, HDFCH00850033646," NETBANK, MUMBAI"
, 60307145630814814PIFEB25Vakil Khan,,,"-7,510.00", 07/03/2026, HDFCH00850036075," NETBANK, MUMBAI"
, 60307145847280206PIFEB25Vikas,,,"-3,063.00", 07/03/2026, HDFCH00850037000," NETBANK, MUMBAI"
, 60307152755515401PIJAN26GAURAV SINGH PAR,,,"-4,620.00", 07/03/2026, HDFCH00850029604," NETBANK, MUMBAI"
, 60307153670915404PIFEB26Rakesh Waghmare,,,"-3,620.00", 07/03/2026, HDFCH00850029609," NETBANK, MUMBAI"
, 60307145194010010PIFEB25Pankaj Kumar,,,"-1,248.00", 07/03/2026, HDFCH00850031755," NETBANK, MUMBAI"
, 60307144436810006PIFEB25,,,"-1,588.00", 07/03/2026, HDFCH00850031760," NETBANK, MUMBAI"
, 60307153510815404PIJAN26Rakesh Waghmare,,,"-2,172.00", 07/03/2026, HDFCH00850035492," NETBANK, MUMBAI"
, 60307153378215402PIJAN26Vijay Giri,,,"-4,144.00", 07/03/2026, HDFCH00850035500," NETBANK, MUMBAI"
, COMM ON LIQD OF IMP COLL BILL,,,-177, 07/03/2026, 612BC05260660002," KUNDLI, SONEPAT"
, CBDT/Bank Reference No:Y2606646122209/CIN No:26030600186012HDFC/Online,,,"-4,695,024.00", 07/03/2026, 260306110072488," NETBANK, MUMBAI"
, CBDT/Bank Reference No:Y2606646122210/CIN No:26030600205382HDFC/Online,,,"-10,124.00", 07/03/2026, 260306120007681," NETBANK, MUMBAI"
, CBDT/Bank Reference No:Y2606646122166/CIN No:26030600192582HDFC/Online,,,"-5,169,188.00", 07/03/2026, 260306110078061," NETBANK, MUMBAI"
, CBDT/Bank Reference No:Y2606646127912/CIN No:26030700047560HDFC/Online,,,"-4,238,754.00", 07/03/2026, 260307100009340," NETBANK, MUMBAI"
, CMA CGM Agenci-1100B0226016423,,,"-57,348.00", 07/03/2026, HDFCH00850732546," NETBANK, MUMBAI"
, COMM ON LIQD OF IMP COLL BILL,,,-177, 07/03/2026, 612BC05260660005," KUNDLI, SONEPAT"
, COMM ON LIQD OF IMP COLL BILL,,,-177, 07/03/2026, 612BC05260660004," KUNDLI, SONEPAT"
, Vikas Kumar-1100Sal10073Feb-2026,,,"-88,453.00", 07/03/2026, HDFCH00851139951," NETBANK, MUMBAI"
, Nitin Verma-1100Sal15658Feb-2026,,,"-201,030.00", 07/03/2026, HDFCH00851139953," NETBANK, MUMBAI"
, Rahul Kumar-1100Sal15679Feb-2026,,,"-68,305.00", 07/03/2026, HDFCH00851139955," NETBANK, MUMBAI"
, Abhimanyu Sing-1100Sal15690Feb-2026,,,"-21,954.00", 07/03/2026, HDFCH00851139957," NETBANK, MUMBAI"
, Rahul Kumar Dh-1100Sal15699Feb-2026,,,"-24,558.00", 07/03/2026, HDFCH00851139958," NETBANK, MUMBAI"
, Satyaveer Kara-1100Sal15931Feb-2026,,,"-37,628.00", 07/03/2026, HDFCH00851139960," NETBANK, MUMBAI"
, Naresh Kumar-1100Sal15934Feb-2026,,,"-35,730.00", 07/03/2026, HDFCH00851139962," NETBANK, MUMBAI"
, Avarnika Shree-1100Sal15948Feb-2026,,,"-66,688.00", 07/03/2026, HDFCH00851139964," NETBANK, MUMBAI"
, Prabhakar Dube-1100Sal15949Feb-2026,,,"-61,350.00", 07/03/2026, HDFCH00851139966," NETBANK, MUMBAI"
, Shipra Aneja-1100Sal15950Feb-2026,,,"-119,731.00", 07/03/2026, HDFCH00851139968," NETBANK, MUMBAI"
, Amit Dixit-1100Sal15951Feb-2026,,,"-53,173.00", 07/03/2026, HDFCH00851139970," NETBANK, MUMBAI"
, Ashok Kumar-1100Sal10094Feb-2026,,,"-42,291.00", 07/03/2026, HDFCH00851139971," NETBANK, MUMBAI"
, Satender-1100Sal10946Feb-2026,,,"-96,916.00", 07/03/2026, HDFCH00851139973," NETBANK, MUMBAI"
, Ram Gopal-1100Sal10950Feb-2026,,,"-59,484.00", 07/03/2026, HDFCH00851139975," NETBANK, MUMBAI"
, Pradeep Kumar-1100Sal11091Feb-2026,,,"-28,554.00", 07/03/2026, HDFCH00851139978," NETBANK, MUMBAI"
, Amit Mishra-1100Sal11172Feb-2026,,,"-53,642.00", 07/03/2026, HDFCH00851139979," NETBANK, MUMBAI"
, Vinod Kumar Gi-1100Sal10022Feb-2026,,,"-46,444.00", 07/03/2026, HDFCH00851139981," NETBANK, MUMBAI"
, Mukesh Kumar J-1100Sal11214Feb-2026,,,"-30,357.00", 07/03/2026, HDFCH00851139982," NETBANK, MUMBAI"
, Utkarsh Srivas-1100Sal14865Feb-2026,,,"-41,359.00", 07/03/2026, HDFCH00851139983," NETBANK, MUMBAI"
, Yash Singh-1100Sal14869Feb-2026,,,"-56,430.00", 07/03/2026, HDFCH00851139984," NETBANK, MUMBAI"
, VISHAL PANDEY-1100Sal10177Feb-2026,,,"-71,749.00", 07/03/2026, 603071316109," NETBANK, MUMBAI"
, Shatrughan Pat-1100Sal10197Feb-2026,,,"-73,158.00", 07/03/2026, 603071316113," NETBANK, MUMBAI"
, RAKESH-1100Sal10266Feb-2026,,,"-121,096.00", 07/03/2026, 603071316117," NETBANK, MUMBAI"
, Dhananjay Sing-1100Sal15611Feb-2026,,,"-31,272.00", 07/03/2026, 603071315778," NETBANK, MUMBAI"
, SUDHEER SINGH-1100Sal10140Feb-2026,,,"-75,196.00", 07/03/2026, 603071316086," NETBANK, MUMBAI"
, Chandan Kumar-1100Sal10142Feb-2026,,,"-126,143.00", 07/03/2026, 603071316088," NETBANK, MUMBAI"
, Sarvesh Kumar-1100Sal10161Feb-2026,,,"-98,131.00", 07/03/2026, 603071316100," NETBANK, MUMBAI"
, Jalaluddin .-1100Sal14127Feb-2026,,,"-83,917.00", 07/03/2026, 603071315503," NETBANK, MUMBAI"
, Parveen .-1100Sal15131Feb-2026,,,"-33,983.00", 07/03/2026, 603071315618," NETBANK, MUMBAI"
, Pritam Gupta-1100Sal15452Feb-2026,,,"-27,935.00", 07/03/2026, 603071315732," NETBANK, MUMBAI"
, Muskan Garg-1100Sal15817Feb-2026,,,"-90,728.00", 07/03/2026, 603071315879," NETBANK, MUMBAI"
, Ravi Singh-1100Sal15821Feb-2026,,,"-38,092.00", 07/03/2026, 603071315885," NETBANK, MUMBAI"
, Chandra Shriva-1100Sal16027Feb-2026,,,"-42,780.00", 07/03/2026, 603071316035," NETBANK, MUMBAI"
, Vaibhav Vyas-1100Sal15554Feb-2026,,,"-47,458.00", 07/03/2026, 603071315756," NETBANK, MUMBAI"
, Rajeev Mahto-1100Sal15563Feb-2026,,,"-113,354.00", 07/03/2026, 603071315763," NETBANK, MUMBAI"
, Rupam Kumari-1100Sal15844Feb-2026,,,"-68,862.00", 07/03/2026, 603071315895," NETBANK, MUMBAI"
, RAGHVENDRA SIN-1100Sal10079Feb-2026,,,"-117,928.00", 07/03/2026, 603071315897," NETBANK, MUMBAI"
, Mohit .-1100Sal15846Feb-2026,,,"-40,115.00", 07/03/2026, 603071315899," NETBANK, MUMBAI"
, Beant Singh-1100Sal15858Feb-2026,,,"-60,926.00", 07/03/2026, 603071315901," NETBANK, MUMBAI"
, Vadodariya Aja-1100Sal11949Feb-2026,,,"-97,336.00", 07/03/2026, 603071315414," NETBANK, MUMBAI"
, Arun Verma-1100Sal12197Feb-2026,,,"-115,484.00", 07/03/2026, 603071315425," NETBANK, MUMBAI"
, Pawan Bhadri-1100Sal14898Feb-2026,,,"-132,328.00", 07/03/2026, 603071315566," NETBANK, MUMBAI"
, Naveen Kumar Y-1100Sal14968Feb-2026,,,"-56,572.00", 07/03/2026, 603071315578," NETBANK, MUMBAI"
, Sanjeev Kumar-1100Sal15397Feb-2026,,,"-36,884.00", 07/03/2026, 603071315707," NETBANK, MUMBAI"
, Vijay Kumar-1100Sal15983Feb-2026,,,"-222,911.00", 07/03/2026, 603071315999," NETBANK, MUMBAI"
, Lalit Kumar-1100Sal11403Feb-2026,,,"-58,303.00", 07/03/2026, 603071316196," NETBANK, MUMBAI"
, Trilok Chand-1100Sal11404Feb-2026,,,"-55,518.00", 07/03/2026, 603071316198," NETBANK, MUMBAI"
, Soma Sharma-1100Sal11522Feb-2026,,,"-120,830.00", 07/03/2026, 603071316200," NETBANK, MUMBAI"
, Mandakini Agar-1100Sal11735Feb-2026,,,"-126,532.00", 07/03/2026, 603071316206," NETBANK, MUMBAI"
, Harmeet Singh-1100Sal12552Feb-2026,,,"-37,133.00", 07/03/2026, 603071315462," NETBANK, MUMBAI"
, Aditi Singh-1100Sal14873Feb-2026,,,"-64,271.00", 07/03/2026, HDFCH00851139986," NETBANK, MUMBAI"
, Mohan Shyam Sh-1100Sal10034Feb-2026,,,"-146,412.00", 07/03/2026, HDFCH00851139987," NETBANK, MUMBAI"
, Suneel Kumar-1100Sal14887Feb-2026,,,"-59,033.00", 07/03/2026, HDFCH00851139988," NETBANK, MUMBAI"
, NAVEEN YADAV-1100Sal14888Feb-2026,,,"-25,664.00", 07/03/2026, HDFCH00851139990," NETBANK, MUMBAI"
, Ashok Kumar-1100Sal14890Feb-2026,,,"-24,676.00", 07/03/2026, HDFCH00851139991," NETBANK, MUMBAI"
, Nikita Jain-1100Sal15315Feb-2026,,,"-68,000.00", 07/03/2026, HDFCH00851139992," NETBANK, MUMBAI"
, Vandana Patel-1100Sal15325Feb-2026,,,"-30,343.00", 07/03/2026, HDFCH00851139993," NETBANK, MUMBAI"
, Sachin .-1100Sal15335Feb-2026,,,"-22,630.00", 07/03/2026, HDFCH00851139994," NETBANK, MUMBAI"
, Manjeet-1100Sal15338Feb-2026,,,"-20,712.00", 07/03/2026, HDFCH00851139995," NETBANK, MUMBAI"
, Shivam Dubey-1100Sal15340Feb-2026,,,"-39,987.00", 07/03/2026, HDFCH00851139996," NETBANK, MUMBAI"
, Rishabh Saini-1100Sal15341Feb-2026,,,"-30,985.00", 07/03/2026, HDFCH00851139997," NETBANK, MUMBAI"
, Devendra Tiwar-1100Sal15349Feb-2026,,,"-54,507.00", 07/03/2026, HDFCH00851139999," NETBANK, MUMBAI"
, Umesh Kuntal-1100Sal15713Feb-2026,,,"-24,069.00", 07/03/2026, HDFCH00851140000," NETBANK, MUMBAI"
, Adesh Sharma-1100Sal15716Feb-2026,,,"-47,642.00", 07/03/2026, HDFCH00851140001," NETBANK, MUMBAI"
, Prince-1100Sal15733Feb-2026,,,"-17,637.00", 07/03/2026, HDFCH00851140002," NETBANK, MUMBAI"
, Sachin Dudeja-1100Sal10074Feb-2026,,,"-141,357.00", 07/03/2026, HDFCH00851140003," NETBANK, MUMBAI"
, Lokesh-1100Sal15734Feb-2026,,,"-17,959.00", 07/03/2026, HDFCH00851140005," NETBANK, MUMBAI"
, Ruchika Kandwa-1100Sal15735Feb-2026,,,"-29,707.00", 07/03/2026, HDFCH00851140006," NETBANK, MUMBAI"
, Shivam Sethi-1100Sal15741Feb-2026,,,"-28,098.00", 07/03/2026, HDFCH00851140007," NETBANK, MUMBAI"
, Rahul Verma-1100Sal15960Feb-2026,,,"-69,729.00", 07/03/2026, HDFCH00851140008," NETBANK, MUMBAI"
, Amogh Anand-1100Sal15966Feb-2026,,,"-61,433.00", 07/03/2026, HDFCH00851140009," NETBANK, MUMBAI"
, Abhay Singh-1100Sal15971Feb-2026,,,"-39,956.00", 07/03/2026, HDFCH00851140010," NETBANK, MUMBAI"
, Kapil Rana-1100Sal15976Feb-2026,,,"-80,029.00", 07/03/2026, HDFCH00851140011," NETBANK, MUMBAI"
, Dharmendra Sin-1100Sal15978Feb-2026,,,"-26,904.00", 07/03/2026, HDFCH00851140012," NETBANK, MUMBAI"
, Anil Tiwari-1100Sal15979Feb-2026,,,"-15,180.00", 07/03/2026, HDFCH00851140013," NETBANK, MUMBAI"
, Anuj Mathur-1100Sal15982Feb-2026,,,"-162,926.00", 07/03/2026, HDFCH00851140015," NETBANK, MUMBAI"
, Patel Pathik-1100Sal11249Feb-2026,,,"-70,304.00", 07/03/2026, HDFCH00851140016," NETBANK, MUMBAI"
, Chandan Singh-1100Sal11256Feb-2026,,,"-48,516.00", 07/03/2026, HDFCH00851140017," NETBANK, MUMBAI"
, Sachin Sharma-1100Sal11290Feb-2026,,,"-35,548.00", 07/03/2026, HDFCH00851140018," NETBANK, MUMBAI"
, Ravi Gupta-1100Sal11385Feb-2026,,,"-87,672.00", 07/03/2026, HDFCH00851140019," NETBANK, MUMBAI"
, Abhishek Gupta-1100Sal11390Feb-2026,,,"-75,643.00", 07/03/2026, HDFCH00851140020," NETBANK, MUMBAI"
, Rajat Kumar-1100Sal11391Feb-2026,,,"-43,331.00", 07/03/2026, HDFCH00851140021," NETBANK, MUMBAI"
, Deepak Kumar G-1100Sal10023Feb-2026,,,"-615,387.00", 07/03/2026, HDFCH00851140022," NETBANK, MUMBAI"
, Rishikesh Yada-1100Sal15901Feb-2026,,,"-14,399.00", 07/03/2026, HDFCH00851140023," NETBANK, MUMBAI"
, Raj Verma-1100Sal15903Feb-2026,,,"-20,249.00", 07/03/2026, HDFCH00851140024," NETBANK, MUMBAI"
, Sudhir Kumar-1100Sal10462Feb-2026,,,"-106,504.00", 07/03/2026, HDFCH00851140025," NETBANK, MUMBAI"
, Narender Kumar-1100Sal10019Feb-2026,,,"-104,091.00", 07/03/2026, HDFCH00851140026," NETBANK, MUMBAI"
, Amit Arora-1100Sal12613Feb-2026,,,"-350,173.00", 07/03/2026, 603071315467," NETBANK, MUMBAI"
, Rahul Jayant-1100Sal15006Feb-2026,,,"-94,180.00", 07/03/2026, 603071315588," NETBANK, MUMBAI"
, Ashish Gupta-1100Sal15007Feb-2026,,,"-36,645.00", 07/03/2026, 603071315590," NETBANK, MUMBAI"
, Avnish Pal-1100Sal15022Feb-2026,,,"-35,291.00", 07/03/2026, 603071315592," NETBANK, MUMBAI"
, Manish Agrahar-1100Sal15053Feb-2026,,,"-57,090.00", 07/03/2026, 603071315600," NETBANK, MUMBAI"
, Apoorva Chaudh-1100Sal16022Feb-2026,,,"-65,405.00", 07/03/2026, 603071316029," NETBANK, MUMBAI"
, Anuj Kumar Mis-1100Sal14717Feb-2026,,,"-30,074.00", 07/03/2026, 603071315531," NETBANK, MUMBAI"
, Uday Tiwari-1100Sal14764Feb-2026,,,"-162,775.00", 07/03/2026, 603071315539," NETBANK, MUMBAI"
, Sunil Kumar-1100Sal14840Feb-2026,,,"-40,554.00", 07/03/2026, 603071315545," NETBANK, MUMBAI"
, JITENDRA SINGH-1100Sal15225Feb-2026,,,"-38,080.00", 07/03/2026, 603071315654," NETBANK, MUMBAI"
, Dipak Topiwala-1100Sal15243Feb-2026,,,"-189,653.00", 07/03/2026, 603071315662," NETBANK, MUMBAI"
, Aman Kesarwani-1100Sal15257Feb-2026,,,"-106,141.00", 07/03/2026, 603071315670," NETBANK, MUMBAI"
, Ajay Prajapati-1100Sal15657Feb-2026,,,"-194,893.00", 07/03/2026, 603071315805," NETBANK, MUMBAI"
, Deepak Tiwari-1100Sal15701Feb-2026,,,"-30,735.00", 07/03/2026, 603071315818," NETBANK, MUMBAI"
, Rahul Malake-1100Sal15955Feb-2026,,,"-62,076.00", 07/03/2026, 603071315963," NETBANK, MUMBAI"
, Rajnish Kumar-1100Sal15958Feb-2026,,,"-33,477.00", 07/03/2026, 603071315967," NETBANK, MUMBAI"
, Rajesh Singh-1100Sal10934Feb-2026,,,"-42,481.00", 07/03/2026, 603071316161," NETBANK, MUMBAI"
, FARHAN JAVED-1100Sal11180Feb-2026,,,"-75,940.00", 07/03/2026, 603071316174," NETBANK, MUMBAI"
, Sandeep Bhadau-1100Sal14881Feb-2026,,,"-132,316.00", 07/03/2026, 603071315553," NETBANK, MUMBAI"
, Amit Kumar-1100Sal14882Feb-2026,,,"-43,774.00", 07/03/2026, 603071315555," NETBANK, MUMBAI"
, Srishti Saxena-1100Sal15268Feb-2026,,,"-152,584.00", 07/03/2026, 603071315672," NETBANK, MUMBAI"
, Ekas Agarwal-1100Sal15288Feb-2026,,,"-126,532.00", 07/03/2026, 603071315674," NETBANK, MUMBAI"
, Raju Singh-1100Sal15710Feb-2026,,,"-35,765.00", 07/03/2026, 603071315820," NETBANK, MUMBAI"
, Arti Bisht-1100Sal15714Feb-2026,,,"-48,795.00", 07/03/2026, 603071315824," NETBANK, MUMBAI"
, Sanjeev Kumar-1100Sal15959Feb-2026,,,"-215,882.00", 07/03/2026, 603071315970," NETBANK, MUMBAI"
, Vivek Giri-1100Sal15973Feb-2026,,,"-44,732.00", 07/03/2026, 603071315983," NETBANK, MUMBAI"
, Ratipal Yadav-1100Sal11248Feb-2026,,,"-179,353.00", 07/03/2026, 603071316178," NETBANK, MUMBAI"
, SUKHVIR SHARMA-1100Sal11369Feb-2026,,,"-38,257.00", 07/03/2026, 603071316186," NETBANK, MUMBAI"
, Priyanka Kapil-1100Sal14574Feb-2026,,,"-231,414.00", 07/03/2026, 603071315517," NETBANK, MUMBAI"
, Utkarsh Shukla-1100Sal15640Feb-2026,,,"-30,031.00", 07/03/2026, 603071315791," NETBANK, MUMBAI"
, Shreechandra R-1100Sal15651Feb-2026,,,"-379,261.00", 07/03/2026, 603071315799," NETBANK, MUMBAI"
, Yugal Garg-1100Sal15923Feb-2026,,,"-521,104.00", 07/03/2026, 603071315941," NETBANK, MUMBAI"
, Rupesh prasad-1100Sal10696Feb-2026,,,"-87,737.00", 07/03/2026, 603071316143," NETBANK, MUMBAI"
, Gautam Singh-1100Sal10871Feb-2026,,,"-55,854.00", 07/03/2026, 603071316157," NETBANK, MUMBAI"
, Amit Kumar Vis-1100Sal10931Feb-2026,,,"-44,976.00", 07/03/2026, 603071316159," NETBANK, MUMBAI"
, Narendra Das-1100Sal10168Feb-2026,,,"-70,598.00", 07/03/2026, HDFCH00851140866," NETBANK, MUMBAI"
, Naveen Kumar S-1100Sal10186Feb-2026,,,"-51,959.00", 07/03/2026, HDFCH00851140869," NETBANK, MUMBAI"
, Anil Kumar Sha-1100Sal10217Feb-2026,,,"-31,470.00", 07/03/2026, HDFCH00851140871," NETBANK, MUMBAI"
, Abhishek Soam-1100Sal10270Feb-2026,,,"-83,012.00", 07/03/2026, HDFCH00851140874," NETBANK, MUMBAI"
, Suresh Kumar Y-1100Sal10320Feb-2026,,,"-44,471.00", 07/03/2026, HDFCH00851140876," NETBANK, MUMBAI"
, Rishi Tiwari-1100Sal10420Feb-2026,,,"-128,886.00", 07/03/2026, HDFCH00851140880," NETBANK, MUMBAI"
, Ashish Raval-1100Sal15565Feb-2026,,,"-139,646.00", 07/03/2026, HDFCH00851140883," NETBANK, MUMBAI"
, Neetu Choudhar-1100Sal15567Feb-2026,,,"-41,099.00", 07/03/2026, HDFCH00851140884," NETBANK, MUMBAI"
, Suraj Singh-1100Sal15581Feb-2026,,,"-33,917.00", 07/03/2026, HDFCH00851140886," NETBANK, MUMBAI"
, Rakesh Kumar-1100Sal15591Feb-2026,,,"-135,699.00", 07/03/2026, HDFCH00851140889," NETBANK, MUMBAI"
, Saloni Dewan-1100Sal15595Feb-2026,,,"-26,008.00", 07/03/2026, HDFCH00851140891," NETBANK, MUMBAI"
, Vishal Chauhan-1100Sal15596Feb-2026,,,"-14,459.00", 07/03/2026, HDFCH00851140892," NETBANK, MUMBAI"
, Praveen Aggarw-1100Sal15623Feb-2026,,,"-62,137.00", 07/03/2026, HDFCH00851140893," NETBANK, MUMBAI"
, Sachin Mahale-1100Sal15624Feb-2026,,,"-32,985.00", 07/03/2026, HDFCH00851140895," NETBANK, MUMBAI"
, Atish Kumar-1100Sal15866Feb-2026,,,"-38,433.00", 07/03/2026, HDFCH00851140896," NETBANK, MUMBAI"
, Vinay Mishra-1100Sal15878Feb-2026,,,"-57,604.00", 07/03/2026, HDFCH00851140897," NETBANK, MUMBAI"
, Kishan Singh-1100Sal15885Feb-2026,,,"-45,523.00", 07/03/2026, HDFCH00851140898," NETBANK, MUMBAI"
, Prateek Rai-1100Sal15886Feb-2026,,,"-27,280.00", 07/03/2026, HDFCH00851140900," NETBANK, MUMBAI"
, Akshay Agarwal-1100Sal10003Feb-2026,,,"-197,688.00", 07/03/2026, HDFCH00851140901," NETBANK, MUMBAI"
, Mithilesh Kuma-1100Sal10087Feb-2026,,,"-35,658.00", 07/03/2026, HDFCH00851140902," NETBANK, MUMBAI"
, Harsh Kumar-1100Sal15896Feb-2026,,,"-46,821.00", 07/03/2026, HDFCH00851140904," NETBANK, MUMBAI"
, Shivam Gupta-1100Sal15897Feb-2026,,,"-68,959.00", 07/03/2026, HDFCH00851140906," NETBANK, MUMBAI"
, Bhawna-1100Sal15898Feb-2026,,,"-42,140.00", 07/03/2026, HDFCH00851140907," NETBANK, MUMBAI"
, Satyapal Singh-1100Sal16051Feb-2026,,,"-18,283.00", 07/03/2026, HDFCH00851140908," NETBANK, MUMBAI"
, Mukesh Sahu-1100Sal16053Feb-2026,,,"-16,439.00", 07/03/2026, HDFCH00851140909," NETBANK, MUMBAI"
, Sourav Kumar-1100Sal16057Feb-2026,,,"-19,882.00", 07/03/2026, HDFCH00851140911," NETBANK, MUMBAI"
, Ishwar Das Hal-1100Sal10118Feb-2026,,,"-99,162.00", 07/03/2026, HDFCH00851140912," NETBANK, MUMBAI"
, Sourabh Singh-1100Sal10121Feb-2026,,,"-218,051.00", 07/03/2026, HDFCH00851140913," NETBANK, MUMBAI"
, Dharmender Dag-1100Sal10127Feb-2026,,,"-143,912.00", 07/03/2026, HDFCH00851140914," NETBANK, MUMBAI"
, Raghav Agarwal-1100Sal10004Feb-2026,,,"-341,747.00", 07/03/2026, HDFCH00851140915," NETBANK, MUMBAI"
, Dayaram Thakur-1100Sal10135Feb-2026,,,"-64,905.00", 07/03/2026, HDFCH00851140917," NETBANK, MUMBAI"
, Sanjay Chauhan-1100Sal10143Feb-2026,,,"-67,444.00", 07/03/2026, HDFCH00851140918," NETBANK, MUMBAI"
, Himanshu Pradh-1100Sal10146Feb-2026,,,"-68,965.00", 07/03/2026, HDFCH00851140919," NETBANK, MUMBAI"
, Naresh Kumar-1100Sal10463Feb-2026,,,"-151,867.00", 07/03/2026, HDFCH00851140027," NETBANK, MUMBAI"
, Hemant Kumar-1100Sal10516Feb-2026,,,"-129,447.00", 07/03/2026, HDFCH00851140028," NETBANK, MUMBAI"
, Neeraj Bansal-1100Sal10523Feb-2026,,,"-200,115.00", 07/03/2026, HDFCH00851140030," NETBANK, MUMBAI"
, Harsh Bisht-1100Sal10587Feb-2026,,,"-82,362.00", 07/03/2026, HDFCH00851140031," NETBANK, MUMBAI"
, Vijay Pal-1100Sal10603Feb-2026,,,"-108,841.00", 07/03/2026, HDFCH00851140032," NETBANK, MUMBAI"
, Yashwant-1100Sal10611Feb-2026,,,"-82,307.00", 07/03/2026, HDFCH00851140033," NETBANK, MUMBAI"
, Satyawan Singh-1100Sal10671Feb-2026,,,"-25,478.00", 07/03/2026, HDFCH00851140034," NETBANK, MUMBAI"
, Data Ram Deshw-1100Sal10029Feb-2026,,,"-375,255.00", 07/03/2026, HDFCH00851140036," NETBANK, MUMBAI"
, Alok Ram-1100Sal14523Feb-2026,,,"-29,779.00", 07/03/2026, HDFCH00851140037," NETBANK, MUMBAI"
, Prabhash Singh-1100Sal14608Feb-2026,,,"-31,160.00", 07/03/2026, HDFCH00851140038," NETBANK, MUMBAI"
, Jagat Singh-1100Sal14625Feb-2026,,,"-30,066.00", 07/03/2026, HDFCH00851140039," NETBANK, MUMBAI"
, Pankaj Gahlot-1100Sal14632Feb-2026,,,"-806,518.00", 07/03/2026, HDFCH00851140040," NETBANK, MUMBAI"
, Rajkishore Dub-1100Sal14645Feb-2026,,,"-217,689.00", 07/03/2026, HDFCH00851140041," NETBANK, MUMBAI"
, Meenu Bansal-1100Sal14657Feb-2026,,,"-86,771.00", 07/03/2026, HDFCH00851140043," NETBANK, MUMBAI"
, Himanshu Pangh-1100Sal15163Feb-2026,,,"-23,426.00", 07/03/2026, HDFCH00851140044," NETBANK, MUMBAI"
, Mohit Singla-1100Sal15164Feb-2026,,,"-18,045.00", 07/03/2026, HDFCH00851140047," NETBANK, MUMBAI"
, Piyush Sharma-1100Sal15172Feb-2026,,,"-53,688.00", 07/03/2026, HDFCH00851140048," NETBANK, MUMBAI"
, Kalpit Kumar P-1100Sal15180Feb-2026,,,"-53,270.00", 07/03/2026, HDFCH00851140049," NETBANK, MUMBAI"
, Virender Shima-1100Sal10043Feb-2026,,,"-255,234.00", 07/03/2026, HDFCH00851140050," NETBANK, MUMBAI"
, Ritik-1100Sal15195Feb-2026,,,"-22,293.00", 07/03/2026, HDFCH00851140051," NETBANK, MUMBAI"
, Rohit Sharma-1100Sal15196Feb-2026,,,"-18,957.00", 07/03/2026, HDFCH00851140052," NETBANK, MUMBAI"
, Arunesh Kumar-1100Sal15217Feb-2026,,,"-158,650.00", 07/03/2026, HDFCH00851140053," NETBANK, MUMBAI"
, Sunil Kumar-1100Sal10072Feb-2026,,,"-25,755.00", 07/03/2026, HDFCH00851140054," NETBANK, MUMBAI"
, Mantu Mandal-1100Sal15635Feb-2026,,,"-36,185.00", 07/03/2026, HDFCH00851140056," NETBANK, MUMBAI"
, Rishabh Khalia-1100Sal15638Feb-2026,,,"-63,113.00", 07/03/2026, HDFCH00851140057," NETBANK, MUMBAI"
, Deepak Yadav-1100Sal15642Feb-2026,,,"-41,285.00", 07/03/2026, HDFCH00851140058," NETBANK, MUMBAI"
, Vivek Tiwari-1100Sal15648Feb-2026,,,"-40,014.00", 07/03/2026, HDFCH00851140059," NETBANK, MUMBAI"
, Monika .-1100Sal15649Feb-2026,,,"-34,098.00", 07/03/2026, HDFCH00851140060," NETBANK, MUMBAI"
, Vishal Yadav-1100Sal15905Feb-2026,,,"-17,615.00", 07/03/2026, HDFCH00851140061," NETBANK, MUMBAI"
, Rudra Mishra-1100Sal15907Feb-2026,,,"-195,039.00", 07/03/2026, HDFCH00851140062," NETBANK, MUMBAI"
, Lovekesh Soni-1100Sal15920Feb-2026,,,"-33,158.00", 07/03/2026, HDFCH00851140064," NETBANK, MUMBAI"
, Somya Singh-1100Sal15921Feb-2026,,,"-97,580.00", 07/03/2026, HDFCH00851140066," NETBANK, MUMBAI"
, Narandra Kumar-1100Sal10092Feb-2026,,,"-53,477.00", 07/03/2026, HDFCH00851140067," NETBANK, MUMBAI"
, Soni-1100Sal15927Feb-2026,,,"-18,119.00", 07/03/2026, HDFCH00851140069," NETBANK, MUMBAI"
, Atul Singh-1100Sal15929Feb-2026,,,"-217,453.00", 07/03/2026, HDFCH00851140070," NETBANK, MUMBAI"
, Kapil Kumar-1100Sal15930Feb-2026,,,"-55,991.00", 07/03/2026, HDFCH00851140071," NETBANK, MUMBAI"
, Manoj Kumar Ya-1100Sal10768Feb-2026,,,"-69,812.00", 07/03/2026, HDFCH00851140073," NETBANK, MUMBAI"
, Himanshu Gupta-1100Sal10147Feb-2026,,,"-124,406.00", 07/03/2026, HDFCH00851140920," NETBANK, MUMBAI"
, Hemant Yadav-1100Sal10148Feb-2026,,,"-220,661.00", 07/03/2026, HDFCH00851140921," NETBANK, MUMBAI"
, Parasnath Yada-1100Sal10155Feb-2026,,,"-125,906.00", 07/03/2026, HDFCH00851140923," NETBANK, MUMBAI"
, Inderjeet .-1100Sal10163Feb-2026,,,"-33,412.00", 07/03/2026, HDFCH00851140924," NETBANK, MUMBAI"
, Mahesh Kumar T-1100Sal10016Feb-2026,,,"-220,086.00", 07/03/2026, HDFCH00851140927," NETBANK, MUMBAI"
, Prdeep Kumar-1100Sal12778Feb-2026,,,"-169,150.00", 07/03/2026, HDFCH00851140928," NETBANK, MUMBAI"
, Ram Milan-1100Sal12806Feb-2026,,,"-31,606.00", 07/03/2026, HDFCH00851140929," NETBANK, MUMBAI"
, Ankur Singh-1100Sal12931Feb-2026,,,"-1,356,009.00", 07/03/2026, HDFCH00851140931," NETBANK, MUMBAI"
, BHANWAR SINGH-1100Sal13877Feb-2026,,,"-36,851.00", 07/03/2026, HDFCH00851140932," NETBANK, MUMBAI"
, Bhagat Singh-1100Sal14447Feb-2026,,,"-130,040.00", 07/03/2026, HDFCH00851140934," NETBANK, MUMBAI"
, Sanjay Singh-1100Sal14468Feb-2026,,,"-780,887.00", 07/03/2026, HDFCH00851140935," NETBANK, MUMBAI"
, Krishan Kumar -1100Sal14470Feb-2026,,,"-29,879.00", 07/03/2026, HDFCH00851140936," NETBANK, MUMBAI"
, Kuldeep Dagar-1100Sal14513Feb-2026,,,"-75,192.00", 07/03/2026, HDFCH00851140938," NETBANK, MUMBAI"
, Rakesh Sharma-1100Sal10038Feb-2026,,,"-93,726.00", 07/03/2026, HDFCH00851140940," NETBANK, MUMBAI"
, Sanjay Singh-1100Sal15068Feb-2026,,,"-116,501.00", 07/03/2026, HDFCH00851140941," NETBANK, MUMBAI"
, LADVA KRUSHNKA-1100Sal15074Feb-2026,,,"-42,895.00", 07/03/2026, HDFCH00851140943," NETBANK, MUMBAI"
, Mohd Khizar-1100Sal15081Feb-2026,,,"-31,902.00", 07/03/2026, HDFCH00851140944," NETBANK, MUMBAI"
, Ankush Gupta-1100Sal15087Feb-2026,,,"-29,777.00", 07/03/2026, HDFCH00851140945," NETBANK, MUMBAI"
, Ganesh Raj-1100Sal15106Feb-2026,,,"-57,248.00", 07/03/2026, HDFCH00851140946," NETBANK, MUMBAI"
, Kajal Goyal-1100Sal15110Feb-2026,,,"-59,280.00", 07/03/2026, HDFCH00851140949," NETBANK, MUMBAI"
, Pradeep Chauha-1100Sal15121Feb-2026,,,"-67,626.00", 07/03/2026, HDFCH00851140950," NETBANK, MUMBAI"
, Ankit Saxena-1100Sal15430Feb-2026,,,"-43,677.00", 07/03/2026, HDFCH00851140951," NETBANK, MUMBAI"
, Sanjay Dubey-1100Sal15440Feb-2026,,,"-88,249.00", 07/03/2026, HDFCH00851140952," NETBANK, MUMBAI"
, Charu Arora-1100Sal15479Feb-2026,,,"-52,591.00", 07/03/2026, HDFCH00851140954," NETBANK, MUMBAI"
, Surya Prakash-1100Sal15493Feb-2026,,,"-32,996.00", 07/03/2026, HDFCH00851140955," NETBANK, MUMBAI"
, Dinesh Kumar-1100Sal10060Feb-2026,,,"-153,562.00", 07/03/2026, HDFCH00851140957," NETBANK, MUMBAI"
, Mohit Singh-1100Sal15496Feb-2026,,,"-44,861.00", 07/03/2026, HDFCH00851140959," NETBANK, MUMBAI"
, Rishabh Chaudh-1100Sal15517Feb-2026,,,"-25,720.00", 07/03/2026, HDFCH00851140960," NETBANK, MUMBAI"
, Ishan Aggarwal-1100Sal15521Feb-2026,,,"-15,693.00", 07/03/2026, HDFCH00851140961," NETBANK, MUMBAI"
, Ashish Chandra-1100Sal10078Feb-2026,,,"-65,100.00", 07/03/2026, HDFCH00851140962," NETBANK, MUMBAI"
, Manish Choudha-1100Sal15815Feb-2026,,,"-82,069.00", 07/03/2026, HDFCH00851140965," NETBANK, MUMBAI"
, Satyam Katiyar-1100Sal15819Feb-2026,,,"-42,644.00", 07/03/2026, HDFCH00851140966," NETBANK, MUMBAI"
, Vanshika Verma-1100Sal15820Feb-2026,,,"-38,962.00", 07/03/2026, HDFCH00851140967," NETBANK, MUMBAI"
, Rakesh Kumar-1100Sal15826Feb-2026,,,"-28,367.00", 07/03/2026, HDFCH00851140969," NETBANK, MUMBAI"
, Hemant Singh-1100Sal15829Feb-2026,,,"-37,287.00", 07/03/2026, HDFCH00851140970," NETBANK, MUMBAI"
, Shivam Rauthan-1100Sal15830Feb-2026,,,"-60,587.00", 07/03/2026, HDFCH00851140971," NETBANK, MUMBAI"
, Rohit Gupta-1100Sal16024Feb-2026,,,"-51,609.00", 07/03/2026, HDFCH00851140972," NETBANK, MUMBAI"
, Harish Tripath-1100Sal10805Feb-2026,,,"-107,331.00", 07/03/2026, HDFCH00851140074," NETBANK, MUMBAI"
, Chitrasen Vash-1100Sal10020Feb-2026,,,"-93,348.00", 07/03/2026, HDFCH00851140076," NETBANK, MUMBAI"
, Krishan Mohan -1100Sal10829Feb-2026,,,"-48,062.00", 07/03/2026, HDFCH00851140077," NETBANK, MUMBAI"
, Tinku Sharma-1100Sal10842Feb-2026,,,"-80,868.00", 07/03/2026, HDFCH00851140078," NETBANK, MUMBAI"
, Narender Singh-1100Sal10858Feb-2026,,,"-25,644.00", 07/03/2026, HDFCH00851140079," NETBANK, MUMBAI"
, RATHOD JAYANTI-1100Sal16028Feb-2026,,,"-26,971.00", 07/03/2026, HDFCH00851140975," NETBANK, MUMBAI"
, NITESH KUMAR S-1100Sal16029Feb-2026,,,"-48,805.00", 07/03/2026, HDFCH00851140976," NETBANK, MUMBAI"
, Vijay Kumar-1100Sal10112Feb-2026,,,"-56,204.00", 07/03/2026, HDFCH00851140977," NETBANK, MUMBAI"
, PRADEEP KUMAR-1100Sal16034Feb-2026,,,"-42,703.00", 07/03/2026, HDFCH00851140979," NETBANK, MUMBAI"
, Pawan Chhetri-1100Sal16036Feb-2026,,,"-88,427.00", 07/03/2026, HDFCH00851140983," NETBANK, MUMBAI"
, Rashmi Tomar-1100Sal16037Feb-2026,,,"-38,719.00", 07/03/2026, HDFCH00851140985," NETBANK, MUMBAI"
, Prachi Jain-1100Sal16038Feb-2026,,,"-43,412.00", 07/03/2026, HDFCH00851140987," NETBANK, MUMBAI"
, Rishabh Sajwan-1100Sal15134Feb-2026,,,"-32,178.00", 07/03/2026, HDFCH00851140989," NETBANK, MUMBAI"
, Meenu Siwal-1100Sal15135Feb-2026,,,"-77,266.00", 07/03/2026, HDFCH00851140991," NETBANK, MUMBAI"
, Bhagat Singh-1100Sal10039Feb-2026,,,"-125,869.00", 07/03/2026, HDFCH00851140993," NETBANK, MUMBAI"
, Hitesh Pant-1100Sal15142Feb-2026,,,"-40,023.00", 07/03/2026, HDFCH00851140995," NETBANK, MUMBAI"
, Krishan Kumar-1100Sal15143Feb-2026,,,"-32,480.00", 07/03/2026, HDFCH00851140998," NETBANK, MUMBAI"
, Nitin Kandari-1100Sal15146Feb-2026,,,"-31,580.00", 07/03/2026, HDFCH00851141000," NETBANK, MUMBAI"
, Vipul Saini-1100Sal15154Feb-2026,,,"-36,501.00", 07/03/2026, HDFCH00851141002," NETBANK, MUMBAI"
, Harsh Kumar-1100Sal15160Feb-2026,,,"-38,714.00", 07/03/2026, HDFCH00851141004," NETBANK, MUMBAI"
, Gaurav Sharma-1100Sal15162Feb-2026,,,"-54,326.00", 07/03/2026, HDFCH00851141007," NETBANK, MUMBAI"
, Shubham-1100Sal15522Feb-2026,,,"-25,336.00", 07/03/2026, HDFCH00851141008," NETBANK, MUMBAI"
, Lakshya Varshn-1100Sal15536Feb-2026,,,"-26,056.00", 07/03/2026, HDFCH00851141010," NETBANK, MUMBAI"
, Manoj Kumar-1100Sal15537Feb-2026,,,"-54,232.00", 07/03/2026, HDFCH00851141012," NETBANK, MUMBAI"
, Omkar Yadav-1100Sal15550Feb-2026,,,"-46,410.00", 07/03/2026, HDFCH00851141015," NETBANK, MUMBAI"
, Premkumar Pimp-1100Sal15551Feb-2026,,,"-46,601.00", 07/03/2026, HDFCH00851141017," NETBANK, MUMBAI"
, Vasu Dedaniya-1100Sal15556Feb-2026,,,"-20,645.00", 07/03/2026, HDFCH00851141018," NETBANK, MUMBAI"
, Sandeep Singh-1100Sal10067Feb-2026,,,"-78,003.00", 07/03/2026, HDFCH00851141019," NETBANK, MUMBAI"
, Utkarsh Nigam-1100Sal15840Feb-2026,,,"-32,080.00", 07/03/2026, HDFCH00851141020," NETBANK, MUMBAI"
, Deepak Chauhan-1100Sal15860Feb-2026,,,"-103,270.00", 07/03/2026, HDFCH00851141021," NETBANK, MUMBAI"
, Prateek Sharma-1100Sal15861Feb-2026,,,"-99,165.00", 07/03/2026, HDFCH00851141022," NETBANK, MUMBAI"
, Durgesh Singh-1100Sal15862Feb-2026,,,"-147,533.00", 07/03/2026, HDFCH00851141023," NETBANK, MUMBAI"
, Abhishek Yadav-1100Sal15865Feb-2026,,,"-39,220.00", 07/03/2026, HDFCH00851141025," NETBANK, MUMBAI"
, Rahul Sen-1100Sal16039Feb-2026,,,"-37,658.00", 07/03/2026, HDFCH00851141026," NETBANK, MUMBAI"
, Himanshu Saini-1100Sal16040Feb-2026,,,"-38,554.00", 07/03/2026, HDFCH00851141027," NETBANK, MUMBAI"
, Aditya Tiwari-1100Sal15746Feb-2026,,,"-19,990.00", 07/03/2026, HDFCH00851143057," NETBANK, MUMBAI"
, Vicky Kumar-1100Sal15749Feb-2026,,,"-33,026.00", 07/03/2026, HDFCH00851143060," NETBANK, MUMBAI"
, Akanksha Tripa-1100Sal15761Feb-2026,,,"-165,878.00", 07/03/2026, HDFCH00851143063," NETBANK, MUMBAI"
, Dharamveer Man-1100Sal15800Feb-2026,,,"-39,454.00", 07/03/2026, HDFCH00851143031," NETBANK, MUMBAI"
, Dolly Kathuria-1100Sal15802Feb-2026,,,"-38,183.00", 07/03/2026, HDFCH00851143033," NETBANK, MUMBAI"
, Vikas Mishra-1100Sal15806Feb-2026,,,"-150,601.00", 07/03/2026, HDFCH00851143036," NETBANK, MUMBAI"
, Prayag Raut-1100Sal15812Feb-2026,,,"-26,580.00", 07/03/2026, HDFCH00851143038," NETBANK, MUMBAI"
, Jatin Sharma-1100Sal16005Feb-2026,,,"-57,442.00", 07/03/2026, HDFCH00851143041," NETBANK, MUMBAI"
, Himanshu Dahiy-1100Sal16007Feb-2026,,,"-39,591.00", 07/03/2026, HDFCH00851143045," NETBANK, MUMBAI"
, Lalit Kumar-1100Sal10102Feb-2026,,,"-93,815.00", 07/03/2026, HDFCH00851143047," NETBANK, MUMBAI"
, Manas Jana-1100Sal16008Feb-2026,,,"-41,751.00", 07/03/2026, HDFCH00851143049," NETBANK, MUMBAI"
, Shashank Shekh-1100Sal16009Feb-2026,,,"-53,192.00", 07/03/2026, HDFCH00851143052," NETBANK, MUMBAI"
, Ajay Sharma-1100Sal16010Feb-2026,,,"-54,117.00", 07/03/2026, HDFCH00851143054," NETBANK, MUMBAI"
, Dikshant Pal-1100Sal15762Feb-2026,,,"-31,284.00", 07/03/2026, HDFCH00851143065," NETBANK, MUMBAI"
, Hemant Kumar-1100Sal15764Feb-2026,,,"-41,454.00", 07/03/2026, HDFCH00851143069," NETBANK, MUMBAI"
, Kuldeep Kumar-1100Sal15772Feb-2026,,,"-30,663.00", 07/03/2026, HDFCH00851143071," NETBANK, MUMBAI"
, Sharmistha Muk-1100Sal15777Feb-2026,,,"-28,172.00", 07/03/2026, HDFCH00851143073," NETBANK, MUMBAI"
, Deepak Sharma-1100Sal10077Feb-2026,,,"-78,058.00", 07/03/2026, HDFCH00851143076," NETBANK, MUMBAI"
, Rahul Sharma-1100Sal15778Feb-2026,,,"-28,553.00", 07/03/2026, HDFCH00851143079," NETBANK, MUMBAI"
, Suresh Verma-1100Sal10101Feb-2026,,,"-59,407.00", 07/03/2026, HDFCH00851143081," NETBANK, MUMBAI"
, Manish Pandey-1100Sal15985Feb-2026,,,"-40,517.00", 07/03/2026, HDFCH00851143083," NETBANK, MUMBAI"
, Vikas Mishra-1100Sal15992Feb-2026,,,"-35,445.00", 07/03/2026, HDFCH00851143087," NETBANK, MUMBAI"
, Ashwani Chaudh-1100Sal15993Feb-2026,,,"-23,735.00", 07/03/2026, HDFCH00851143126," NETBANK, MUMBAI"
, Pankaj Kaushik-1100Sal15994Feb-2026,,,"-110,979.00", 07/03/2026, HDFCH00851143128," NETBANK, MUMBAI"
, Suraj Pathak-1100Sal16001Feb-2026,,,"-35,278.00", 07/03/2026, HDFCH00851143129," NETBANK, MUMBAI"
, Bhiwa Ram-1100Sal16003Feb-2026,,,"-40,886.00", 07/03/2026, HDFCH00851143133," NETBANK, MUMBAI"
, Wrusham Ambada-1100Sal16004Feb-2026,,,"-33,683.00", 07/03/2026, HDFCH00851143136," NETBANK, MUMBAI"
, Jitendra Kumar-1100Sal11665Feb-2026,,,"-53,232.00", 07/03/2026, HDFCH00851143138," NETBANK, MUMBAI"
, Suchit Chouhan-1100Sal11693Feb-2026,,,"-54,398.00", 07/03/2026, HDFCH00851143141," NETBANK, MUMBAI"
, MAHESHRAM-1100Sal11799Feb-2026,,,"-31,880.00", 07/03/2026, HDFCH00851143143," NETBANK, MUMBAI"
, Pritesh Kumari-1100Sal11807Feb-2026,,,"-34,886.00", 07/03/2026, HDFCH00851143145," NETBANK, MUMBAI"
, Umesh Kumar-1100Sal11810Feb-2026,,,"-38,131.00", 07/03/2026, HDFCH00851143147," NETBANK, MUMBAI"
, Sanjeet Kumar -1100Sal12198Feb-2026,,,"-30,500.00", 07/03/2026, HDFCH00851143150," NETBANK, MUMBAI"
, Vikram Singh B-1100Sal12254Feb-2026,,,"-23,841.00", 07/03/2026, HDFCH00851143152," NETBANK, MUMBAI"
, Santosh Kumar-1100Sal12332Feb-2026,,,"-40,800.00", 07/03/2026, HDFCH00851143092," NETBANK, MUMBAI"
, GOPAL BHASKAR-1100Sal12340Feb-2026,,,"-91,855.00", 07/03/2026, HDFCH00851143096," NETBANK, MUMBAI"
, Rajat Kumar-1100Sal12343Feb-2026,,,"-73,581.00", 07/03/2026, HDFCH00851143100," NETBANK, MUMBAI"
, Manbir Singh R-1100Sal10025Feb-2026,,,"-121,414.00", 07/03/2026, HDFCH00851143102," NETBANK, MUMBAI"
, Nitin Soni-1100Sal12750Feb-2026,,,"-100,530.00", 07/03/2026, HDFCH00851143105," NETBANK, MUMBAI"
, Ajay Singh-1100Sal14996Feb-2026,,,"-62,919.00", 07/03/2026, HDFCH00851143108," NETBANK, MUMBAI"
, Shreyansh Dwiv-1100Sal14999Feb-2026,,,"-33,398.00", 07/03/2026, HDFCH00851143110," NETBANK, MUMBAI"
, Mukesh Tiwari-1100Sal15032Feb-2026,,,"-80,789.00", 07/03/2026, HDFCH00851143112," NETBANK, MUMBAI"
, Nidhi Arora-1100Sal15042Feb-2026,,,"-39,003.00", 07/03/2026, HDFCH00851143115," NETBANK, MUMBAI"
, Anuj Kumar-1100Sal15050Feb-2026,,,"-28,700.00", 07/03/2026, HDFCH00851143118," NETBANK, MUMBAI"
, Ravi-1100Sal15398Feb-2026,,,"-73,195.00", 07/03/2026, HDFCH00851143121," NETBANK, MUMBAI"
, Gaurav Parihar-1100Sal15401Feb-2026,,,"-38,550.00", 07/03/2026, HDFCH00851143124," NETBANK, MUMBAI"
, Rahul Kumar-1100Sal16021Feb-2026,,,"-41,490.00", 07/03/2026, HDFCH00851143154," NETBANK, MUMBAI"
, Renuka Nayak-1100Sal16023Feb-2026,,,"-64,661.00", 07/03/2026, HDFCH00851143156," NETBANK, MUMBAI"
, Vishal Rameshc-1100Sal11906Feb-2026,,,"-34,468.00", 07/03/2026, HDFCH00851143157," NETBANK, MUMBAI"
, NEERAJ-1100Sal14695Feb-2026,,,"-30,397.00", 07/03/2026, HDFCH00851143158," NETBANK, MUMBAI"
, Vinod Verma-1100Sal14727Feb-2026,,,"-102,045.00", 07/03/2026, HDFCH00851143159," NETBANK, MUMBAI"
, Subham Pundhir-1100Sal16041Feb-2026,,,"-50,279.00", 07/03/2026, HDFCH00851143195," NETBANK, MUMBAI"
, Sanjeet Kumar-1100Sal16043Feb-2026,,,"-38,072.00", 07/03/2026, HDFCH00851143197," NETBANK, MUMBAI"
, Diwakar Pathak-1100Sal16047Feb-2026,,,"-42,196.00", 07/03/2026, HDFCH00851143200," NETBANK, MUMBAI"
, Gulshan Sharma-1100Sal16048Feb-2026,,,"-36,873.00", 07/03/2026, HDFCH00851143203," NETBANK, MUMBAI"
, Naveen Singh-1100Sal10116Feb-2026,,,"-45,389.00", 07/03/2026, HDFCH00851143204," NETBANK, MUMBAI"
, Vivek Pathak-1100Sal16049Feb-2026,,,"-20,135.00", 07/03/2026, HDFCH00851143206," NETBANK, MUMBAI"
, Rajdipsinh Goh-1100Sal16050Feb-2026,,,"-18,283.00", 07/03/2026, HDFCH00851143208," NETBANK, MUMBAI"
, Gauri Aggarwal-1100Sal10001Feb-2026,,,"-314,073.00", 07/03/2026, HDFCH00851143212," NETBANK, MUMBAI"
, Tulsi Ram Yada-1100Sal10024Feb-2026,,,"-261,417.00", 07/03/2026, HDFCH00851143214," NETBANK, MUMBAI"
, Parekh Parth D-1100Sal12050Feb-2026,,,"-74,304.00", 07/03/2026, HDFCH00851143216," NETBANK, MUMBAI"
, Lalit Gupta-1100Sal14902Feb-2026,,,"-40,808.00", 07/03/2026, HDFCH00851143219," NETBANK, MUMBAI"
, Abhay Sharma-1100Sal14905Feb-2026,,,"-64,357.00", 07/03/2026, HDFCH00851143225," NETBANK, MUMBAI"
, Ashutosh Anand-1100Sal14914Feb-2026,,,"-57,802.00", 07/03/2026, HDFCH00851143228," NETBANK, MUMBAI"
, Vedprakash Pra-1100Sal14944Feb-2026,,,"-199,746.00", 07/03/2026, HDFCH00851143232," NETBANK, MUMBAI"
, Deepak Bhardwa-1100Sal14950Feb-2026,,,"-231,555.00", 07/03/2026, HDFCH00851143221," NETBANK, MUMBAI"
, Pawan Chaurash-1100Sal10037Feb-2026,,,"-59,499.00", 07/03/2026, HDFCH00851143234," NETBANK, MUMBAI"
, Mohit Singh-1100Sal14982Feb-2026,,,"-33,212.00", 07/03/2026, HDFCH00851143235," NETBANK, MUMBAI"
, Mohan Agarwal-1100Sal10002Feb-2026,,,"-1,097,809.00", 07/03/2026, HDFCH00851143239," NETBANK, MUMBAI"
, Jeetendra Sing-1100Sal10050Feb-2026,,,"-87,649.00", 07/03/2026, HDFCH00851143242," NETBANK, MUMBAI"
, Suraj Kumar-1100Sal15353Feb-2026,,,"-56,153.00", 07/03/2026, HDFCH00851143245," NETBANK, MUMBAI"
, Vijay Giri-1100Sal15402Feb-2026,,,"-36,414.00", 07/03/2026, HDFCH00851143173," NETBANK, MUMBAI"
, Deen Mohammad-1100Sal10058Feb-2026,,,"-141,486.00", 07/03/2026, HDFCH00851143174," NETBANK, MUMBAI"
, Rakesh Sadashi-1100Sal15404Feb-2026,,,"-43,570.00", 07/03/2026, HDFCH00851143177," NETBANK, MUMBAI"
, Suman Bala-1100Sal15407Feb-2026,,,"-116,784.00", 07/03/2026, HDFCH00851143179," NETBANK, MUMBAI"
, Apoorva Tiwari-1100Sal15417Feb-2026,,,"-46,274.00", 07/03/2026, HDFCH00851143180," NETBANK, MUMBAI"
, Vishal Mishra-1100Sal15420Feb-2026,,,"-48,899.00", 07/03/2026, HDFCH00851143182," NETBANK, MUMBAI"
, Shirshendu Lah-1100Sal15422Feb-2026,,,"-29,457.00", 07/03/2026, HDFCH00851143183," NETBANK, MUMBAI"
, Ayush Kumar-1100Sal15779Feb-2026,,,"-41,749.00", 07/03/2026, HDFCH00851143184," NETBANK, MUMBAI"
, Anuparna Das-1100Sal15780Feb-2026,,,"-29,038.00", 07/03/2026, HDFCH00851143186," NETBANK, MUMBAI"
, Rathva Mohanbh-1100Sal15783Feb-2026,,,"-17,736.00", 07/03/2026, HDFCH00851143188," NETBANK, MUMBAI"
, Shrestha Ranja-1100Sal15789Feb-2026,,,"-87,907.00", 07/03/2026, HDFCH00851143189," NETBANK, MUMBAI"
, Amit Kumar-1100Sal15790Feb-2026,,,"-153,291.00", 07/03/2026, HDFCH00851143191," NETBANK, MUMBAI"
, Jaswant Sharma-1100Sal10030Feb-2026,,,"-285,351.00", 07/03/2026, HDFCH00851143161," NETBANK, MUMBAI"
, Rajesh Kumar-1100Sal14746Feb-2026,,,"-269,593.00", 07/03/2026, HDFCH00851143162," NETBANK, MUMBAI"
, Ankit Sharma-1100Sal14807Feb-2026,,,"-41,356.00", 07/03/2026, HDFCH00851143164," NETBANK, MUMBAI"
, Mohd Rafique-1100Sal14838Feb-2026,,,"-70,514.00", 07/03/2026, HDFCH00851143166," NETBANK, MUMBAI"
, Nitin Singh-1100Sal15227Feb-2026,,,"-55,981.00", 07/03/2026, HDFCH00851143167," NETBANK, MUMBAI"
, Deepak Kumar-1100Sal15236Feb-2026,,,"-91,035.00", 07/03/2026, HDFCH00851143168," NETBANK, MUMBAI"
, Anil Goenka-1100Sal15241Feb-2026,,,"-292,966.00", 07/03/2026, HDFCH00851143171," NETBANK, MUMBAI"
, Mukesh Almiya-1100Sal15354Feb-2026,,,"-58,246.00", 07/03/2026, HDFCH00851143248," NETBANK, MUMBAI"
, Prerna Yadav-1100Sal15355Feb-2026,,,"-68,102.00", 07/03/2026, HDFCH00851143251," NETBANK, MUMBAI"
, Akash Bhargav-1100Sal15359Feb-2026,,,"-45,358.00", 07/03/2026, HDFCH00851143253," NETBANK, MUMBAI"
, Piyush Jain-1100Sal15375Feb-2026,,,"-46,082.00", 07/03/2026, HDFCH00851143257," NETBANK, MUMBAI"
, Puneesh Lamba-1100Sal15390Feb-2026,,,"-580,706.00", 07/03/2026, HDFCH00851143261," NETBANK, MUMBAI"
, Surya Pratap-1100Sal15244Feb-2026,,,"-87,123.00", 07/03/2026, HDFCH00851143265," NETBANK, MUMBAI"
, Pradeep Chaudh-1100Sal15246Feb-2026,,,"-330,621.00", 07/03/2026, HDFCH00851143267," NETBANK, MUMBAI"
, Ravindra Singh-1100Sal10046Feb-2026,,,"-148,227.00", 07/03/2026, HDFCH00851143269," NETBANK, MUMBAI"
, Bale Singh-1100Sal15653Feb-2026,,,"-31,932.00", 07/03/2026, HDFCH00851143273," NETBANK, MUMBAI"
, Anup Singh-1100Sal15655Feb-2026,,,"-246,385.00", 07/03/2026, HDFCH00851143277," NETBANK, MUMBAI"
, RTGS Cr-UTIB0000039-CMR GREEN TECHNOLOGIES LIMITED FORMERLY-CENTURY METAL RECYCLING LIMITE-UTIBR62026030761500037,," 3,690,000.00",, 07/03/2026, UTIBR62026030761500037, CMS TF WBO MUMBAI
3/8/2026,Opening balance,"-152,438,616.35",,,,,
, IMPS CR ECMS-9015-CMRGR1100LCU101630-PARV ENTERPRISES-125007431698,," 400,000.00",, 08/03/2026, 606708706129, FARIDABAD HARYANA
3/9/2026,Opening balance,"-152,038,616.35",,,,,
, RTGS Cr ECMS-ICIC0000011-CMRGR1100LCU101807-BANSAL TRADERS-235451000005,," 8,001,462.00",, 09/03/2026, ICICR42026030900502529, FORT
, RTGS Cr ECMS-YESB0000001-CMRGR1100LCU101888-MOREY TRADERS-053161900012080,," 920,070.00",, 09/03/2026, YESBR12026030900007420, FORT
, IMPS CR ECMS-9015-CMRGR1100LCU101630-PARV ENTERPRISES-125007431698,," 220,000.00",, 09/03/2026, 606808908299, FARIDABAD HARYANA
, RTGS Cr ECMS-KVBL0002101-CMRGR1100LCU100305-SARA METAL-4204280000000512,," 295,000.00",, 09/03/2026, KVBLR52026030964495746, FORT
, RTGS Cr ECMS-ICIC0000011-CMRGR1100LSU102994-U. P. GREEN RECYCLING CO.-358105000573,," 700,000.00",, 09/03/2026, ICICR42026030900507793, FORT
, RTGS Cr ECMS-YESB0000001-CMRGR1100LCU101732-DAUJI METAL INDUSTRIES-011227000000146,," 1,941,140.00",, 09/03/2026, YESBR12026030900017517, FORT
, FT CR ECMS-CMRGR1100LCU101842-VISHNU VIHAN FUTURE WORLD-50200102162927,," 2,264,420.00",, 09/03/2026, 000019," ROHINI SE 11,N DELHI"
, FT Cr ECMS-CMRGR1100LSU101873 -SHRI BALAJI METAL-50200081806063,," 1,109,000.00",, 09/03/2026, 1512005234, CBX Internet System Mumbai
, RTGS Cr ECMS-ICIC0000011-CMRLTD151LCU101326-VIPUL ENTERPRISE-348605000307,," 2,531,064.00",, 09/03/2026, ICICR42026030900510116, FORT
, RTGS Cr ECMS-ICIC0000011-CMRLTD151LCU101326-VIPUL ENTERPRISE-348605000307,," 3,200,000.00",, 09/03/2026, ICICR42026030900510299, FORT
, RTGS Cr ECMS-YESB0000112-CMRGR1100LCU101732-DAUJI METAL INDUSTRIES-011227000000146,," 800,000.00",, 09/03/2026, YESBR52026030957305766, FORT
, RTGS Cr ECMS-ICIC0000011-CMRLTD151LCU101326-VIPUL ENTERPRISE-348605000307,," 800,000.00",, 09/03/2026, ICICR42026030900517204, FORT
, RTGS Cr ECMS-UTIB0000310-CMRLTD201LCU101189-KRISHNA METALS-924030074634765,," 2,900,000.00",, 09/03/2026, UTIBR62026030961602201, FORT
, CHQ DEP - CTS CLG1 - NAVRANGPURA EXTN: BIMAL KUMAR TULSYAN :BANK OF BARODA,," 250,000.00",, 09/03/2026, 000000000007, NAVRANGPURA EXTN
, IMPS CR ECMS-9211-CMRLTD201LCU101189-KRISHNAMETALS-918020064111982,," 25,000.00",, 09/03/2026, 606865311303, FARIDABAD HARYANA
, COMM ON LIQD OF IMP COLL BILL,,,-177, 09/03/2026, 612BC05260680001," KUNDLI, SONEPAT"
, FT Cr ECMS-CMRGR1100LCU101902-PRATEEK TRADERS-01532320000994,," 372,000.00",, 09/03/2026, NBK7MYOEBULZEVKS," NETBANK, MUMBAI"
, ODEX INDIA SOL-1100B0226016455,,,"-29,803.26", 09/03/2026, HDFCH00854874619," NETBANK, MUMBAI"
, ODEX INDIA SOL-1100B0226016449,,,"-1,183,556.52", 09/03/2026, HDFCH00854875411," NETBANK, MUMBAI"
, ODEX INDIA SOL-1100B0226016453,,,"-401,688.52", 09/03/2026, HDFCH00854879288," NETBANK, MUMBAI"
, FT CR ECMS-CMRGR1100LCU100767-PEEYUSH METAL-50200073483622,," 3,062,100.00",, 09/03/2026, 000180, ALIGARH
, RTGS Cr ECMS-ICIC0000011-CMRGR1100LCU101832-MANOJ TRADING CO.-235451000006,," 2,264,420.00",, 09/03/2026, ICICR42026030900552718, FORT
, LIQUIDATION OF IMP COLL BILL,,,"-27,577,991.07", 09/03/2026, 612BC05260370003," KUNDLI, SONEPAT"
, LIQUIDATION OF IMP COLL BILL,,,"-26,627,208.43", 09/03/2026, 612BC05260370004," KUNDLI, SONEPAT"
, RTGS Cr-ICIC0099999-RICO AUTO INDUSTRIES LIMITED-CMR GREEN TECHNOLOGIES LIMITED-ICICR22026030914929788,," 10,587,704.08",, 09/03/2026, ICICR22026030914929788, FORT
, RTGS Cr-ICIC0099999-RICO AUTO INDUSTRIES LIMITED-CMR GREEN TECHNOLOGIES LIMITED-ICICR22026030914930003,," 7,927,651.08",, 09/03/2026, ICICR22026030914930003, FORT
, FT Cr ECMS-CMRLTD151LCU101557-S G M METAL COMPANY-50200085699296,," 2,163,654.00",, 09/03/2026, NBW6GJOW0RXXFISN," NETBANK, MUMBAI"
, RTGS Cr-UTIB0000039-CMR GREEN TECHNOLOGIES LIMITED FORMERLY-CENTURY METAL RECYCLING LIMITE-UTIBR62026030961742681,," 80,000,000.00",, 09/03/2026, UTIBR62026030961742681, CMS TF WBO MUMBAI
, RTGS Cr-SBIN0004298-M s Century Metal Recycling Private-Century Metal Rceycling Pvt Ltd-SBINR12026030919437474,," 10,000,000.00",, 09/03/2026, SBINR12026030919437474, CMS TF WBO MUMBAI
, RTGS Cr-SBIN0004298-M s Century Metal Recycling Private-Century Metal Rceycling Pvt Ltd-SBINR12026030919437387,," 10,000,000.00",, 09/03/2026, SBINR12026030919437387, CMS TF WBO MUMBAI
, RTGS Cr-SBIN0004298-M s Century Metal Recycling Private-Century Metal Rceycling Pvt Ltd-SBINR12026030919437499,," 10,000,000.00",, 09/03/2026, SBINR12026030919437499, CMS TF WBO MUMBAI
, RTGS Cr-SBIN0004298-M s Century Metal Recycling Private-Century Metal Rceycling Pvt Ltd-SBINR12026030919437385,," 10,000,000.00",, 09/03/2026, SBINR12026030919437385, CMS TF WBO MUMBAI
, RTGS Cr-SBIN0004298-M s Century Metal Recycling Private-Century Metal Rceycling Pvt Ltd-SBINR12026030919437500,," 10,000,000.00",, 09/03/2026, SBINR12026030919437500, CMS TF WBO MUMBAI
, RTGS Cr-SBIN0004298-M s Century Metal Recycling Private-Century Metal Rceycling Pvt Ltd-SBINR12026030919437497,," 10,000,000.00",, 09/03/2026, SBINR12026030919437497, CMS TF WBO MUMBAI
, RTGS Cr-SBIN0004298-M s Century Metal Recycling Private-Century Metal Rceycling Pvt Ltd-SBINR12026030919437476,," 10,000,000.00",, 09/03/2026, SBINR12026030919437476, CMS TF WBO MUMBAI
, RTGS Cr-SBIN0004298-M s Century Metal Recycling Private-Century Metal Rceycling Pvt Ltd-SBINR12026030919437442,," 10,000,000.00",, 09/03/2026, SBINR12026030919437442, CMS TF WBO MUMBAI
, RTGS Cr-SBIN0004298-M s Century Metal Recycling Private-Century Metal Rceycling Pvt Ltd-SBINR12026030919437475,," 10,000,000.00",, 09/03/2026, SBINR12026030919437475, CMS TF WBO MUMBAI
, RTGS Cr-SBIN0004298-CMR NIKKEI INDIA PVT LTD-Century Metal Recycling Limited-SBINR12026030919438160,," 10,000,000.00",, 09/03/2026, SBINR12026030919438160, CMS TF WBO MUMBAI
, RTGS Cr-SBIN0004298-CMR NIKKEI INDIA PVT LTD-Century Metal Recycling Limited-SBINR12026030919438045,," 10,000,000.00",, 09/03/2026, SBINR12026030919438045, CMS TF WBO MUMBAI
, RTGS Cr-SBIN0004298-CMR NIKKEI INDIA PVT LTD-Century Metal Recycling Limited-SBINR12026030919438046,," 10,000,000.00",, 09/03/2026, SBINR12026030919438046, CMS TF WBO MUMBAI
, RTGS Cr-SBIN0004298-CMR NIKKEI INDIA PVT LTD-Century Metal Recycling Limited-SBINR12026030919438048,," 10,000,000.00",, 09/03/2026, SBINR12026030919438048, CMS TF WBO MUMBAI
, RTGS Cr-SBIN0004298-CMR NIKKEI INDIA PVT LTD-Century Metal Recycling Limited-SBINR12026030919438081,," 10,000,000.00",, 09/03/2026, SBINR12026030919438081, CMS TF WBO MUMBAI
, RTGS Cr-SBIN0004298-CMR NIKKEI INDIA PVT LTD-Century Metal Recycling Limited-SBINR12026030919438162,," 10,000,000.00",, 09/03/2026, SBINR12026030919438162, CMS TF WBO MUMBAI
, RTGS Cr-SBIN0004298-CMR NIKKEI INDIA PVT LTD-Century Metal Recycling Limited-SBINR12026030919438079,," 10,000,000.00",, 09/03/2026, SBINR12026030919438079, CMS TF WBO MUMBAI
, RTGS Cr-SBIN0004298-CMR NIKKEI INDIA PVT LTD-Century Metal Recycling Limited-SBINR12026030919438159,," 10,000,000.00",, 09/03/2026, SBINR12026030919438159, CMS TF WBO MUMBAI
, RTGS Cr-SBIN0004298-CMR NIKKEI INDIA PVT LTD-Century Metal Recycling Limited-SBINR12026030919438163,," 10,000,000.00",, 09/03/2026, SBINR12026030919438163, CMS TF WBO MUMBAI
, RTGS Cr-SBIN0004298-CMR NIKKEI INDIA PVT LTD-Century Metal Recycling Limited-SBINR12026030919438083,," 10,000,000.00",, 09/03/2026, SBINR12026030919438083, CMS TF WBO MUMBAI
," RTGS Dr-SHBK0000004-ShinhanBank-NETBANK, MUM-HDFCR52026030979346202",,,"-502,465.75", 09/03/2026, HDFCR52026030979346202," NETBANK, MUMBAI"
, COMM ON LIQD OF IMP COLL BILL,,,-177, 09/03/2026, 612BC05260680006," KUNDLI, SONEPAT"
, FT603093788136-CMR NIKKEI INDIA PVT LTD 1274 FT-00930310001274,," 80,000,000.00",, 09/03/2026, 603093788136," NETBANK, MUMBAI"
, FT603093801032-CMR TOYOTSU ALUMINIUM INDIA PL FT-00930310001264,," 150,000,000.00",, 09/03/2026, 603093801032," NETBANK, MUMBAI"
, 57500000342857-2857,,,"-530,000,000.00", 09/03/2026, 603093824967," NETBANK, MUMBAI"
, CHQ DEP RET- ADVICE NOT RECEIVED,,,"-250,000.00", 09/03/2026, 000000000007, NAVRANGPURA EXTN
, CHARGES FOR SWIFT MESSAGE,,,-708, 09/03/2026, 612BC05260680002," KUNDLI, SONEPAT"
, COMM ON LIQD OF IMP COLL BILL,,,-177, 09/03/2026, 612BC05260680005," KUNDLI, SONEPAT"
, 0002378433-09 03 2026-HDFC6416,," 1,566,782.54",, 09/03/2026, 603093839308," NETBANK, MUMBAI"
, NEFT Cr ECMS-YESB0000001-CMRGR1100LCU101748-N F METALS RECYCLING FOR MD FA-053126900000091,," 89,385.00",, 09/03/2026, YESIB60680069890, FORT
, INW 040326I049903588 USD202918.2@92.22,," 18,713,116.40",, 09/03/2026, 090326351716," NETBANK, MUMBAI"
, 040326I049903588 DPO2606838820254 IGST,,,"-4,178.36", 09/03/2026, 090326351723," NETBANK, MUMBAI"
, RTGS Cr-KKBK0000958-CMR Green Technologies Limited-CMR Green Technologies Limited-KKBKR52026030900531246,," 30,220,988.76",, 09/03/2026, KKBKR52026030900531246, FORT
, FT603093990032-CMR TOYOTSU ALUMINIUM INDIA PL FT-00930310001264,," 210,000,000.00",, 09/03/2026, 603093990032," NETBANK, MUMBAI"
, FT Cr ECMS-CMRLTD152LCU101557-S G M METAL COMPANY-50200085699296,," 1,577,600.00",, 09/03/2026, NB0WVNEIVWJUWUWZ," NETBANK, MUMBAI"
, 57500000342857-2857,,,"-210,000,000.00", 09/03/2026, 603093990485," NETBANK, MUMBAI"
, RTGS Cr ECMS-ICIC0000011-cmrltd201lcu100720-OM SAI TRADING CASTING WORKS-661305500656,," 1,900,242.00",, 09/03/2026, ICICR42026030900573064, FORT
, RTGS Cr-ICIC0000083-CMR TOYOTSU ALUMINIUM INDIA PRIVATE-CMR GREEN TECHNOLOGIES LTD-ICICR52026030900733225,," 210,000,000.00",, 09/03/2026, ICICR52026030900733225, FORT
, 57500000863497-ECO,,,"-40,000,000.00", 09/03/2026, 603094011518," NETBANK, MUMBAI"
, 00930310001264-1264,,,"-40,000,000.00", 09/03/2026, 603094011604," NETBANK, MUMBAI"
, 00930310001274-1274,,,"-30,000,000.00", 09/03/2026, 603094011799," NETBANK, MUMBAI"
, RTGS Cr ECMS-ICIC0000011-CMRLTD201LCU100931-SAVITA INDUSTRIES-140105001924,," 550,000.00",, 09/03/2026, ICICR42026030900588207, FORT
, AUTO SWEEPOUT TO CMR GREEN TECHNOLOGI 57500000342857,," 11,694,668.02",, 09/03/2026,, FARIDABAD HARYANA
3/10/2026,Opening balance,"-19,969,279.38",,,,,
, FT Cr ECMS-CMRGR1100LCU101884-VIPUL TRADERS-50200076602625,," 2,000,000.00",, 10/03/2026, NBRDZUMINE8KWTVU," NETBANK, MUMBAI"
, FT Cr ECMS-CMRLTD201LCU100948-SARASWATI METAL AND ALLOY-50200100284162,," 535,000.00",, 10/03/2026, HDFC6BF98E07A249," NETBANK, MUMBAI"
, RTGS Cr ECMS-UTIB0002437-CMRLTD151LCU101262-MAHAKAL ENTERPRISES-921020020261421,," 615,000.00",, 10/03/2026, UTIBR72026031000570675, FORT
, RTGS Cr ECMS-KKBK0000958-CMRGR1100LCU100496-GMC ENTERPRISES-0747497392,," 1,500,000.00",, 10/03/2026, KKBKR12026031000823380, FORT
, RTGS Cr ECMS-KKBK0000958-CMRGR1100LCU100496-GMC ENTERPRISES-0747497392,," 1,544,400.00",, 10/03/2026, KKBKR12026031000823781, FORT
, NEFT Cr ECMS-IDFB0021314-cmrgr1100lcu101943-M.R. TRADING CO.-89650005280,," 1,050,000.00",, 10/03/2026, IDFB606970416732, FORT
, FT Cr ECMS-CMRGR1100LCU100335-REHAN TRADERS-50200087498200,," 370,000.00",, 10/03/2026, HDFC359D1A722913," NETBANK, MUMBAI"
, FT-HIZINC7904-Hindustan Zinc Ltd.,,,"-16,531,938.00", 10/03/2026, 603094027253," NETBANK, MUMBAI"
, FT-HIZINC7795-Hindustan Zinc Ltd.,,,"-16,531,938.00", 10/03/2026, 603094026924," NETBANK, MUMBAI"
, SHARMA METAL-1100B0226016633,,,"-2,654,057.71", 10/03/2026, HDFCH00856829280," NETBANK, MUMBAI"
, TIRUPATI TRADE-1100B0226016629,,,"-4,798,603.71", 10/03/2026, HDFCH00856827535," NETBANK, MUMBAI"
, SHARMA METAL-1100B0226016632,,,"-3,844,239.41", 10/03/2026, HDFCH00856825609," NETBANK, MUMBAI"
, Maruti Suzuki -1100B0226016631,,,"-5,000,000.00", 10/03/2026, HDFCH00856827542," NETBANK, MUMBAI"
, ALPHA METALS -1100B0226016630,,,"-5,385,432.20", 10/03/2026, HDFCH00856828278," NETBANK, MUMBAI"
, FT Cr ECMS-CMRGR1100LCU101564-SUNLITE RECYCLING INDUSTRIES L-50200073104369,," 24,992,046.00",, 10/03/2026, 1514304049, CBX Internet System Mumbai
, IMPS CR ECMS-9052-CMRGR1100LCU101769-AMAN ENTERPRISES-0667202500004701,," 45,000.00",, 10/03/2026, 606944816473, FARIDABAD HARYANA
, RTGS Cr ECMS-CBIN0280278-CMRLTD202LCU101105-K P S PRODUCTS-00000003389254474,," 2,600,000.00",, 10/03/2026, CBINR12026031010033006, FORT
, FT Cr ECMS-CMRLTD151LCU101331-J B TRADING-50200083168153,," 12,000.00",, 10/03/2026, HDFCA696AF7003B0," NETBANK, MUMBAI"
, RTGS Cr ECMS-UTIB0000806-CMRGR1100LCU101508-SIDDHANATH JEWELLERS AND REFIN-922030054149128,," 5,000,000.00",, 10/03/2026, UTIBR62026031061873631, FORT
, RTGS Cr ECMS-UTIB0000806-CMRGR1100LCU101508-SIDDHANATH JEWELLERS AND REFIN-922030054149128,," 4,585,965.00",, 10/03/2026, UTIBR62026031061873175, FORT
, RTGS Cr ECMS-CNRB0019251-CMRLTD151LCU101556-M S ENTERPRISES-92511400000402,," 300,000.00",, 10/03/2026, CNRBR52026031079656241, FORT
, FT- CMRGREENTECHNOLOGIES-50200107030796 - MONGERS COIL FORMING PRIVATE LIMITED -,," 174,006.00",, 10/03/2026, 1513392875, CBX Internet System Mumbai
, FT Cr ECMS-CMRLTD152LCU101434-AMIT ALLOYS COMPANY-99997635077350,," 655,000.00",, 10/03/2026, HDFC5F468F1ADEF0," NETBANK, MUMBAI"
, FT Cr ECMS-CMRGR1100LCU101932-AKSHAR METAL ALLIANCE-50200109835840,," 21,682,500.00",, 10/03/2026, 1514614445, CBX Internet System Mumbai
, FT Cr ECMS-CMRGR1100LCU101314-HERO MOTOCORP LIMITED 315-00030110000315,," 199,862,149.16",, 10/03/2026, 603104440049," NETBANK, MUMBAI"
, IMPS CR ECMS-9751-cmrgr1100lcu101943-MR TRADING CO-89650005280,," 500,000.00",, 10/03/2026, 606913424270, FARIDABAD HARYANA
, GST/Bank Reference No: E2606971026505/CIN No: HDFC26030500006886,,,"-2,429,831.00", 10/03/2026,," NETBANK, MUMBAI"
, IMPS CR ECMS-9751-cmrgr1100lcu101943-MR TRADING CO-89650005280,," 500,000.00",, 10/03/2026, 606914490869, FARIDABAD HARYANA
, GST/Bank Reference No: E2606971027113/CIN No: HDFC26030800017157,,,"-2,089,516.00", 10/03/2026,," NETBANK, MUMBAI"
, GST/Bank Reference No: E2606971027112/CIN No: HDFC26032400041889,,,"-5,772,038.00", 10/03/2026,," NETBANK, MUMBAI"
, GST/Bank Reference No: E2606971027201/CIN No: HDFC26030600020638,,,"-9,669,836.00", 10/03/2026,," NETBANK, MUMBAI"
, GST/Bank Reference No: E2606971027202/CIN No: HDFC26030600020614,,,"-8,169,428.00", 10/03/2026,," NETBANK, MUMBAI"
, Mohini Industr-1100B0226016462,,,"-32,104.14", 10/03/2026, 603093352844," NETBANK, MUMBAI"
, Peeyush Metal-1100B0226016460,,,"-27,515.24", 10/03/2026, 603093352816," NETBANK, MUMBAI"
, Tola Trading a-1100B0226016465,,,"-17,079.55", 10/03/2026, 603093352850," NETBANK, MUMBAI"
, M.S MANUFACTUR-1100B0226016458,,,"-80,694.25", 10/03/2026, HDFCH00857717634," NETBANK, MUMBAI"
, Jai Durge Ente-1100B0226016464,,,"-92,465.97", 10/03/2026, HDFCH00857713207," NETBANK, MUMBAI"
, DEEPAK TRADERS-1100B0226016467,,,"-22,652.86", 10/03/2026, HDFCH00857720440," NETBANK, MUMBAI"
, WHITEROCK-1100B0226016466,,,"-43,141.48", 10/03/2026, HDFCH00857718645," NETBANK, MUMBAI"
, K K STEELS-1100B0226016463,,,"-3,573.26", 10/03/2026, HDFCH00857718709," NETBANK, MUMBAI"
, G.M.C Enterpri-1100B0226016459,,,"-11,017.76", 10/03/2026, HDFCH00857723253," NETBANK, MUMBAI"
, S.K.J. Metals -1100B0226016461,,,"-80,114.74", 10/03/2026, HDFCH00857723277," NETBANK, MUMBAI"
, BAHUBALI NAMO -1100B0226016495,,,"-28,180.91", 10/03/2026, 603093352832," NETBANK, MUMBAI"
, ANANYA METAL U-1100B0226016498,,,"-37,748.84", 10/03/2026, 603093352840," NETBANK, MUMBAI"
, MOURYA ENTERPR-1100B0226016480,,,"-8,981.20", 10/03/2026, 603093352798," NETBANK, MUMBAI"
, TS ENTERPRISES-1100B0226016488,,,"-60,985.69", 10/03/2026, 603093352818," NETBANK, MUMBAI"
, SHREE RADHA EN-1100B0226016492,,,"-26,648.65", 10/03/2026, 603093352826," NETBANK, MUMBAI"
, PR METAL ALLOY-1100B0226016473,,,"-96,132.38", 10/03/2026, 603093352781," NETBANK, MUMBAI"
, M.S. METAL HR-1100B0226016494,,,"-2,016.50", 10/03/2026, 603093352830," NETBANK, MUMBAI"
, SHRI JI METAL -1100B0226016472,,,"-15,223.18", 10/03/2026, 603093352779," NETBANK, MUMBAI"
, BANSAL STEEL-1100B0226016483,,,"-50,711.49", 10/03/2026, 603093352804," NETBANK, MUMBAI"
, DV GLOBEX-1100B0226016487,,,"-31,579.07", 10/03/2026, 603093352814," NETBANK, MUMBAI"
, VEDANSH TRADIN-1100B0226016481,,,"-13,176.84", 10/03/2026, HDFCH00857722146," NETBANK, MUMBAI"
, RITIK TRADING -1100B0226016479,,,"-31,125.70", 10/03/2026, HDFCH00857723595," NETBANK, MUMBAI"
, MAA DURGA PLAS-1100B0226016486,,,"-4,740.50", 10/03/2026, HDFCH00857717867," NETBANK, MUMBAI"
, MAYA ENTERPRIS-1100B0226016475,,,"-35,404.19", 10/03/2026, HDFCH00857725317," NETBANK, MUMBAI"
, S.M METALS-1100B0226016468,,,"-171,816.55", 10/03/2026, HDFCH00857717871," NETBANK, MUMBAI"
, YASHASVI ENTER-1100B0226016497,,,"-22,335.02", 10/03/2026, HDFCH00857725322," NETBANK, MUMBAI"
, PRIME METALLUR-1100B0226016485,,,"-15,800.11", 10/03/2026, HDFCH00857725093," NETBANK, MUMBAI"
, F K METAL INDU-1100B0226016493,,,"-2,901.75", 10/03/2026, HDFCH00857723617," NETBANK, MUMBAI"
, SINGHAL CHEMIC-1100B0226016484,,,"-39,841.70", 10/03/2026, HDFCH00857722185," NETBANK, MUMBAI"
, MISHKA ENTERPR-1100B0226016476,,,"-66,467.01", 10/03/2026, HDFCH00857722186," NETBANK, MUMBAI"
, JP JINDAL RECY-1100B0226016482,,,"-130,273.15", 10/03/2026, HDFCH00857719093," NETBANK, MUMBAI"
, MAHAKALESHWAR -1100B0226016478,,,"-26,858.23", 10/03/2026, HDFCH00857725167," NETBANK, MUMBAI"
, OM TRADING-1100B0226016469,,,"-22,338.40", 10/03/2026, HDFCH00857725205," NETBANK, MUMBAI"
, METALS ALLOY-1100B0226016490,,,"-42,213.56", 10/03/2026, HDFCH00857725206," NETBANK, MUMBAI"
, PICK N MOVE ME-1100B0226016499,,,"-1,465.91", 10/03/2026, HDFCH00857725347," NETBANK, MUMBAI"
, Maersk Line In-1100B0226016677,,,"-376,634.76", 10/03/2026, HDFCH00857725237," NETBANK, MUMBAI"
, JK SLIDE FASTN-1100B0226016489,,,"-6,895.75", 10/03/2026, HDFCH00857719106," NETBANK, MUMBAI"
, S K TRADING CO-1100B0226016496,,,"-11,884.76", 10/03/2026, HDFCH00857723687," NETBANK, MUMBAI"
, OPTIMA METAL R-1100B0226016470,,,"-26,169.26", 10/03/2026, HDFCH00857725356," NETBANK, MUMBAI"
, ODEX INDIA SOL-1100B0226016682,,,"-947,478.64", 10/03/2026, HDFCH00857719112," NETBANK, MUMBAI"
, RITIKA TRADING-1100B0226016477,,,"-45,977.35", 10/03/2026, HDFCH00857725361," NETBANK, MUMBAI"
, GLOBAL METAL R-1100B0226016474,,,"-5,570.98", 10/03/2026, HDFCH00857727350," NETBANK, MUMBAI"
, RTGS Cr ECMS-UTIB0003202-CMRGR1100LCU101763-MATHURIA TRADERS-924020041901864,," 931,988.00",, 10/03/2026, UTIBR72026031000575932, FORT
, RTGS Cr ECMS-PUNB0107400-CMRLTD202LCU100256-INDIAN METAL SCRAP-08281131002695,," 700,000.00",, 10/03/2026, PUNBR52026031014222156, FORT
, LIQUIDATION OF IMP COLL BILL,,,"-19,914,258.48", 10/03/2026, 612BC05260300002," KUNDLI, SONEPAT"
, LIQUIDATION OF IMP COLL BILL,,,"-9,320,188.77", 10/03/2026, 612BC05260480010," KUNDLI, SONEPAT"
, LIQUIDATION OF IMP COLL BILL,,,"-4,002,526.53", 10/03/2026, 612BC05260210002," KUNDLI, SONEPAT"
, FT603104897748-CMR NLM ECO ALUMINIUM P L 3497 FT-57500000863497,," 50,000,000.00",, 10/03/2026, 603104897748," NETBANK, MUMBAI"
, 00930310001264-1264,,,"-40,000,000.00", 10/03/2026, 603104919095," NETBANK, MUMBAI"
, 00930310001274-1274,,,"-120,000,000.00", 10/03/2026, 603104901993," NETBANK, MUMBAI"
," RTGS Dr-FDRL0001914-CENTURYMETALRECYCLINGLIMITED-NETBANK, MUM-HDFCR52026031079828941",,,"-18,960,000.00", 10/03/2026, HDFCR52026031079828941," NETBANK, MUMBAI"
," RTGS Dr-SBIN0004298-CENTURYMETALRECYCLINGPVTLTD-NETBANK, MUM-HDFCR52026031079860741",,,"-110,000,000.00", 10/03/2026, HDFCR52026031079860741," NETBANK, MUMBAI"
, NEFT Cr ECMS-IOBA0001450-CMRGR1100LCU100984-VINAYAK INDUSTRIES-145002000001334,," 2,032,100.00",, 10/03/2026, IOBAN26069123800, FORT
, RAVI METALS P-1100B0226016746,,,"-4,068,149.49", 10/03/2026, HDFCH00858676696," NETBANK, MUMBAI"
, RTGS Cr-SCBL0036001-ENDURANCE TECHNOLOGIES LIMITED-CMR GREEN TECHNOLOGIES LIMITED-SCBLR12026031000816275,," 17,942,093.76",, 10/03/2026, SCBLR12026031000816275, FORT
, RTGS Cr ECMS-ICIC0000011-CMRGR1100LSU102994-U. P. GREEN RECYCLING CO.-358105000573,," 2,500,000.00",, 10/03/2026, ICICR42026031000579697, FORT
, RTGS Cr ECMS-UTIB0000040-CMRGR1100LSU105600-CHETAN TRADE EXIM PVT LTD-922020009145048,," 3,910,000.00",, 10/03/2026, UTIBR62026031062076394, FORT
, HOTEL SARVOTTA-1100B0226016520,,,"-38,372.50", 10/03/2026, 603094024659," NETBANK, MUMBAI"
, WASTE TO ENERG-1100B0226016536,,,"-1,617,475.99", 10/03/2026, 603094024693," NETBANK, MUMBAI"
, Mahalaxmi Elec-1100B0226016511,,,"-9,572.16", 10/03/2026, 603094024699," NETBANK, MUMBAI"
, Saini Traders-1100B0226016562,,,"-39,604.33", 10/03/2026, 603094026635," NETBANK, MUMBAI"
, Hind Carriers -1100B0226016510,,,"-1,951,468.00", 10/03/2026, 603094024695," NETBANK, MUMBAI"
, CARBON CHECK -1100B0226016533,,,"-125,307.00", 10/03/2026, 603094024687," NETBANK, MUMBAI"
, SAI INDUSTRIAL-1100B0226016537,,,"-5,428.00", 10/03/2026, 603094024697," NETBANK, MUMBAI"
, Ceraflux India-1100B0226016563,,,"-1,485,657.90", 10/03/2026, 603094026637," NETBANK, MUMBAI"
, Rainbow Paints-1100B0226016545,,,"-159,453.42", 10/03/2026, 603094026708," NETBANK, MUMBAI"
, Samit Sales Pv-1100B0226016546,,,"-35,400.00", 10/03/2026, 603094026710," NETBANK, MUMBAI"
, Sharma Steels -1100B0226016557,,,"-239,643.26", 10/03/2026, 603094026625," NETBANK, MUMBAI"
, Everest Enterp-1100B0226016513,,,"-5,625.66", 10/03/2026, 603094024703," NETBANK, MUMBAI"
, ICICI CREDIT C-1100B0226016501,,,"-842,039.45", 10/03/2026, HDFCH00858917864," NETBANK, MUMBAI"
, CERA THERMAL T-1100B0226016507,,,"-1,777,434.00", 10/03/2026, HDFCH00858915246," NETBANK, MUMBAI"
, Nice Cargo Mov-1100B0226016508,,,"-76,399.74", 10/03/2026, HDFCH00858917964," NETBANK, MUMBAI"
, Pacific Electr-1100B0226016564,,,-914.5, 10/03/2026, HDFCH00858914258," NETBANK, MUMBAI"
, Shree Balaji T-1100B0226016559,,,"-1,288,310.02", 10/03/2026, HDFCH00858916293," NETBANK, MUMBAI"
, Shri Ram Machi-1100B0226016549,,,"-123,259.96", 10/03/2026, HDFCH00858918019," NETBANK, MUMBAI"
, LAXMI TRADERS-1100B0226016521,,,"-5,248.64", 10/03/2026, HDFCH00858917056," NETBANK, MUMBAI"
, MAKE MY TRIP -1100B0226016524,,,"-20,984.02", 10/03/2026, HDFCH00858916315," NETBANK, MUMBAI"
, GMR LOGISTICS-1100B0226016530,,,"-82,953.00", 10/03/2026, HDFCH00858913373," NETBANK, MUMBAI"
, G.C. Cargo Mov-1100B0226016512,,,"-823,305.60", 10/03/2026, HDFCH00858913463," NETBANK, MUMBAI"
, Akshara Enterp-1100B0226016538,,,"-30,680.04", 10/03/2026, HDFCH00858917314," NETBANK, MUMBAI"
, GEMINI EQUIPME-1100B0226016528,,,"-356,088.28", 10/03/2026, HDFCH00858916340," NETBANK, MUMBAI"
, MAKE MY TRIP -1100B0226016523,,,"-98,677.03", 10/03/2026, HDFCH00858916347," NETBANK, MUMBAI"
, Surender Kumar-1100B0226016560,,,"-74,480.00", 10/03/2026, HDFCH00858917381," NETBANK, MUMBAI"
, SHIVAM ELECTRO-1100B0226016531,,,"-5,192.00", 10/03/2026, HDFCH00858914329," NETBANK, MUMBAI"
, SHREEJI LIGHTI-1100B0226016500,,,"-5,694.00", 10/03/2026, HDFCH00858916353," NETBANK, MUMBAI"
, Schutz Carbon -1100B0226016553,,,"-56,050.00", 10/03/2026, HDFCH00858914340," NETBANK, MUMBAI"
, PRAGNESHKUMAR -1100B0226016529,,,"-30,690.00", 10/03/2026, HDFCH00858913609," NETBANK, MUMBAI"
, Hindustan Petr-1100B0226016552,,,"-27,010.20", 10/03/2026, HDFCH00858915619," NETBANK, MUMBAI"
, Pyrotek India -1100B0226016544,,,"-102,573.00", 10/03/2026, HDFCH00858916362," NETBANK, MUMBAI"
, CERA THERMAL T-1100B0226016565,,,"-42,446.00", 10/03/2026, HDFCH00858916367," NETBANK, MUMBAI"
, VIJAY TRADING-1100B0226016515,,,-944, 10/03/2026, HDFCH00858917419," NETBANK, MUMBAI"
, BHOOMI TRANSPO-1100B0226016534,,,"-150,508.71", 10/03/2026, HDFCH00858914380," NETBANK, MUMBAI"
, SHREE JWALA JI-1100B0226016624,,,"-5,334.00", 10/03/2026, 603094032805," NETBANK, MUMBAI"
, BOMBAY STATION-1100B0226016514,,,"-23,903.50", 10/03/2026, HDFCH00858918338," NETBANK, MUMBAI"
, Max Spare Limi-1100B0226016556,,,"-25,927.90", 10/03/2026, HDFCH00858917426," NETBANK, MUMBAI"
, FT-HDFC555122767-HAPPAY POOL ACCOUNT CMRG,,,"-52,150.00", 10/03/2026, 603104470747," NETBANK, MUMBAI"
, JAI MAA LOGIST-1100B0226016625,,,"-11,950.44", 10/03/2026, 603094032807," NETBANK, MUMBAI"
, Hind Carriers -1100B0226016613,,,"-69,600.00", 10/03/2026, 603094032781," NETBANK, MUMBAI"
, Vishal Conveyo-1100B0226016558,,,"-21,490.00", 10/03/2026, HDFCH00858918345," NETBANK, MUMBAI"
, Gujarat Enviro-1100B0226016561,,,"-29,154.28", 10/03/2026, HDFCH00858916380," NETBANK, MUMBAI"
, Pankhi Engg. -1100B0226016543,,,"-6,194.97", 10/03/2026, HDFCH00858918354," NETBANK, MUMBAI"
, KASANA ROADLIN-1100B0226016570,,,"-638,542.13", 10/03/2026, 603094026653," NETBANK, MUMBAI"
, VRISHTI BEVERA-1100B0226016517,,,"-19,587.59", 10/03/2026, HDFCH00858918374," NETBANK, MUMBAI"
, EASYWAY LOGIST-1100B0226016652,,,"-81,927.02", 10/03/2026, 603104241380," NETBANK, MUMBAI"
, Linde India Li-1100B0226016555,,,"-10,110.24", 10/03/2026, HDFCH00858918385," NETBANK, MUMBAI"
, Inspectorate G-1100B0226016650,,,"-19,440.00", 10/03/2026, 603104235448," NETBANK, MUMBAI"
, EURO TECH THER-1100B0226016525,,,"-13,452.00", 10/03/2026, HDFCH00858917517," NETBANK, MUMBAI"
, Vinay Trading -1100B0226016547,,,"-15,383.66", 10/03/2026, HDFCH00858914547," NETBANK, MUMBAI"
, Chhavi Road Li-1100B0226016551,,,"-650,884.41", 10/03/2026, HDFCH00858914577," NETBANK, MUMBAI"
, VIJBIN BUSINES-1100B0226016627,,,"-9,357.06", 10/03/2026, 603094032813," NETBANK, MUMBAI"
, JAY BHAVANI EL-1100B0226016518,,,"-122,691.00", 10/03/2026, HDFCH00858918418," NETBANK, MUMBAI"
, WATRANA RENTAL-1100B0226016574,,,"-477,075.88", 10/03/2026, 603094026661," NETBANK, MUMBAI"
, Hind Terminals-1100B0226016509,,,"-204,712.16", 10/03/2026, HDFCH00858915685," NETBANK, MUMBAI"
, Gurusabh Power-1100B0226016542,,,"-170,014.60", 10/03/2026, HDFCH00858916406," NETBANK, MUMBAI"
, ARMAN TRANSPOR-1100B0226016588,,,"-1,791,977.28", 10/03/2026, 603094026693," NETBANK, MUMBAI"
, YOUNG EQUIPMEN-1100B0226016532,,,"-346,400.00", 10/03/2026, HDFCH00858915686," NETBANK, MUMBAI"
, Arte Engineeri-1100B0226016539,,,"-6,946.10", 10/03/2026, HDFCH00858917583," NETBANK, MUMBAI"
, SCOPE OVERSEAS-1100B0226016592,,,"-428,280.78", 10/03/2026, 603094026701," NETBANK, MUMBAI"
, Tetra Tekseal -1100B0226016550,,,"-58,764.00", 10/03/2026, HDFCH00858917626," NETBANK, MUMBAI"
, SHREE SHYAM LO-1100B0226016584,,,"-43,065.00", 10/03/2026, 603094026683," NETBANK, MUMBAI"
, Devirosh Group-1100B0226016554,,,"-279,497.45", 10/03/2026, HDFCH00858917677," NETBANK, MUMBAI"
, Saini Traders-1100B0226016612,,,"-14,958.29", 10/03/2026, 603094032779," NETBANK, MUMBAI"
, Davy Air Servi-1100B0226016541,,,"-7,895.21", 10/03/2026, HDFCH00858920740," NETBANK, MUMBAI"
, KAY AAR ENGINE-1100B0226016585,,,"-755,132.00", 10/03/2026, 603094026685," NETBANK, MUMBAI"
, Ganesh Trading-1100B0226016516,,,"-13,593.60", 10/03/2026, HDFCH00858918918," NETBANK, MUMBAI"
, GULAFSHA GUPTA-1100B0226016527,,,"-108,000.00", 10/03/2026, HDFCH00858921878," NETBANK, MUMBAI"
, JAI MAA LOGIST-1100B0226016581,,,"-531,432.90", 10/03/2026, 603094026677," NETBANK, MUMBAI"
, RAJ TRANSPORT -1100B0226016519,,,"-109,102.50", 10/03/2026, HDFCH00858918552," NETBANK, MUMBAI"
, V Pack Automat-1100B0226016600,,,"-66,396.79", 10/03/2026, 603094032811," NETBANK, MUMBAI"
, SEWA EXPORTS-1100B0226016526,,,"-84,115.00", 10/03/2026, HDFCH00858921944," NETBANK, MUMBAI"
, Blue Deep Cour-1100B0226016540,,,"-5,901.56", 10/03/2026, HDFCH00858920901," NETBANK, MUMBAI"
, PREMIER ROAD C-1100B0226016646,,,"-86,166.50", 10/03/2026, 603104234467," NETBANK, MUMBAI"
, RAJ MOTORS-1100B0226016638,,,"-1,759.98", 10/03/2026, 603104229913," NETBANK, MUMBAI"
, RG TRANSPORT S-1100B0226016535,,,"-385,222.50", 10/03/2026, HDFCH00858921962," NETBANK, MUMBAI"
, DASH TECHNOLOG-1100B0226016522,,,"-10,266.00", 10/03/2026, HDFCH00858916644," NETBANK, MUMBAI"
, ENVIROZONE INS-1100B0226016572,,,"-53,100.00", 10/03/2026, HDFCH00858921043," NETBANK, MUMBAI"
, M S HARI OM ST-1100B0226016619,,,"-101,078.63", 10/03/2026, 603094032795," NETBANK, MUMBAI"
, Chhavi Road Li-1100B0226016605,,,"-791,173.29", 10/03/2026, HDFCH00858921965," NETBANK, MUMBAI"
, G.C. Cargo Mov-1100B0226016567,,,"-54,724.41", 10/03/2026, HDFCH00858921977," NETBANK, MUMBAI"
, G.C. Cargo Mov-1100B0226016617,,,"-41,643.02", 10/03/2026, HDFCH00858921071," NETBANK, MUMBAI"
, MARUTI SUZUKI -1100B0226016642,,,"-1,049,000.00", 10/03/2026, HDFCH00858919944," NETBANK, MUMBAI"
, PYROTEK INDIA -1100B0226016579,,,"-77,814.00", 10/03/2026, HDFCH00858921988," NETBANK, MUMBAI"
, POKAR PETROLEU-1100B0226016655,,,"-535,080.00", 10/03/2026, HDFCH00858922001," NETBANK, MUMBAI"
, Lovekesh Kumar-1100B0226016719,,,"-1,338.00", 10/03/2026, HDFCH00858922805," NETBANK, MUMBAI"
, Mohit Singh-1100B0226016707,,,-377, 10/03/2026, HDFCH00858922809," NETBANK, MUMBAI"
, PARAS PETROPLA-1100B0226016589,,,"-1,387,122.97", 10/03/2026, HDFCH00858922816," NETBANK, MUMBAI"
, Naveen Singh-1100B0226016688,,,"-2,685.00", 10/03/2026, HDFCH00858921202," NETBANK, MUMBAI"
, JADE SOLUTIONS-1100B0226016577,,,"-181,265.70", 10/03/2026, HDFCH00858923980," NETBANK, MUMBAI"
, SIS Limited-1100B0226016608,,,"-23,580.08", 10/03/2026, HDFCH00858923985," NETBANK, MUMBAI"
, Sanjay Kumar C-1100B0226016691,,,"-1,050.00", 10/03/2026, HDFCH00858919471," NETBANK, MUMBAI"
, Adfactors Pr P-1100B0226016665,,,"-216,000.00", 10/03/2026, HDFCH00858923991," NETBANK, MUMBAI"
, PASCO EARTHMOV-1100B0226016621,,,"-48,166.08", 10/03/2026, HDFCH00858922079," NETBANK, MUMBAI"
, Kalinga Air Ga-1100B0226016606,,,"-4,633.86", 10/03/2026, HDFCH00858920114," NETBANK, MUMBAI"
, Rajesh Kumar K-1100B0226016705,,,"-1,954.00", 10/03/2026, HDFCH00858921525," NETBANK, MUMBAI"
, I.T.SOLUTIONS -1100B0226016667,,,"-37,500.00", 10/03/2026, HDFCH00858920164," NETBANK, MUMBAI"
, Pradeep Chaudh-1100B0226016713,,,"-1,340.00", 10/03/2026, HDFCH00858923011," NETBANK, MUMBAI"
, Narender Singh-1100B0226016696,,,-218, 10/03/2026, HDFCH00858924103," NETBANK, MUMBAI"
, Pawan-1100B0226016706,,,-800, 10/03/2026, 603104470772," NETBANK, MUMBAI"
, Puneesh Lamba-1100B0226016714,,,"-1,935.00", 10/03/2026, HDFCH00858924115," NETBANK, MUMBAI"
, Avnish Pal-1100B0226016709,,,"-2,912.25", 10/03/2026, 603104470778," NETBANK, MUMBAI"
, Baba Samadhwal-1100B0226016614,,,"-25,208.54", 10/03/2026, HDFCH00858924814," NETBANK, MUMBAI"
, TREIS SOLUTION-1100B0226016580,,,"-87,307.66", 10/03/2026, HDFCH00858923032," NETBANK, MUMBAI"
, VEDA INSTRUMEN-1100B0226016648,,,"-5,664.00", 10/03/2026, HDFCH00858922335," NETBANK, MUMBAI"
, Vishal Conveyo-1100B0226016659,,,"-950,006.87", 10/03/2026, HDFCH00858922353," NETBANK, MUMBAI"
, Ravi Kant sing-1100B0226016717,,,"-1,631.56", 10/03/2026, 603104470802," NETBANK, MUMBAI"
, Acryon Enginee-1100B0226016598,,,"-29,116.50", 10/03/2026, HDFCH00858922359," NETBANK, MUMBAI"
, Ashish Kumar G-1100B0226016708,,,"-5,034.00", 10/03/2026, 603104470776," NETBANK, MUMBAI"
, Beco Internati-1100B0226016604,,,"-4,012.00", 10/03/2026, HDFCH00858923051," NETBANK, MUMBAI"
, Ankur Singh-1100B0226016702,,,"-1,367.80", 10/03/2026, HDFCH00858925824," NETBANK, MUMBAI"
, URBAN METAL -1100B0226016663,,,"-1,783,568.78", 10/03/2026, HDFCH00858924297," NETBANK, MUMBAI"
, HYDRO OIL FILT-1100B0226016618,,,"-19,824.00", 10/03/2026, HDFCH00858922391," NETBANK, MUMBAI"
, KODIAK CONTAIN-1100B0226016649,,,"-7,002.00", 10/03/2026, HDFCH00858923173," NETBANK, MUMBAI"
, Industrial Fir-1100B0226016615,,,"-3,481.00", 10/03/2026, HDFCH00858925903," NETBANK, MUMBAI"
, Anil Kumar Sha-1100B0226016695,,,"-4,579.00", 10/03/2026, HDFCH00858925913," NETBANK, MUMBAI"
, Shah Coal Depo-1100B0226016609,,,"-90,322.00", 10/03/2026, HDFCH00858923449," NETBANK, MUMBAI"
, Bhavya Enginee-1100B0226016569,,,"-4,914.00", 10/03/2026, HDFCH00858924414," NETBANK, MUMBAI"
, Infor India -1100B0226016664,,,"-1,935,900.89", 10/03/2026, HDFCH00858923594," NETBANK, MUMBAI"
, CHOUDHARY KARA-1100B0226016578,,,"-116,227.80", 10/03/2026, HDFCH00858925957," NETBANK, MUMBAI"
, SHAKTI ROADLIN-1100B0226016576,,,"-9,360.00", 10/03/2026, HDFCH00858925959," NETBANK, MUMBAI"
, AUTO RECYCLING-1100B0226016662,,,"-1,721,575.80", 10/03/2026, HDFCH00858925972," NETBANK, MUMBAI"
, Pankaj Gahlot-1100B0226016704,,,"-6,534.99", 10/03/2026, HDFCH00858922583," NETBANK, MUMBAI"
, AMPLE INDUSTRI-1100B0226016591,,,"-21,240.00", 10/03/2026, HDFCH00858925985," NETBANK, MUMBAI"
, REVATHI V-1100B0226016641,,,"-7,200.00", 10/03/2026, HDFCH00858925996," NETBANK, MUMBAI"
, EURO TECH THER-1100B0226016620,,,-354, 10/03/2026, HDFCH00858927814," NETBANK, MUMBAI"
, Jagat Motor St-1100B0226016643,,,"-23,045.40", 10/03/2026, HDFCH00858924623," NETBANK, MUMBAI"
, J.S.D. Enterpr-1100B0226016566,,,"-145,419.37", 10/03/2026, HDFCH00858924675," NETBANK, MUMBAI"
, Devirosh Group-1100B0226016610,,,-826, 10/03/2026, HDFCH00858927875," NETBANK, MUMBAI"
, FANTASTIC HOLI-1100B0226016668,,,"-20,309.00", 10/03/2026, HDFCH00858926812," NETBANK, MUMBAI"
, J.S.D. Enterpr-1100B0226016616,,,"-16,435.51", 10/03/2026, HDFCH00858924951," NETBANK, MUMBAI"
, Prva Industria-1100B0226016607,,,"-21,240.00", 10/03/2026, HDFCH00858924706," NETBANK, MUMBAI"
, GATEWAY DISTRI-1100B0226016653,,,"-212,889.00", 10/03/2026, HDFCH00858920479," NETBANK, MUMBAI"
, SAKSHI TRADERS-1100B0226016647,,,"-7,670.00", 10/03/2026, HDFCH00858928709," NETBANK, MUMBAI"
, VEDA INSTRUMEN-1100B0226016661,,,"-11,800.00", 10/03/2026, HDFCH00858927999," NETBANK, MUMBAI"
, Sanjay Dubey-1100B0226016715,,,"-1,720.00", 10/03/2026, HDFCH00858926123," NETBANK, MUMBAI"
, TRAVENTURE INT-1100B0226016651,,,"-412,620.00", 10/03/2026, HDFCH00858926840," NETBANK, MUMBAI"
, Ram Gopal-1100B0226016697,,,"-1,176.00", 10/03/2026, HDFCH00858928054," NETBANK, MUMBAI"
, ALPHA METALS -1100B0226016590,,,"-2,218,539.95", 10/03/2026, HDFCH00858926216," NETBANK, MUMBAI"
, Wesman Thermal-1100B0226016601,,,"-10,243.34", 10/03/2026, HDFCH00858926265," NETBANK, MUMBAI"
, SETH AIR PRODU-1100B0226016575,,,"-2,891.00", 10/03/2026, HDFCH00858926849," NETBANK, MUMBAI"
, Nandini Enterp-1100B0226016568,,,"-199,538.00", 10/03/2026, HDFCH00858920698," NETBANK, MUMBAI"
, JADE SOLUTIONS-1100B0226016645,,,"-70,870.80", 10/03/2026, HDFCH00858926299," NETBANK, MUMBAI"
, Foseco India L-1100B0226016603,,,"-84,370.00", 10/03/2026, HDFCH00858928107," NETBANK, MUMBAI"
, DURGA TRADERS-1100B0226016573,,,"-63,880.96", 10/03/2026, HDFCH00858926334," NETBANK, MUMBAI"
, Surya Pratap-1100B0226016712,,,"-6,336.25", 10/03/2026, HDFCH00858926907," NETBANK, MUMBAI"
, Mohan Agarwal-1100B0226016666,,,"-2,104,854.00", 10/03/2026, HDFCH00858926343," NETBANK, MUMBAI"
, AMAN TRADING C-1100B0226016583,,,"-6,136.00", 10/03/2026, HDFCH00858928276," NETBANK, MUMBAI"
, R Infotech Sof-1100B0226016602,,,"-3,823.20", 10/03/2026, HDFCH00858928940," NETBANK, MUMBAI"
, Mukesh Kumar J-1100B0226016698,,,"-3,011.50", 10/03/2026, HDFCH00858926351," NETBANK, MUMBAI"
, Ishwar Das Hal-1100B0226016689,,,"-6,659.00", 10/03/2026, HDFCH00858926353," NETBANK, MUMBAI"
, Sanjay Kumar S-1100B0226016703,,,"-5,282.00", 10/03/2026, HDFCH00858928400," NETBANK, MUMBAI"
, VICKY TRADERS-1100B0226016571,,,"-24,367.00", 10/03/2026, HDFCH00858928984," NETBANK, MUMBAI"
, Sourabh Singh-1100B0226016690,,,"-1,208.00", 10/03/2026, HDFCH00858929009," NETBANK, MUMBAI"
, SARDARI LAL AN-1100B0226016623,,,"-10,304.35", 10/03/2026, HDFCH00858928600," NETBANK, MUMBAI"
, parth parekh-1100B0226016700,,,"-1,982.00", 10/03/2026, HDFCH00858929033," NETBANK, MUMBAI"
, Naveen Kumar-1100B0226016694,,,"-4,860.00", 10/03/2026, HDFCH00858926456," NETBANK, MUMBAI"
, Arunesh Kumar-1100B0226016711,,,"-1,351.70", 10/03/2026, HDFCH00858929960," NETBANK, MUMBAI"
, SAKSHI TRADERS-1100B0226016586,,,"-18,880.00", 10/03/2026, HDFCH00858928700," NETBANK, MUMBAI"
, Prdeep Kumar-1100B0226016701,,,"-10,152.49", 10/03/2026, HDFCH00858928707," NETBANK, MUMBAI"
, SANJAY SINGH-1100B0226016710,,,"-3,844.00", 10/03/2026, HDFCH00858926659," NETBANK, MUMBAI"
, Vikas Kumar Mi-1100B0226016716,,,"-2,228.43", 10/03/2026, HDFCH00858927562," NETBANK, MUMBAI"
, Max Spare Limi-1100B0226016611,,,"-19,516.25", 10/03/2026, HDFCH00858925343," NETBANK, MUMBAI"
, Rudra Narayan -1100B0226016718,,,"-11,567.83", 10/03/2026, HDFCH00858929237," NETBANK, MUMBAI"
, ANSHIKA ENTERP-1100B0226016626,,,"-2,632.50", 10/03/2026, HDFCH00858930958," NETBANK, MUMBAI"
, CJ DARCL LOGIS-1100B0226016587,,,"-107,800.00", 10/03/2026, HDFCH00858929306," NETBANK, MUMBAI"
, M S JUPITER PE-1100B0226016660,,,"-1,036,149.41", 10/03/2026, HDFCH00858925411," NETBANK, MUMBAI"
, Parasnath Yada-1100B0226016693,,,"-2,320.00", 10/03/2026, HDFCH00858932335," NETBANK, MUMBAI"
, ABHYANSH SHIPP-1100B0226016654,,,"-194,104.00", 10/03/2026, HDFCH00858930200," NETBANK, MUMBAI"
, AMIT KUMAR-1100B0226016644,,,"-77,915.92", 10/03/2026, HDFCH00858929410," NETBANK, MUMBAI"
, Avideep Indust-1100B0226016599,,,"-22,431.10", 10/03/2026, HDFCH00858929412," NETBANK, MUMBAI"
, Himanshu Gupta-1100B0226016692,,,"-8,156.25", 10/03/2026, HDFCH00858931282," NETBANK, MUMBAI"
, WORTH OF WASTE-1100B0226016622,,,"-1,170,923.85", 10/03/2026, HDFCH00858929430," NETBANK, MUMBAI"
, Foseco India L-1100B0226016548,,,"-126,555.00", 10/03/2026, HDFCH00858933233," NETBANK, MUMBAI"
, GARDEN VIEW HO-1100B0226016628,,,"-11,075.00", 10/03/2026, HDFCH00858930360," NETBANK, MUMBAI"
, Pathik Patel-1100B0226016699,,,"-5,837.30", 10/03/2026, HDFCH00858931449," NETBANK, MUMBAI"
, JHARSUGUDA TRA-1100B0226016582,,,"-1,559,676.80", 10/03/2026, HDFCH00858929565," NETBANK, MUMBAI"
, RTGS Cr ECMS-ICIC0000011-CMRGR1100LCU101832-MANOJ TRADING CO.-235451000006,," 2,216,748.00",, 10/03/2026, ICICR42026031000582836, FORT
, ADVANCE PAYMENT OF IMPORT BILL,,,"-9,461,428.06", 10/03/2026, 612BC09260690065," KUNDLI, SONEPAT"
, FCY OUTWARD REMITTANCE,,,"-219,845.41", 10/03/2026, 612FT01260690063," KUNDLI, SONEPAT"
, RTGS Cr ECMS-ICIC0000011-cmrltd201lcu100720-OM SAI TRADING CASTING WORKS-661305500656,," 1,985,539.00",, 10/03/2026, ICICR42026031000598517, FORT
, FT Cr ECMS-CMRGR1100LCU100335-REHAN TRADERS-50200087498200,," 981,000.00",, 10/03/2026, NB7AI5VQVMPQJT2Z," NETBANK, MUMBAI"
, AUTO SWEEPOUT TO CMR GREEN TECHNOLOGI 57500000342857,, 734.40,, 10/03/2026,, FARIDABAD HARYANA
3/11/2026,Opening balance,"-130,989,198.74",,,,,
, NEFT Cr ECMS-CNRB0019251-CMRLTD151LCU101556-M S ENTERPRISES-92511400000402,," 300,000.00",, 11/03/2026, CNRBH00116858711, FORT
, 603104499765Marriage Gift AMIT 11172,,,"-55,923.00", 11/03/2026, HDFCH00860001207," NETBANK, MUMBAI"
, 603104503516Ishwar Haldkar 10118,,,"-150,000.00", 11/03/2026, HDFCH00859989959," NETBANK, MUMBAI"
, COMM ON EXPORT COLL BILL,,,-177, 11/03/2026, 612BC73260700027," KUNDLI, SONEPAT"
, COMM ON LIQD OF IMP COLL BILL,,,-177, 11/03/2026, 612BC05260700002," KUNDLI, SONEPAT"
, COMM ON LIQD OF IMP COLL BILL,,,-177, 11/03/2026, 612BC05260700003," KUNDLI, SONEPAT"
, COMM ON EXPORT COLL BILL,,,-177, 11/03/2026, 612BC73260700029," KUNDLI, SONEPAT"
, RTGS Cr ECMS-ICIC0000011-CMRGR1100LCU101901-SHREE KRISHANA RECYCLING INDIA-125705001461,," 3,074,844.00",, 11/03/2026, ICICR42026031100531554, FORT
, RTGS Cr ECMS-SVCB0000252-CMRLTD151LCU101330-OM TRADING-300002000005017,," 955,000.00",, 11/03/2026, SVCBR52026031100444893, FORT
, ODEX INDIA SOL-1100B0226016765,,,"-32,981.00", 11/03/2026, HDFCH00860690105," NETBANK, MUMBAI"
, NEFT Cr ECMS-CNRB0019251-CMRLTD151LCU101556-M S ENTERPRISES-92511400000402,," 225,000.00",, 11/03/2026, CNRBH00116950046, FORT
, NEFT Cr-IDIB000M688-GLOBAL VEHICLE WASTE MANAGEMENT LLP-CMR GREEN TECHNOLOGIES LIMITED-IDIBH07033312194,, 296.00,, 11/03/2026, IDIBH07033312194, FORT
, Maersk Line In-1100B0226016773,,,"-46,312.64", 11/03/2026, HDFCH00861000306," NETBANK, MUMBAI"
, COMM ON LIQD OF IMP COLL BILL,,,-177, 11/03/2026, 612BC05260700005," KUNDLI, SONEPAT"
, FT Cr ECMS-CMRGR1100LCU101397-B G ENTERPRISES-50200071110052,," 2,217,000.00",, 11/03/2026, NBJJ9B1AWVFC7F3W," NETBANK, MUMBAI"
, RTGS Cr ECMS-ICIC0000011-CMRLTD201LCU100490-M K TRADERS CASTING-661305500712,," 600,000.00",, 11/03/2026, ICICR42026031100559816, FORT
, RTGS Cr-UTIB0000176-APJ INVESTMENTS PRIVATE LIMITED UNI-CMR Green Technologies Limited-UTIBR72026031100425670,," 5,227,608.00",, 11/03/2026, UTIBR72026031100425670, FORT
, NEFT Cr ECMS-IOBA0001450-CMRGR1100LCU100984-VINAYAK INDUSTRIES-145002000001334,," 2,001,500.00",, 11/03/2026, IOBAN26070244122, FORT
, RTGS Cr-UTIB0000039-CMR GREEN TECHNOLOGIES LIMITED FORMERLY-CENTURY METAL RECYCLING LIMITE-UTIBR62026031162304947,," 50,000,000.00",, 11/03/2026, UTIBR62026031162304947, CMS TF WBO MUMBAI
, RTGS Cr-UTIB0001609-SHRIRAM PISTONS RINGS LIMITED-CMR GREEN TECHNOLOGIES LIMITED-UTIBR72026031100050948,," 9,638,480.94",, 11/03/2026, UTIBR72026031100050948, FORT
, RTGS Cr-KKBK0000958-CMR GREEN TECHNOLOGIES LIMITED-CMR GREEN TECHNOLOGIES LIMITED-KKBKR52026031100054778,," 1,429,176.60",, 11/03/2026, KKBKR52026031100054778, FORT
, FT603116335234-CMR GREEN TECHNOLOGIES L57FT-57500000342857,," 170,000,000.00",, 11/03/2026, 603116335234," NETBANK, MUMBAI"
, 00930310001274-1274,,,"-200,000,000.00", 11/03/2026, 603116337097," NETBANK, MUMBAI"
, 12540310000177-177,,,"-21,000,000.00", 11/03/2026, 603116166655," NETBANK, MUMBAI"
, COMM ON LIQD OF IMP COLL BILL,,,-177, 11/03/2026, 612BC05260700006," KUNDLI, SONEPAT"
, RTGS Cr-KKBK0000958-CMR GREEN TECHNOLOGIES LIMITED-CMR GREEN TECHNOLOGIES LIMITED-KKBKR52026031100040252,," 3,530,731.50",, 11/03/2026, KKBKR52026031100040252, FORT
, RTGS Cr ECMS-UBIN0535443-CMRGR1100LSU105359-MOURYA ENTERPRISES-354401010036892,," 1,167,000.00",, 11/03/2026, UBINR22026031101158758, FORT
, LIQUIDATION OF IMP COLL BILL,,,"-3,682,553.47", 11/03/2026, 612BC05260360001," KUNDLI, SONEPAT"
, LIQUIDATION OF IMP COLL BILL,,,"-4,525,487.33", 11/03/2026, 612BC05260620005," KUNDLI, SONEPAT"
, RTGS Cr ECMS-KKBK0000958-CMRGR1100LCU101760-NIA METALS-3347508444,," 250,000.00",, 11/03/2026, KKBKR52026031100894148, FORT
, RTGS Cr-SBIN0004266-CRAFTSMAN AUTOMATION LIMITED-CMR GREEN TECHNOLOGIES LIMITED-SBINR12026031119788380,," 1,452,127.00",, 11/03/2026, SBINR12026031119788380, FORT
, RTGS Cr ECMS-UTIB0002437-CMRGR1100LCU101541-MEHAK TRADING CASTING WORKS-922020029366131,," 2,000,000.00",, 11/03/2026, UTIBR72026031100580688, FORT
, AUTO SWEEPOUT TO CMR GREEN TECHNOLOGI 57500000342857,," 11,431,023.83",, 11/03/2026,, FARIDABAD HARYANA
, AUTO SWEEPOUT TO CMR GREEN TECHNOLOGI 12540310000177,," 20,999,646.00",, 11/03/2026,, SRIPERAMBUDUR
3/12/2026,Opening balance,"-73,984,084.31",,,,,
, RTGS Cr ECMS-UTIB0002437-CMRGR1100LCU101541-MEHAK TRADING CASTING WORKS-922020029366131,," 216,748.00",, 12/03/2026, UTIBR72026031200570384, FORT
, RTGS Cr ECMS-ICIC0000011-CMRGR1100LCU101579-SHIVAANYA METAL ALLOYS-032705008599,," 3,044,400.00",, 12/03/2026, ICICR42026031200504573, FORT
, FT-IOCLMDTA343014-Indian Oil Corporation Ltd.Roorkee,,,"-945,360.00", 12/03/2026, 603126697057," NETBANK, MUMBAI"
, IMPS CR ECMS-9229-CMRLTD201LCU100490-M K TRADERS & CASTIN-661305500712,," 10,000.00",, 12/03/2026, 607110309961, FARIDABAD HARYANA
, FT Cr ECMS-CMRLTD201LCU100820-MOHINI INDUSTRIES-50200033588193,," 1,525,500.00",, 12/03/2026, NBOESZWV78CBR7FF," NETBANK, MUMBAI"
, FULL MOON ENTE-1100B0226016800,,,"-1,320,951.00", 12/03/2026, 603126791478," NETBANK, MUMBAI"
, ODEX INDIA SOL-1100B0226016808,,,"-13,161.15", 12/03/2026, HDFCH00862955625," NETBANK, MUMBAI"
, IMPS CR ECMS-9015-CMRGR1100LCU100174-AARTI ENTERPRISES-8430201000281,," 400,000.00",, 12/03/2026, 607112857994, FARIDABAD HARYANA
, IMPS CR ECMS-9015-CMRGR1100LCU100174-AARTI ENTERPRISES-8430201000281,," 100,000.00",, 12/03/2026, 607113865117, FARIDABAD HARYANA
, RTGS Cr-UTIB0000039-CMR GREEN TECHNOLOGIES LIMITED FORMERLY-CENTURY METAL RECYCLING LIMITE-UTIBR62026031262493510,," 40,000,000.00",, 12/03/2026, UTIBR62026031262493510, CMS TF WBO MUMBAI
, 12540310000177-177,,,"-21,000,000.00", 12/03/2026, 603126957057," NETBANK, MUMBAI"
, 57500000863497-eco,,,"-20,000,000.00", 12/03/2026, 603126957559," NETBANK, MUMBAI"
, RTGS Cr ECMS-UBIN0535443-CMRGR1100LCU101948-H.R.PRECISION TOOLS-354401010035039,," 620,000.00",, 12/03/2026, UBINR22026031201232660, FORT
, IMPS CR ECMS-9485-CMRGR1100LCU101760-NIA METALS-3347508444,," 20,000.00",, 12/03/2026, 607115469023, FARIDABAD HARYANA
, ODEX INDIA SOL-1100B0226016846,,,"-14,160.00", 12/03/2026, HDFCH00863560092," NETBANK, MUMBAI"
, ODEX INDIA SOL-1100B0226016845,,,"-129,765.78", 12/03/2026, HDFCH00863564904," NETBANK, MUMBAI"
, RTGS Cr-SBIN0004298-CMR NIKKEI INDIA PVT LTD-Century Metal Recycling Limited-SBINR12026031219906729,," 10,000,000.00",, 12/03/2026, SBINR12026031219906729, CMS TF WBO MUMBAI
, RTGS Cr-SBIN0004298-CMR NIKKEI INDIA PVT LTD-Century Metal Recycling Limited-SBINR12026031219906642,," 10,000,000.00",, 12/03/2026, SBINR12026031219906642, CMS TF WBO MUMBAI
, RTGS Cr-SBIN0004298-CMR NIKKEI INDIA PVT LTD-Century Metal Recycling Limited-SBINR12026031219906691,," 10,000,000.00",, 12/03/2026, SBINR12026031219906691, CMS TF WBO MUMBAI
, RTGS Cr-SBIN0004298-CMR NIKKEI INDIA PVT LTD-Century Metal Recycling Limited-SBINR12026031219906615,," 10,000,000.00",, 12/03/2026, SBINR12026031219906615, CMS TF WBO MUMBAI
, RTGS Cr-SBIN0004298-CMR NIKKEI INDIA PVT LTD-Century Metal Recycling Limited-SBINR12026031219906643,," 10,000,000.00",, 12/03/2026, SBINR12026031219906643, CMS TF WBO MUMBAI
, RTGS Cr-SBIN0004298-CMR NIKKEI INDIA PVT LTD-Century Metal Recycling Limited-SBINR12026031219906639,," 10,000,000.00",, 12/03/2026, SBINR12026031219906639, CMS TF WBO MUMBAI
, RTGS Cr-SBIN0004298-CMR NIKKEI INDIA PVT LTD-Century Metal Recycling Limited-SBINR12026031219906606,," 10,000,000.00",, 12/03/2026, SBINR12026031219906606, CMS TF WBO MUMBAI
, RTGS Cr-SBIN0004298-CMR NIKKEI INDIA PVT LTD-Century Metal Recycling Limited-SBINR12026031219906692,," 10,000,000.00",, 12/03/2026, SBINR12026031219906692, CMS TF WBO MUMBAI
, RTGS Cr-SBIN0004298-CMR NIKKEI INDIA PVT LTD-Century Metal Recycling Limited-SBINR12026031219906637,," 10,000,000.00",, 12/03/2026, SBINR12026031219906637, CMS TF WBO MUMBAI
, RTGS Cr-SBIN0004298-CMR NIKKEI INDIA PVT LTD-Century Metal Recycling Limited-SBINR12026031219906727,," 10,000,000.00",, 12/03/2026, SBINR12026031219906727, CMS TF WBO MUMBAI
, RTGS Cr-SBIN0004298-CMR TOYOTSU ALUMINIUM INDIA PVT LT-Century Metal Recycling Limited-SBINR12026031219907516,," 10,000,000.00",, 12/03/2026, SBINR12026031219907516, CMS TF WBO MUMBAI
, RTGS Cr-SBIN0004298-CMR TOYOTSU ALUMINIUM INDIA PVT LT-Century Metal Recycling Limited-SBINR12026031219907462,," 10,000,000.00",, 12/03/2026, SBINR12026031219907462, CMS TF WBO MUMBAI
, RTGS Cr-SBIN0004298-CMR TOYOTSU ALUMINIUM INDIA PVT LT-Century Metal Recycling Limited-SBINR12026031219907523,," 10,000,000.00",, 12/03/2026, SBINR12026031219907523, CMS TF WBO MUMBAI
, RTGS Cr-SBIN0004298-CMR TOYOTSU ALUMINIUM INDIA PVT LT-Century Metal Recycling Limited-SBINR12026031219907515,," 10,000,000.00",, 12/03/2026, SBINR12026031219907515, CMS TF WBO MUMBAI
, RTGS Cr-SBIN0004298-CMR TOYOTSU ALUMINIUM INDIA PVT LT-Century Metal Recycling Limited-SBINR12026031219907528,," 10,000,000.00",, 12/03/2026, SBINR12026031219907528, CMS TF WBO MUMBAI
, RTGS Cr-SBIN0004298-CMR TOYOTSU ALUMINIUM INDIA PVT LT-Century Metal Recycling Limited-SBINR12026031219907527,," 10,000,000.00",, 12/03/2026, SBINR12026031219907527, CMS TF WBO MUMBAI
, RTGS Cr-SBIN0004298-CMR TOYOTSU ALUMINIUM INDIA PVT LT-Century Metal Recycling Limited-SBINR12026031219907519,," 10,000,000.00",, 12/03/2026, SBINR12026031219907519, CMS TF WBO MUMBAI
, RTGS Cr-SBIN0004298-CMR TOYOTSU ALUMINIUM INDIA PVT LT-Century Metal Recycling Limited-SBINR12026031219907530,," 10,000,000.00",, 12/03/2026, SBINR12026031219907530, CMS TF WBO MUMBAI
, RTGS Cr-SBIN0004298-CMR TOYOTSU ALUMINIUM INDIA PVT LT-Century Metal Recycling Limited-SBINR12026031219907520,," 10,000,000.00",, 12/03/2026, SBINR12026031219907520, CMS TF WBO MUMBAI
, RTGS Cr-SBIN0004298-CMR TOYOTSU ALUMINIUM INDIA PVT LT-Century Metal Recycling Limited-SBINR12026031219907522,," 10,000,000.00",, 12/03/2026, SBINR12026031219907522, CMS TF WBO MUMBAI
, RTGS Cr-SBIN0004298-M s Century Metal Recycling Private-Century Metal Rceycling Pvt Ltd-SBINR12026031219908394,," 10,000,000.00",, 12/03/2026, SBINR12026031219908394, CMS TF WBO MUMBAI
, RTGS Cr-SBIN0004298-M s Century Metal Recycling Private-Century Metal Rceycling Pvt Ltd-SBINR12026031219908358,," 10,000,000.00",, 12/03/2026, SBINR12026031219908358, CMS TF WBO MUMBAI
, RTGS Cr-SBIN0004298-M s Century Metal Recycling Private-Century Metal Rceycling Pvt Ltd-SBINR12026031219908243,," 10,000,000.00",, 12/03/2026, SBINR12026031219908243, CMS TF WBO MUMBAI
, RTGS Cr-SBIN0004298-M s Century Metal Recycling Private-Century Metal Rceycling Pvt Ltd-SBINR12026031219908360,," 10,000,000.00",, 12/03/2026, SBINR12026031219908360, CMS TF WBO MUMBAI
, RTGS Cr-SBIN0004298-M s Century Metal Recycling Private-Century Metal Rceycling Pvt Ltd-SBINR12026031219908392,," 10,000,000.00",, 12/03/2026, SBINR12026031219908392, CMS TF WBO MUMBAI
, RTGS Cr-SBIN0004298-M s Century Metal Recycling Private-Century Metal Rceycling Pvt Ltd-SBINR12026031219908356,," 10,000,000.00",, 12/03/2026, SBINR12026031219908356, CMS TF WBO MUMBAI
, RTGS Cr-SBIN0004298-M s Century Metal Recycling Private-Century Metal Rceycling Pvt Ltd-SBINR12026031219908351,," 10,000,000.00",, 12/03/2026, SBINR12026031219908351, CMS TF WBO MUMBAI
, RTGS Cr-SBIN0004298-M s Century Metal Recycling Private-Century Metal Rceycling Pvt Ltd-SBINR12026031219908245,," 10,000,000.00",, 12/03/2026, SBINR12026031219908245, CMS TF WBO MUMBAI
, RTGS Cr-SBIN0004298-M s Century Metal Recycling Private-Century Metal Rceycling Pvt Ltd-SBINR12026031219908205,," 10,000,000.00",, 12/03/2026, SBINR12026031219908205, CMS TF WBO MUMBAI
, RTGS Cr-SBIN0004298-M s Century Metal Recycling Private-Century Metal Rceycling Pvt Ltd-SBINR12026031219908391,," 10,000,000.00",, 12/03/2026, SBINR12026031219908391, CMS TF WBO MUMBAI
, RTGS Cr-SBIN0004298-M s Century Metal Recycling Private-Century Metal Rceycling Pvt Ltd-SBINR12026031219908388,," 10,000,000.00",, 12/03/2026, SBINR12026031219908388, CMS TF WBO MUMBAI
, RTGS Cr-SBIN0004298-M s Century Metal Recycling Private-Century Metal Rceycling Pvt Ltd-SBINR12026031219908393,," 10,000,000.00",, 12/03/2026, SBINR12026031219908393, CMS TF WBO MUMBAI
, RTGS Cr-SBIN0004298-M s Century Metal Recycling Private-Century Metal Rceycling Pvt Ltd-SBINR12026031219908415,," 10,000,000.00",, 12/03/2026, SBINR12026031219908415, CMS TF WBO MUMBAI
, RTGS Cr-SBIN0004298-M s Century Metal Recycling Private-Century Metal Rceycling Pvt Ltd-SBINR12026031219908387,," 10,000,000.00",, 12/03/2026, SBINR12026031219908387, CMS TF WBO MUMBAI
, RTGS Cr-SBIN0004298-M s Century Metal Recycling Private-Century Metal Rceycling Pvt Ltd-SBINR12026031219908413,," 10,000,000.00",, 12/03/2026, SBINR12026031219908413, CMS TF WBO MUMBAI
, FT603127323601-CMR ALUMINIUM PRIVATE LTD FT 0028-57500000540028,," 60,000,000.00",, 12/03/2026, 603127323601," NETBANK, MUMBAI"
, FT603127333958-CMR TOYOTSU ALUMINIUM INDIA PL FT-00930310001264,," 20,000,000.00",, 12/03/2026, 603127333958," NETBANK, MUMBAI"
, 57500000342857-2857,,,"-422,000,000.00", 12/03/2026, 603127331898," NETBANK, MUMBAI"
, AGGARWAL ALUMI-1100B0226016837,,,-317, 12/03/2026, 603126838252," NETBANK, MUMBAI"
, URS CERTIFICAT-1100B0226016804,,,"-21,600.00", 12/03/2026, 603126798724," NETBANK, MUMBAI"
, PRIME OVERSEAS-1100B0226016832,,,-635, 12/03/2026, 603126838265," NETBANK, MUMBAI"
, CARBON CHECK -1100B0226016802,,,"-140,400.00", 12/03/2026, 603126793346," NETBANK, MUMBAI"
, NPR ASSOCIATES-1100B0226016816,,,"-112,199.40", 12/03/2026, 603126820460," NETBANK, MUMBAI"
, NINE TAUR MA-1100B0226016805,,,"-1,827,151.56", 12/03/2026, 603126796406," NETBANK, MUMBAI"
, PEE GEE TRADIN-1100B0226016830,,,"-1,081.00", 12/03/2026, 603126838260," NETBANK, MUMBAI"
, SCOPE OVERSEAS-1100B0226016835,,,-283, 12/03/2026, 603126838247," NETBANK, MUMBAI"
, DURGA TRADERS-1100B0226016811,,,"-15,714.43", 12/03/2026, HDFCH00864006154," NETBANK, MUMBAI"
, M S GOLDEN ENT-1100B0226016834,,,-72, 12/03/2026, HDFCH00864014430," NETBANK, MUMBAI"
, Allcast Metals-1100B0226016810,,,"-73,160.00", 12/03/2026, HDFCH00864012630," NETBANK, MUMBAI"
, GUNGUN CANTEEN-1100B0226016827,,,"-373,544.60", 12/03/2026, HDFCH00864014040," NETBANK, MUMBAI"
, Hamraj Enterpr-1100B0226016797,,,"-4,366.00", 12/03/2026, HDFCH00864014041," NETBANK, MUMBAI"
, SHIVAY ULTIMAT-1100B0226016828,,,"-2,237,621.46", 12/03/2026, HDFCH00864016189," NETBANK, MUMBAI"
, ANSH ENTERPRIS-1100B0226016836,,,-56, 12/03/2026, HDFCH00864014438," NETBANK, MUMBAI"
, LOGISNEXT INDI-1100B0226016812,,,"-24,911.50", 12/03/2026, HDFCH00864014059," NETBANK, MUMBAI"
, METAL FINISHIN-1100B0226016798,,,"-171,000.00", 12/03/2026, HDFCH00864014441," NETBANK, MUMBAI"
, ATIF TRADING C-1100B0226016833,,,"-2,479,155.84", 12/03/2026, HDFCH00864011760," NETBANK, MUMBAI"
, CMS IT SERVICE-1100B0226016813,,,"-322,999.82", 12/03/2026, HDFCH00864014445," NETBANK, MUMBAI"
, EECO PORTABLE -1100B0226016801,,,"-90,000.00", 12/03/2026, HDFCH00864014070," NETBANK, MUMBAI"
, ABACUS COMMUNI-1100B0226016799,,,"-381,900.00", 12/03/2026, HDFCH00864015346," NETBANK, MUMBAI"
, A R STEEL-1100B0226016826,,,-304, 12/03/2026, HDFCH00864014449," NETBANK, MUMBAI"
, NABIYA TRADERS-1100B0226016831,,,-883, 12/03/2026, HDFCH00864016298," NETBANK, MUMBAI"
, UNIVERSAL META-1100B0226016823,,,"-1,656,236.53", 12/03/2026, HDFCH00864015352," NETBANK, MUMBAI"
, NATIONAL ENTER-1100B0226016829,,,-285, 12/03/2026, HDFCH00864014451," NETBANK, MUMBAI"
, OVERZEAL TRADE-1100B0226016822,,,"-2,282,775.55", 12/03/2026, HDFCH00864015358," NETBANK, MUMBAI"
, BRINDA CORPORA-1100B0226016803,,,"-98,919.40", 12/03/2026, HDFCH00864014452," NETBANK, MUMBAI"
, JASAWAT INDUST-1100B0226016796,,,"-129,092.00", 12/03/2026, HDFCH00864012728," NETBANK, MUMBAI"
, 603126729107Pramod Ray 15636,,,"-100,000.00", 12/03/2026, HDFCH00864024583," NETBANK, MUMBAI"
, Maersk Line In-1100B0226016852,,,"-147,417.40", 12/03/2026, HDFCH00864201435," NETBANK, MUMBAI"
, RTGS Cr-ICIC0099999-RICO AUTO INDUSTRIES LIMITED-CMR GREEN TECHNOLOGIES LIMITED-ICICR22026031215018877,," 5,401,075.96",, 12/03/2026, ICICR22026031215018877, FORT
, COMM ON LIQD OF IMP COLL BILL,,,-177, 12/03/2026, 612BC05260710003," KUNDLI, SONEPAT"
, COMM ON LIQD OF IMP COLL BILL,,,-177, 12/03/2026, 612BC05260710002," KUNDLI, SONEPAT"
, COMM ON LIQD OF IMP COLL BILL,,,-177, 12/03/2026, 612BC05260710004," KUNDLI, SONEPAT"
, AUTO SWEEPOUT TO CMR GREEN TECHNOLOGI 57500000342857,," 2,971,351.09",, 12/03/2026,, FARIDABAD HARYANA
, AUTO SWEEPOUT TO CMR GREEN TECHNOLOGI 12540310000177,," 15,052,378.44",, 12/03/2026,, SRIPERAMBUDUR
3/13/2026,Opening balance,"-52,740,641.24",,,,,
, IMPS CR ECMS-9015-CMRGR1100LCU101892-NEW ASIA METAL INDUS-3258201000600,," 303,909.00",, 13/03/2026, 607201039978, FARIDABAD HARYANA
, Maersk Line In-1100B0226016849,,,"-456,789.80", 13/03/2026, HDFCH00864556563," NETBANK, MUMBAI"
, Maersk Line In-1100B0226016850,,,"-306,162.80", 13/03/2026, HDFCH00864573986," NETBANK, MUMBAI"
, Maersk Line In-1100B0226016851,,,"-206,747.80", 13/03/2026, HDFCH00864573999," NETBANK, MUMBAI"
, RTGS Cr ECMS-UTIB0003202-CMRGR1100LCU101110-OM NAMO METAL-922020066935237,," 434,000.00",, 13/03/2026, UTIBR72026031300570474, FORT
, FT Cr ECMS-CMRGR1100LCU100767-PEEYUSH METAL-50200073483622,," 3,103,400.00",, 13/03/2026, 1520738012, CBX Internet System Mumbai
, RTGS Cr ECMS-KKBK0000958-CMRGR1100LCU100496-GMC ENTERPRISES-0747497392,," 1,551,700.00",, 13/03/2026, KKBKR12026031300774740, FORT
, RTGS Cr ECMS-BARB0ALIGAR-CMRGR1100LCU100496-GMC ENTERPRISES-05830200000426,," 1,534,000.00",, 13/03/2026, BARBR52026031300879737, FORT
, IMPS CR ECMS-7217-CMRGR1100LCU101748-N F METALS RECYCLING-053126900000091,," 89,385.00",, 13/03/2026, 607277292713, FARIDABAD HARYANA
, FT-HIZINC7795-Hindustan Zinc Ltd.,,,"-30,692,367.46", 13/03/2026, 603126817829," NETBANK, MUMBAI"
, P.G. Internati-1100B0226016817,,,"-12,482,995.17", 13/03/2026, HDFCH00864772200," NETBANK, MUMBAI"
, JK CIVIL CONST-1100B0226016809,,,"-3,289,514.24", 13/03/2026, HDFCH00864771219," NETBANK, MUMBAI"
, OMKAR METAL-1100B0226016821,,,"-8,529,198.09", 13/03/2026, HDFCH00864776755," NETBANK, MUMBAI"
, M S MITTALICS -1100B0226016820,,,"-2,591,260.39", 13/03/2026, HDFCH00864771223," NETBANK, MUMBAI"
, HUDEI METALS P-1100B0226016819,,,"-7,510,598.31", 13/03/2026, HDFCH00864772204," NETBANK, MUMBAI"
, SHREE KALYAN C-1100B0226016838,,,"-3,661,647.67", 13/03/2026, HDFCH00864772205," NETBANK, MUMBAI"
, ALPHA METALS -1100B0226016824,,,"-3,426,540.77", 13/03/2026, HDFCH00864771271," NETBANK, MUMBAI"
, BHAGWATI ENTER-1100B0226016825,,,"-2,960,317.80", 13/03/2026, HDFCH00864775043," NETBANK, MUMBAI"
, SWASTIK INTERN-1100B0226016818,,,"-2,778,399.12", 13/03/2026, HDFCH00864775044," NETBANK, MUMBAI"
, FT-HIZINC7904-Hindustan Zinc Ltd.,,,"-14,846,607.46", 13/03/2026, 603126819060," NETBANK, MUMBAI"
, AMAIRA METALS-1100B0226016857,,,"-6,769,722.32", 13/03/2026, 603127516544," NETBANK, MUMBAI"
, IMPS CR ECMS-9052-CMRGR1100LCU101769-AMAN ENTERPRISES-0667202500004701,," 31,500.00",, 13/03/2026, 607245523770, FARIDABAD HARYANA
, IMPS CR ECMS-9211-CMRGR1100LCU101769-NAEEMJAVED-919020035458367,," 14,000.00",, 13/03/2026, 607279172679, FARIDABAD HARYANA
, IMPS CR ECMS-9015-CMRGR1100LCU100174-AARTI ENTERPRISES-8430201000281,," 479,000.00",, 13/03/2026, 607212114023, FARIDABAD HARYANA
, ODEX INDIA SOL-1100B0226016873,,,"-32,981.00", 13/03/2026, HDFCH00865170710," NETBANK, MUMBAI"
, Maersk Line In-1100B0226016869,,,"-131,757.62", 13/03/2026, HDFCH00865169028," NETBANK, MUMBAI"
, Maersk Line In-1100B0226016868,,,"-504,992.80", 13/03/2026, HDFCH00865173404," NETBANK, MUMBAI"
, Maersk Line In-1100B0226016867,,,"-131,286.80", 13/03/2026, HDFCH00865169043," NETBANK, MUMBAI"
, ODEX INDIA SOL-1100B0226016861,,,"-1,075,348.16", 13/03/2026, HDFCH00865173413," NETBANK, MUMBAI"
, Maersk Line In-1100B0226016870,,,"-131,286.80", 13/03/2026, HDFCH00865171960," NETBANK, MUMBAI"
, Maersk Line In-1100B0226016871,,,"-7,080.00", 13/03/2026, HDFCH00865172765," NETBANK, MUMBAI"
, NEFT Cr ECMS-CNRB0019251-CMRLTD151LCU101556-M S ENTERPRISES-92511400000402,," 513,000.00",, 13/03/2026, CNRBH00117583684, FORT
, NEFT Cr ECMS-CNRB0019251-CMRLTD151LCU101556-M S ENTERPRISES-92511400000402,," 59,000.00",, 13/03/2026, CNRBH00117589812, FORT
, RTGS Cr ECMS-CNRB0008423-CMRGE1100LCU101988-YASHASVI ENTERPRISES-120038713154,," 681,000.00",, 13/03/2026, CNRBR52026031380043936, FORT
, RTGS Cr ECMS-UTIB0003112-CMRLTD151LCU101486-ADITYA ENTERPRISES-921020054868210,," 690,000.00",, 13/03/2026, UTIBR72026031300574788, FORT
, RTGS Cr ECMS-SVCB0000252-CMRLTD151LCU101330-OM TRADING-300002000005017,," 680,000.00",, 13/03/2026, SVCBR52026031300453635, FORT
, LOCAL BILL DISCOUNTED,," 166,850,312.39",, 13/03/2026, 612SB04260720001," KUNDLI, SONEPAT"
, LOCAL BILL DISCOUNTED,," 102,653,863.46",, 13/03/2026, 612SB04260720002," KUNDLI, SONEPAT"
, SWASTIK INTERN-1100B0226016856,,,"-1,609,824.72", 13/03/2026, HDFCH00865494712," NETBANK, MUMBAI"
, SHARMA METAL-1100B0226016854,,,"-2,078,812.80", 13/03/2026, HDFCH00865497960," NETBANK, MUMBAI"
, SCOPE OVERSEAS-1100B0226016855,,,"-2,315,715.86", 13/03/2026, 603127511278," NETBANK, MUMBAI"
, RTGS Cr ECMS-ICIC0000011-CMRGR1100LCU101832-MANOJ TRADING CO.-235451000006,," 2,216,700.00",, 13/03/2026, ICICR42026031300547045, FORT
, IMPS CR ECMS-9015-CMRGR1100LCU100174-AARTI ENTERPRISES-8430201000281,," 21,000.00",, 13/03/2026, 607215164696, FARIDABAD HARYANA
, LOCAL BILL DISCOUNTED,," 96,251,189.36",, 13/03/2026, 612SB04260720003," KUNDLI, SONEPAT"
, LOCAL BILL DISCOUNTED,," 71,206,521.90",, 13/03/2026, 612SB04260720004," KUNDLI, SONEPAT"
, 57500000863497-eco,,,"-10,000,000.00", 13/03/2026, 603138146963," NETBANK, MUMBAI"
, 57500000342857-2857,,,"-220,000,000.00", 13/03/2026, 603138142948," NETBANK, MUMBAI"
, 12540310000177-177,,,"-50,900,000.00", 13/03/2026, 603138135427," NETBANK, MUMBAI"
, ELECTRIC MAC-1100B0226016853,,,"-2,036,337.00", 13/03/2026, HDFCH00865769938," NETBANK, MUMBAI"
, Maruti Suzuki -1100B0226016892,,,"-2,490,000.00", 13/03/2026, HDFCH00865766721," NETBANK, MUMBAI"
, RTGS Cr ECMS-UTIB0001602-CMRLTD201LCU100885-BALAJI METAL-919020028918184,," 1,983,500.00",, 13/03/2026, UTIBR72026031300577189, FORT
, RTGS Cr ECMS-KKBK0000958-CMRGR1100LCU101823-NAMAN SS PRIVATE LIMITED-5748189215,," 3,440,130.00",, 13/03/2026, KKBKR22026031321665683, FORT
, LIQUIDATION OF IMP COLL BILL,,,"-2,521,147.93", 13/03/2026, 612BC05260340005," KUNDLI, SONEPAT"
, Mohini Industr-1100B0226016907,,,"-351,412.70", 13/03/2026, 603138188282," NETBANK, MUMBAI"
, VISHNU VIHAN F-1100B0226016937,,,"-64,833.00", 13/03/2026, 603138188232," NETBANK, MUMBAI"
, SHREE JEE META-1100B0226016926,,,"-93,841.00", 13/03/2026, 603138188198," NETBANK, MUMBAI"
, Rehan Traders-1100B0226016903,,,"-37,348.00", 13/03/2026, 603138188209," NETBANK, MUMBAI"
, S G M METAL CO-1100B0226016929,,,"-72,844.00", 13/03/2026, 603138188204," NETBANK, MUMBAI"
, BANSAL STEEL-1100B0226016934,,,"-73,149.00", 13/03/2026, 603138188220," NETBANK, MUMBAI"
, BAHUBALI NAMO -1100B0226016946,,,"-225,694.90", 13/03/2026, 603138188269," NETBANK, MUMBAI"
, SUNLITE RECYCL-1100B0226016930,,,"-1,689,162.00", 13/03/2026, 603138188207," NETBANK, MUMBAI"
, SHRI JI METAL -1100B0226016923,,,"-52,726.08", 13/03/2026, 603138188191," NETBANK, MUMBAI"
, PR METAL ALLOY-1100B0226016924,,,"-42,170.64", 13/03/2026, 603138188193," NETBANK, MUMBAI"
, UTKARSHA METAL-1100B0226016896,,,"-1,935,965.15", 13/03/2026, 603138160227," NETBANK, MUMBAI"
, India Metal Ca-1100B0226016910,,,"-100,126.80", 13/03/2026, HDFCH00865986583," NETBANK, MUMBAI"
, WHITEROCK-1100B0226016916,,,"-106,217.94", 13/03/2026, HDFCH00865988892," NETBANK, MUMBAI"
, Indian Metal S-1100B0226016902,,,"-45,490.24", 13/03/2026, HDFCH00865987917," NETBANK, MUMBAI"
, K K STEELS-1100B0226016908,,,"-310,493.66", 13/03/2026, HDFCH00865980457," NETBANK, MUMBAI"
, VIPUL ENTERPRI-1100B0226016918,,,"-106,679.00", 13/03/2026, HDFCH00865988910," NETBANK, MUMBAI"
, Peeyush Metal-1100B0226016906,,,"-98,533.44", 13/03/2026, 603138188280," NETBANK, MUMBAI"
, MANOJ TRADING -1100B0226016935,,,"-158,834.20", 13/03/2026, HDFCH00865980467," NETBANK, MUMBAI"
, SHRI KRISHNA M-1100B0226016939,,,"-357,474.68", 13/03/2026, HDFCH00865987938," NETBANK, MUMBAI"
, K.P.ENTERPRISE-1100B0226016922,,,"-14,655.00", 13/03/2026, HDFCH00865987227," NETBANK, MUMBAI"
, TS ENTERPRISES-1100B0226016944,,,"-40,052.40", 13/03/2026, 603138188264," NETBANK, MUMBAI"
, OPTIMA METAL R-1100B0226016921,,,"-31,678.00", 13/03/2026, HDFCH00865987231," NETBANK, MUMBAI"
, RITIK TRADING -1100B0226016932,,,"-143,652.00", 13/03/2026, HDFCH00865980478," NETBANK, MUMBAI"
, Jai Durge Ente-1100B0226016911,,,"-74,273.10", 13/03/2026, HDFCH00865987956," NETBANK, MUMBAI"
, MOHAN SHYAM ME-1100B0226016925,,,"-25,956.32", 13/03/2026, HDFCH00865986643," NETBANK, MUMBAI"
, PRATEEK TRADER-1100B0226016942,,,"-88,370.00", 13/03/2026, 603138188257," NETBANK, MUMBAI"
, Mascot Recycli-1100B0226016895,,,"-2,445,195.97", 13/03/2026, HDFCH00865986650," NETBANK, MUMBAI"
, BALAJI METAL-1100B0226016909,,,"-77,703.00", 13/03/2026, HDFCH00865986657," NETBANK, MUMBAI"
, URBAN METAL -1100B0226016897,,,"-518,560.42", 13/03/2026, HDFCH00865980506," NETBANK, MUMBAI"
, Vinayak Indust-1100B0226016912,,,"-131,384.40", 13/03/2026, HDFCH00865987967," NETBANK, MUMBAI"
, DV GLOBEX-1100B0226016943,,,"-16,251.40", 13/03/2026, 603138188261," NETBANK, MUMBAI"
, G.M.C Enterpri-1100B0226016904,,,"-103,613.00", 13/03/2026, HDFCH00865987978," NETBANK, MUMBAI"
, MEHAK TRADING -1100B0226016927,,,"-149,169.00", 13/03/2026, HDFCH00865980522," NETBANK, MUMBAI"
, SHARMA METAL-1100B0226016898,,,"-940,995.92", 13/03/2026, HDFCH00865988970," NETBANK, MUMBAI"
, R. P. Metal Me-1100B0226016905,,,"-36,034.18", 13/03/2026, HDFCH00865987295," NETBANK, MUMBAI"
, JMD METALS REC-1100B0226016938,,,"-135,677.60", 13/03/2026, HDFCH00865982551," NETBANK, MUMBAI"
, MAHAKAL ENTERP-1100B0226016917,,,"-43,041.60", 13/03/2026, HDFCH00865980554," NETBANK, MUMBAI"
, SUSHILA ENTERP-1100B0226016915,,,"-146,954.40", 13/03/2026, HDFCH00865980555," NETBANK, MUMBAI"
, MATHURIA TRADE-1100B0226016933,,,"-56,680.00", 13/03/2026, HDFCH00865988992," NETBANK, MUMBAI"
, SINGHAL CHEMIC-1100B0226016941,,,"-56,695.33", 13/03/2026, HDFCH00865987995," NETBANK, MUMBAI"
, S.M METALS-1100B0226016919,,,"-34,857.92", 13/03/2026, HDFCH00865980569," NETBANK, MUMBAI"
, SHIVAANYA META-1100B0226016931,,,"-103,621.14", 13/03/2026, HDFCH00865988005," NETBANK, MUMBAI"
, Maruti Suzuki -1100B0226016891,,,"-2,490,000.00", 13/03/2026, HDFCH00865982567," NETBANK, MUMBAI"
, KPS PRODUCTS-1100B0226016914,,,"-618,832.00", 13/03/2026, HDFCH00865987399," NETBANK, MUMBAI"
, MOREY TRADERS-1100B0226016940,,,"-59,700.00", 13/03/2026, HDFCH00865980592," NETBANK, MUMBAI"
, SS METALS ENTE-1100B0226016936,,,"-153,059.60", 13/03/2026, HDFCH00865989725," NETBANK, MUMBAI"
, OM TRADING-1100B0226016920,,,"-37,138.00", 13/03/2026, HDFCH00865980604," NETBANK, MUMBAI"
, GOYAL METAL -1100B0226016928,,,"-299,310.24", 13/03/2026, HDFCH00865980605," NETBANK, MUMBAI"
, Bright Industr-1100B0226016901,,,"-10,404.00", 13/03/2026, HDFCH00865980614," NETBANK, MUMBAI"
, CHETAN TRADE E-1100B0226016949,,,"-106,307.00", 13/03/2026, HDFCH00865995719," NETBANK, MUMBAI"
, U.P. Green Rec-1100B0226016947,,,"-327,420.00", 13/03/2026, HDFCH00865993847," NETBANK, MUMBAI"
, MOURYA ENTERPR-1100B0226016948,,,"-57,963.60", 13/03/2026, HDFCH00865995722," NETBANK, MUMBAI"
, Cosco Shipping-1100B0226016952,,,"-109,341.60", 13/03/2026, HDFCH00865992323," NETBANK, MUMBAI"
, CCH3EV91ELHNT9_DHBV-DHBVNL,,,"-357,725.00", 13/03/2026, 603138148496," NETBANK, MUMBAI"
, INW 130326I049905659 USD589868.95@92.31,," 54,450,802.77",, 13/03/2026, 130326208234," NETBANK, MUMBAI"
, 130326I049905659 DPO2607255705415 IGST,,,"-10,611.14", 13/03/2026, 130326208241," NETBANK, MUMBAI"
, IMPS CR ECMS-9229-CMRGR1100LSU102994-U. P. GREEN RECYCLIN-358105000573,," 200,000.00",, 13/03/2026, 607217228856, FARIDABAD HARYANA
, NEFT RETURN-CLOSED ACCOUNT NUMBER-MOURYA ENTERPRISES-BKIDN92026031343511722,," 57,963.60",, 13/03/2026, HDFCH00865995722, FORT
, RTGS Cr-SCBL0036001-SUNBEAM LIGHTWEIGHTING SOLUTIONS PR-CMR GREEN TECHNOLOGIES LIMITED-SCBLR12026031300821395,," 48,054,486.00",, 13/03/2026, SCBLR12026031300821395, FORT
, INW 130326I049901872 USD4842.55@92.25,," 446,725.24",, 13/03/2026, 130326212956," NETBANK, MUMBAI"
, 130326I049901872 DPO2607255708518 IGST,,,-492.05, 13/03/2026, 130326212963," NETBANK, MUMBAI"
, NEFT Cr ECMS-UTIB0002172-CMRGR1100LCU101448-M.G. METALS-920020057240920,," 1,026,260.00",, 13/03/2026, AXOIR07200915755, FORT
," RTGS Dr-SBIN0004298-CENTURYMETALRECYCLINGPVTLTD-NETBANK, MUM-HDFCR52026031381462515",,,"-180,000,000.00", 13/03/2026, HDFCR52026031381462515," NETBANK, MUMBAI"
, FT-HDERRC100698844034-HDFC ERGO GENERAL INSURANCE CO. LTD,,,"-1,003,001.18", 13/03/2026, 603138597999," NETBANK, MUMBAI"
, MAKE MY TRIP -1100B0226016966,,,"-1,000,000.00", 13/03/2026, HDFCH00866336283," NETBANK, MUMBAI"
, 08626109847375-ESIFUND,,,"-2,423.00", 13/03/2026, 603138020545," NETBANK, MUMBAI"
, CHCESPW1EL8E5U-EPFOBD,,,"-94,220.00", 13/03/2026, 603138016854," NETBANK, MUMBAI"
, 02026110685757-ESIFUND,,,"-8,240.00", 13/03/2026, 603138238120," NETBANK, MUMBAI"
, CHCE2IE1EL82T7-EPFOBD,,,"-352,046.00", 13/03/2026, 603138011309," NETBANK, MUMBAI"
, 06126109868483-ESIFUND,,,"-10,641.00", 13/03/2026, 603138022457," NETBANK, MUMBAI"
, 06126110439063-ESIFUND,,,"-86,545.00", 13/03/2026, 603138253137," NETBANK, MUMBAI"
, 06126110138351-ESIFUND,,,"-97,597.00", 13/03/2026, 603138353101," NETBANK, MUMBAI"
, 06926110024263-ESIFUND,,,"-6,575.00", 13/03/2026, 603138241512," NETBANK, MUMBAI"
, CHCE8X81ELN4QJ-EPFOBD,,,"-190,950.00", 13/03/2026, 603138246196," NETBANK, MUMBAI"
, 06726109907966-ESIFUND,,,"-39,125.00", 13/03/2026, 603138037257," NETBANK, MUMBAI"
, 01326110210821-ESIFUND,,,"-2,544.00", 13/03/2026, 603138394125," NETBANK, MUMBAI"
, CHCEMZ01EL7OYU-EPFOBD,,,"-3,953,977.00", 13/03/2026, 603138007225," NETBANK, MUMBAI"
, FT Cr ECMS-CMRGE1100LCU101964-SHREE RADHA ENTERPRISE-50200066931940,," 2,240,584.00",, 13/03/2026, NBAT3FDZPUCQSSQ5," NETBANK, MUMBAI"
, CHCEAMT1ELR9JC-EPFOBD,,,"-189,836.00", 13/03/2026, 603138356089," NETBANK, MUMBAI"
, 01326110209212-ESIFUND,,,"-20,571.00", 13/03/2026, 603138368548," NETBANK, MUMBAI"
, KOTHARI METAL -1100B0226016899,,,"-8,489,311.42", 13/03/2026, HDFCH00866494110," NETBANK, MUMBAI"
, Maruti Suzuki -1100B0226016900,,,"-10,000,000.00", 13/03/2026, HDFCH00866494119," NETBANK, MUMBAI"
, RTGS Cr-ICIC0099999-RICO AUTO INDUSTRIES LIMITED-CMR GREEN TECHNOLOGIES LIMITED-ICICR22026031315046194,," 14,279,235.04",, 13/03/2026, ICICR22026031315046194, FORT
, 57500000540028-CMRA,,,"-80,000,000.00", 13/03/2026, 603138719835," NETBANK, MUMBAI"
, RTGS Cr-ICIC0000083-CMR GREEN TECHNOLOGIES LIMITED-CMR GREEN TECHNOLOGIES LTD-ICICR52026031300362724,," 90,000,000.00",, 13/03/2026, ICICR52026031300362724, FORT
, LOCAL BILL DISCOUNTED,," 80,423,457.79",, 13/03/2026, 612SB04260720005," KUNDLI, SONEPAT"
, LOCAL BILL DISCOUNTED,," 135,689,216.00",, 13/03/2026, 612SB04260720006," KUNDLI, SONEPAT"
, COMM ON LIQD OF IMP COLL BILL,,,-177, 13/03/2026, 612BC05260720006," KUNDLI, SONEPAT"
, COMM ON LIQD OF IMP COLL BILL,,,-177, 13/03/2026, 612BC05260720007," KUNDLI, SONEPAT"
, COMM ON LIQD OF IMP COLL BILL,,,-177, 13/03/2026, 612BC05260720010," KUNDLI, SONEPAT"
, COMM ON LIQD OF IMP COLL BILL,,,-177, 13/03/2026, 612BC05260720009," KUNDLI, SONEPAT"
, 00930310001274-1274,,,"-30,000,000.00", 13/03/2026, 603138842819," NETBANK, MUMBAI"
, 57500000863497-eco,,,"-60,000,000.00", 13/03/2026, 603138842748," NETBANK, MUMBAI"
, 57500000540028-40028,,,"-50,000,000.00", 13/03/2026, 603138842909," NETBANK, MUMBAI"
, RTGS Cr ECMS-ICIC0000011-CMRLTD151LCU101391-PRIME RECYCLERS-038705002558,," 1,055,000.00",, 13/03/2026, ICICR42026031300593868, FORT
, RTGS Cr-YESB0000403-TRADE CLEARING ACCOUNT-CMR GREEN TECHNOLOGIES LTD-YESBR52026031357349759,," 1,948,329.00",, 13/03/2026, YESBR52026031357349759, FORT
, RTGS Cr-YESB0000403-TRADE CLEARING ACCOUNT-CMR GREEN TECHNOLOGIES LTD-YESBR52026031357350062,," 1,892,608.00",, 13/03/2026, YESBR52026031357350062, FORT
, IMPS CR ECMS-9012-CMRGR1100LCU101696-KHUSHBUENTERPRISES-45590200000197,," 25,000.00",, 13/03/2026, 607222574484, FARIDABAD HARYANA
, NEFT Cr ECMS-UTIB0002437-CMRGR1100LCU100989-AMAR ENTERPRISES-918020057712936,," 685,500.00",, 13/03/2026, AXOMB07202158932, FORT
, AUTO SWEEPOUT TO CMR GREEN TECHNOLOGI 57500000342857,," 1,381,839.49",, 13/03/2026,, FARIDABAD HARYANA
, AUTO SWEEPOUT TO CMR GREEN TECHNOLOGI 12540310000177,," 297,228.58",, 13/03/2026,, SRIPERAMBUDUR
3/14/2026,Opening balance,"-1,799,418.67",,,,,
, RTGS Cr ECMS-UTIB0001602-CMRLTD202LCU100885-BALAJI METAL-919020028918184,," 328,000.00",, 14/03/2026, UTIBR72026031400570016, FORT
, FT Cr ECMS-CMRGR1100LCU100767-PEEYUSH METAL-50200073483622,," 2,743,000.00",, 14/03/2026, 1522816625, CBX Internet System Mumbai
, NEFT Cr ECMS-IDFB0021314-cmrgr1100lcu101943-M.R. TRADING CO.-89650005280,," 1,900,000.00",, 14/03/2026, IDFB607371517633, FORT
, IMPS CR ECMS-9751-cmrgr1100lcu101943-MR TRADING CO-89650005280,," 160,000.00",, 14/03/2026, 607309192515, FARIDABAD HARYANA
, NEFT Cr ECMS-UTIB0003112-CMRLTD151LCU101486-ADITYA ENTERPRISES-921020054868210,," 1,500.00",, 14/03/2026, AXOMB07302022666, FORT
, FT Cr ECMS-CMRLTD201LCU100820-MOHINI INDUSTRIES-50200033588193,," 1,357,000.00",, 14/03/2026, NBCMIZGCY8UEJK0H," NETBANK, MUMBAI"
, MARUTI SUZUKI -1100B0226016993,,,"-400,000.00", 14/03/2026, HDFCH00867590168," NETBANK, MUMBAI"
, CHCER1B1EOJL3E-CBICICEGATE,,,"-2,126,805.00", 14/03/2026, 603149049368," NETBANK, MUMBAI"
, CHCEZNT1EOJ0YI-CBICICEGATE,,,"-9,381,664.00", 14/03/2026, 603149043362," NETBANK, MUMBAI"
, CHCEQ6D1EOAQZ6-CBICICEGATE,,,"-2,140,647.00", 14/03/2026, 603149001281," NETBANK, MUMBAI"
, CHCEVFB1EOJ7VF-CBICICEGATE,,,"-8,121,706.00", 14/03/2026, 603149044509," NETBANK, MUMBAI"
, FT Cr ECMS-CMRGE1100LCU101980-M.S. METAL-50200095839652,," 321,800.00",, 14/03/2026, HDFCBB06720813AE," NETBANK, MUMBAI"
, FT Cr ECMS-CMRLTD201LCU100820-MOHINI INDUSTRIES-50200033588193,," 169,000.00",, 14/03/2026, NBWNETEFGJ7KYADC," NETBANK, MUMBAI"
, 03826110755754-ESIFUND,,,"-7,278.00", 14/03/2026, 603149087916," NETBANK, MUMBAI"
, 1688509941756-SBIEPAY,,,"-1,718,487.00", 14/03/2026, 603149089736," NETBANK, MUMBAI"
, 01326110188500-ESIFUND,,,"-194,821.00", 14/03/2026, 603148951764," NETBANK, MUMBAI"
, 01326109781125-ESIFUND,,,"-102,898.00", 14/03/2026, 603148950801," NETBANK, MUMBAI"
, 03826110600966-ESIFUND,,,"-32,739.00", 14/03/2026, 603148952520," NETBANK, MUMBAI"
, 01326110191234-ESIFUND,,,"-58,245.00", 14/03/2026, 603148957226," NETBANK, MUMBAI"
, 01326110051510-ESIFUND,,,"-178,548.00", 14/03/2026, 603148952131," NETBANK, MUMBAI"
, 01326109781754-ESIFUND,,,"-75,085.00", 14/03/2026, 603148951224," NETBANK, MUMBAI"
, CHCEISL1EOJE1U-CBICICEGATE,,,"-13,548,385.00", 14/03/2026, 603149045446," NETBANK, MUMBAI"
, STREAM LINE LO-1100B0226016995,,,"-464,499.49", 14/03/2026, HDFCH00867790391," NETBANK, MUMBAI"
, CHCEQOX1EOYYEN-CBICICEGATE,,,"-995,544.00", 14/03/2026, 603149129683," NETBANK, MUMBAI"
, CHCEE1A1EOXXO5-CBICICEGATE,,,"-9,988,583.00", 14/03/2026, 603149124531," NETBANK, MUMBAI"
, CHCE2KT1EOYB0O-CBICICEGATE,,,"-9,465,954.00", 14/03/2026, 603149126300," NETBANK, MUMBAI"
, CHCE0AK1EOY338-CBICICEGATE,,,"-9,545,036.00", 14/03/2026, 603149125290," NETBANK, MUMBAI"
, CHCE9UC1EOYT6Z-CBICICEGATE,,,"-7,574,211.00", 14/03/2026, 603149128961," NETBANK, MUMBAI"
, CHCE2W51EOXQRB-CBICICEGATE,,,"-9,580,731.00", 14/03/2026, 603149123576," NETBANK, MUMBAI"
, CHCEZZU1EOXLE1-CBICICEGATE,,,"-9,972,495.00", 14/03/2026, 603149122974," NETBANK, MUMBAI"
, CHCE3DP1EOYH8M-CBICICEGATE,,,"-9,723,378.00", 14/03/2026, 603149127486," NETBANK, MUMBAI"
, CHCE5DP1EOYMEI-CBICICEGATE,,,"-3,359,400.00", 14/03/2026, 603149128058," NETBANK, MUMBAI"
, CHCEQBH1EOWUMN-CBICICEGATE,,,"-2,472,108.00", 14/03/2026, 603149119256," NETBANK, MUMBAI"
, CHCEHD61EOXBEM-CBICICEGATE,,,"-7,047,917.00", 14/03/2026, 603149121189," NETBANK, MUMBAI"
, RTGS Cr-SBIN0004266-CRAFTSMAN AUTOMATION LIMITED-CMR GREEN TECHNOLOGIES LIMITED-SBINR12026031420154840,," 426,986.32",, 14/03/2026, SBINR12026031420154840, FORT
, RTGS Cr-SBIN0004266-CRAFTSMAN AUTOMATION LIMITED-CMR GREEN TECHNOLOGIES LIMITED-SBINR12026031420154842,," 4,573,012.85",, 14/03/2026, SBINR12026031420154842, FORT
, RTGS Cr-SBIN0004298-M s Century Metal Recycling Private-Century Metal Rceycling Pvt Ltd-SBINR12026031420158015,," 10,000,000.00",, 14/03/2026, SBINR12026031420158015, CMS TF WBO MUMBAI
, RTGS Cr-SBIN0004298-M s Century Metal Recycling Private-Century Metal Rceycling Pvt Ltd-SBINR12026031420157978,," 10,000,000.00",, 14/03/2026, SBINR12026031420157978, CMS TF WBO MUMBAI
, RTGS Cr-SBIN0004298-M s Century Metal Recycling Private-Century Metal Rceycling Pvt Ltd-SBINR12026031420158086,," 10,000,000.00",, 14/03/2026, SBINR12026031420158086, CMS TF WBO MUMBAI
, RTGS Cr-SBIN0004298-M s Century Metal Recycling Private-Century Metal Rceycling Pvt Ltd-SBINR12026031420157979,," 10,000,000.00",, 14/03/2026, SBINR12026031420157979, CMS TF WBO MUMBAI
, RTGS Cr-SBIN0004298-M s Century Metal Recycling Private-Century Metal Rceycling Pvt Ltd-SBINR12026031420157980,," 10,000,000.00",, 14/03/2026, SBINR12026031420157980, CMS TF WBO MUMBAI
, RTGS Cr-SBIN0004298-M s Century Metal Recycling Private-Century Metal Rceycling Pvt Ltd-SBINR12026031420157982,," 10,000,000.00",, 14/03/2026, SBINR12026031420157982, CMS TF WBO MUMBAI
, RTGS Cr-SBIN0004298-M s Century Metal Recycling Private-Century Metal Rceycling Pvt Ltd-SBINR12026031420157981,," 10,000,000.00",, 14/03/2026, SBINR12026031420157981, CMS TF WBO MUMBAI
, CBDT/Bank Reference No:Y2607346671668/CIN No:26031400498601HDFC/Online,,,"-120,000,000.00", 14/03/2026, 260314180022125," NETBANK, MUMBAI"
, RTGS Cr ECMS-UBIN0551384-CMRLTD201LCU100856-M F METALS-513805010000059,," 9,500,000.00",, 14/03/2026, UBINR22026031401423259, FORT
, RTGS Cr ECMS-YESB0000001-CMRGR1100LCU101972-SUN SHINE ENTERPRISES-048761900000594,," 288,000.00",, 14/03/2026, YESBR12026031400028971, FORT
3/15/2026,Opening balance,"-148,308,283.99",,,,,
, RTGS Cr ECMS-UTIB0002437-CMRLTD151LCU101262-MAHAKAL ENTERPRISES-921020020261421,," 600,000.00",, 15/03/2026, UTIBR72026031500570875, FORT
, RTGS Cr ECMS-ICIC0000011-CMRLTD201LCU100490-M K TRADERS CASTING-661305500712,," 632,000.00",, 15/03/2026, ICICR42026031500513587, FORT
, RTGS Cr ECMS-KKBK0000958-CMRGR1100LCU101760-NIA METALS-3347508444,," 600,000.00",, 15/03/2026, KKBKR52026031500846623, FORT
, RTGS Cr ECMS-KKBK0000958-CMRGR1100LCU101760-NIA METALS-3347508444,," 400,000.00",, 15/03/2026, KKBKR52026031500846750, FORT
3/15/2026,Closing balance,"-146,076,283.99",,,,,
3/16/2026,Opening balance,"-146,076,283.99",,,,,
, IMPS CR ECMS-9002-CMRGR1100LCU101714-Saheba Islam-40969835055,," 50,000.00",, 16/03/2026, 607504935960, FARIDABAD HARYANA
, IMPS CR ECMS-9002-CMRGR1100LCU101714-Md Nazrullah-40564261203,," 45,000.00",, 16/03/2026, 607504936056, FARIDABAD HARYANA
, IMPS CR ECMS-9002-CMRGR1100LCU101714-Md Nazrullah-40564261203,," 45,000.00",, 16/03/2026, 607504936136, FARIDABAD HARYANA
, RTGS Cr-UTIB0000039-CMR GREEN TECHNOLOGIES LIMITED FORMERLY-CENTURY METAL RECYCLING LIMITE-UTIBR62026031463062727,," 50,000,000.00",, 16/03/2026, UTIBR62026031463062727, CMS TF WBO MUMBAI
, IMPS CR ECMS-9229-CMRGR1100LCU101714-MD ULFATULLAH-102501520991,," 50,000.00",, 16/03/2026, 607507159327, FARIDABAD HARYANA
, FT Cr ECMS-CMRGR1100LCU100767-PEEYUSH METAL-50200073483622,," 6,136,000.00",, 16/03/2026, 1524484496, CBX Internet System Mumbai
, RTGS Cr ECMS-KKBK0000958-CMRGR1100LCU100496-GMC ENTERPRISES-0747497392,," 1,568,000.00",, 16/03/2026, KKBKR12026031600862495, FORT
, NEFT Cr ECMS-IDFB0021314-cmrgr1100lcu101943-M.R. TRADING CO.-89650005280,," 700,000.00",, 16/03/2026, IDFB607571738448, FORT
, NEFT Cr ECMS-KKBK0000958-CMRGR1100LCU101760-NIA METALS-3347508444,," 170,000.00",, 16/03/2026, KKBKH26075862070, FORT
, RTGS Cr ECMS-KKBK0000958-CMRGR1100LCU100496-GMC ENTERPRISES-0747497392,," 1,500,000.00",, 16/03/2026, KKBKR12026031600862738, FORT
, RTGS Cr ECMS-ICIC0000011-CMRGR1100LCU101579-SHIVAANYA METAL ALLOYS-032705008599,," 2,723,000.00",, 16/03/2026, ICICR42026031600510103, FORT
, IMPS CR ECMS-9052-CMRGR1100LCU101769-AMAN ENTERPRISES-0667202500004701,," 40,500.00",, 16/03/2026, 607546055185, FARIDABAD HARYANA
, FT Cr ECMS-CMRGR1100LCU101936-JK SLIDE FASTNERS PVT LTD-50200112372292,," 3,116,557.00",, 16/03/2026, NB03ZDFBXEHTSACP," NETBANK, MUMBAI"
, FT Cr ECMS-CMRGR1100LCU101964-SHREE RADHA ENTERPRISE-50200066931940,," 2,240,584.00",, 16/03/2026, NBPPQJGBRBYQQXCW," NETBANK, MUMBAI"
, COMM ON LIQD OF IMP COLL BILL,,,-177, 16/03/2026, 612BC05260750002," KUNDLI, SONEPAT"
, RTGS Cr ECMS-UTIB0003202-CMRGR1100LCU101763-MATHURIA TRADERS-924020041901864,," 931,000.00",, 16/03/2026, UTIBR52026031600353207, FORT
, COMM ON LIQD OF IMP COLL BILL,,,-177, 16/03/2026, 612BC05260750003," KUNDLI, SONEPAT"
, NEFT Cr-CNRB0018862-SHRI RAMKRISHNA ENTE-CMR GREEN TECHNOLOGIES LTD-CNRBH00118068081,," 100,000.00",, 16/03/2026, CNRBH00118068081, FORT
, MULTI MODAL OV-1100B0226017051,,,"-1,880,435.79", 16/03/2026, HDFCH00869140061," NETBANK, MUMBAI"
, MULTI MODAL OV-1100B0226017049,,,"-1,098,129.73", 16/03/2026, HDFCH00869139306," NETBANK, MUMBAI"
, Maersk Line In-1100B0226017065,,,"-98,777.80", 16/03/2026, HDFCH00869138342," NETBANK, MUMBAI"
, Maersk Line In-1100B0226017066,,,"-163,677.80", 16/03/2026, HDFCH00869131244," NETBANK, MUMBAI"
, RTGS Cr ECMS-KKBK0000958-CMRGR1100LCU101869-JMD METALS RECYCLER-7291010273,," 5,720,640.00",, 16/03/2026, KKBKR52026031600912359, FORT
, COMM ON LIQD OF IMP COLL BILL,,,-177, 16/03/2026, 612BC05260750004," KUNDLI, SONEPAT"
, COMM ON LIQD OF IMP COLL BILL,,,-177, 16/03/2026, 612BC05260750005," KUNDLI, SONEPAT"
, RTGS Cr ECMS-UTIB0000806-CMRGR1100LCU101508-SIDDHANATH JEWELLERS AND REFIN-922030054149128,," 5,000,000.00",, 16/03/2026, UTIBR62026031663255536, FORT
, RTGS Cr ECMS-UTIB0000806-CMRGR1100LCU101508-SIDDHANATH JEWELLERS AND REFIN-922030054149128,," 3,500,000.00",, 16/03/2026, UTIBR62026031663259411, FORT
, FT Cr ECMS-CMRGR1100LCU100221-NIYAZ MOHD TRADING AND CASTING-59209813362326,," 540,000.00",, 16/03/2026, NB4YTKFINJG08BVM," NETBANK, MUMBAI"
, FT Cr ECMS-CMRLTD151LCU101461-SHREE JEE METALS-50200071755012,," 980,000.00",, 16/03/2026, NBTJZ3ASHDL2LNC5," NETBANK, MUMBAI"
, RTGS Cr ECMS-UTIB0000806-CMRGR1100LCU101508-SIDDHANATH JEWELLERS AND REFIN-922030054149128,," 700,000.00",, 16/03/2026, UTIBR62026031663296794, FORT
, COMM ON LIQD OF IMP COLL BILL,,,-177, 16/03/2026, 612BC05260750006," KUNDLI, SONEPAT"
, ODEX INDIA SOL-1100B0226017220,,,"-244,592.76", 16/03/2026, HDFCH00869745768," NETBANK, MUMBAI"
, ODEX INDIA SOL-1100B0226017219,,,"-248,672.02", 16/03/2026, HDFCH00869745769," NETBANK, MUMBAI"
, ODEX INDIA SOL-1100B0226017115,,,"-13,920.00", 16/03/2026, HDFCH00869745775," NETBANK, MUMBAI"
, KOSMIK CARGO I-1100B0226017114,,,"-6,848.58", 16/03/2026, HDFCH00869743300," NETBANK, MUMBAI"
, SINOKOR MERCHA-1100B0226017148,,,"-571,629.12", 16/03/2026, HDFCH00869920870," NETBANK, MUMBAI"
, Maersk Line In-1100B0226017071,,,"-405,577.80", 16/03/2026, HDFCH00869918946," NETBANK, MUMBAI"
, RTGS Cr ECMS-ICIC0000011-CMRLTD201LCU100490-M K TRADERS CASTING-661305500712,," 612,000.00",, 16/03/2026, ICICR42026031600575891, FORT
, LIQUIDATION OF IMP COLL BILL,,,"-8,335,244.39", 16/03/2026, 612BC05260470008," KUNDLI, SONEPAT"
, LIQUIDATION OF IMP COLL BILL,,,"-6,140,529.96", 16/03/2026, 612BC05260610001," KUNDLI, SONEPAT"
, LIQUIDATION OF IMP COLL BILL,,,"-3,543,077.58", 16/03/2026, 612BC05260660004," KUNDLI, SONEPAT"
," RTGS Dr-RATN0000990-CADFeesGL-NETBANK, MUM-HDFCR52026031682466391",,,"-2,950,000.00", 16/03/2026, HDFCR52026031682466391," NETBANK, MUMBAI"
, 57500000261345-1345,,,"-20,000,000.00", 16/03/2026, 603160213266," NETBANK, MUMBAI"
, NEFT Cr ECMS-CNRB0000378-CMRGR1100LCU101545-GOYAL METAL AND ALLOYS-125004451390,," 4,000,000.00",, 16/03/2026, CNRBH00118225215, FORT
, Saini Traders-1100B0226017081,,,"-10,502.00", 16/03/2026, 603169700749," NETBANK, MUMBAI"
, SHREE SHIPPING-1100B0226017098,,,"-107,880.00", 16/03/2026, 603169700710," NETBANK, MUMBAI"
, KHANIJON CORPO-1100B0226017072,,,"-8,991.60", 16/03/2026, 603169650338," NETBANK, MUMBAI"
, WASTE TO ENERG-1100B0226017112,,,"-1,639,470.24", 16/03/2026, 603169700743," NETBANK, MUMBAI"
, PETHE INDUSTRI-1100B0226017074,,,"-34,262.00", 16/03/2026, 603169651176," NETBANK, MUMBAI"
, JAY AMBE ROADL-1100B0226017094,,,"-132,600.00", 16/03/2026, 603169700694," NETBANK, MUMBAI"
, ASA ASSOCIAT-1100B0226017110,,,"-27,000.00", 16/03/2026, 603169700739," NETBANK, MUMBAI"
, WATRANA RENTAL-1100B0226017093,,,"-562,600.00", 16/03/2026, 603169700691," NETBANK, MUMBAI"
, BARODA STEEL A-1100B0226017102,,,"-141,422.40", 16/03/2026, 603169700720," NETBANK, MUMBAI"
, PATSON MACHINE-1100B0226017092,,,"-28,615.00", 16/03/2026, 603169700689," NETBANK, MUMBAI"
, MUNDHRA BROTHE-1100B0226017090,,,"-9,660.00", 16/03/2026, 603169700684," NETBANK, MUMBAI"
, MAVI IT SERV L-1100B0226017100,,,"-74,532.34", 16/03/2026, 603169700716," NETBANK, MUMBAI"
, SAINATH ENTERP-1100B0226017105,,,"-3,074.76", 16/03/2026, HDFCH00870337681," NETBANK, MUMBAI"
, FIRST CARS PRI-1100B0226017109,,,"-16,251.34", 16/03/2026, HDFCH00870340497," NETBANK, MUMBAI"
, Ansh Marketing-1100B0226017084,,,"-10,331.10", 16/03/2026, HDFCH00870340512," NETBANK, MUMBAI"
, Jyoti Industri-1100B0226017086,,,"-119,180.00", 16/03/2026, HDFCH00870337697," NETBANK, MUMBAI"
, Brahm Rishi En-1100B0226017120,,,"-18,313.60", 16/03/2026, HDFCH00870338706," NETBANK, MUMBAI"
, ORBIT TECHSOL -1100B0226017104,,,"-215,568.00", 16/03/2026, HDFCH00870342741," NETBANK, MUMBAI"
, Hind Terminals-1100B0226017083,,,"-584,374.36", 16/03/2026, HDFCH00870337723," NETBANK, MUMBAI"
, J.S.D. Enterpr-1100B0226017085,,,"-6,743.70", 16/03/2026, HDFCH00870341751," NETBANK, MUMBAI"
, Kalinga Air Ga-1100B0226017121,,,"-8,474.76", 16/03/2026, HDFCH00870340566," NETBANK, MUMBAI"
, MIEBACH CONSUL-1100B0226017108,,,"-719,999.28", 16/03/2026, HDFCH00870341753," NETBANK, MUMBAI"
, Akshara Enterp-1100B0226017116,,,"-3,481.00", 16/03/2026, HDFCH00870340577," NETBANK, MUMBAI"
, VIKAS HARDWARE-1100B0226017087,,,"-16,520.00", 16/03/2026, HDFCH00870340587," NETBANK, MUMBAI"
, Ametek Instrum-1100B0226017069,,,"-61,885.02", 16/03/2026, HDFCH00870343734," NETBANK, MUMBAI"
, VEDA INSTRUMEN-1100B0226017111,,,"-28,438.00", 16/03/2026, HDFCH00870343737," NETBANK, MUMBAI"
, Max Spare Limi-1100B0226017080,,,"-10,151.00", 16/03/2026, HDFCH00870341757," NETBANK, MUMBAI"
, FIRST CARS PRI-1100B0226017096,,,"-19,349.58", 16/03/2026, HDFCH00870343743," NETBANK, MUMBAI"
, SHIV DHARA WAT-1100B0226017113,,,"-15,880.00", 16/03/2026, HDFCH00870341004," NETBANK, MUMBAI"
, SWASTIK INTERN-1100B0226017045,,,"-1,874,357.86", 16/03/2026, HDFCH00870339600," NETBANK, MUMBAI"
, Wesman Thermal-1100B0226017078,,,"-62,497.28", 16/03/2026, HDFCH00870340686," NETBANK, MUMBAI"
, Ganesh Trading-1100B0226017089,,,-566.4, 16/03/2026, HDFCH00870339606," NETBANK, MUMBAI"
, PRATHAM TRADIN-1100B0226017091,,,"-31,557.92", 16/03/2026, HDFCH00870341037," NETBANK, MUMBAI"
, Kasting House-1100B0226017118,,,"-55,483.60", 16/03/2026, HDFCH00870342841," NETBANK, MUMBAI"
, LARSEN TOUBR-1100B0226017099,,,"-438,255.00", 16/03/2026, HDFCH00870343844," NETBANK, MUMBAI"
, DLG CONSULTING-1100B0226017097,,,"-75,330.00", 16/03/2026, HDFCH00870339617," NETBANK, MUMBAI"
, SERVICECOM TEC-1100B0226017095,,,"-5,220.00", 16/03/2026, HDFCH00870343894," NETBANK, MUMBAI"
, PARIDA ENTERPR-1100B0226017137,,,"-320,287.50", 16/03/2026, 603169711925," NETBANK, MUMBAI"
, M S JUPITER PE-1100B0226017107,,,"-1,263,068.59", 16/03/2026, HDFCH00870343907," NETBANK, MUMBAI"
, ADITI ENTERPRI-1100B0226017073,,,"-10,000.00", 16/03/2026, HDFCH00870340726," NETBANK, MUMBAI"
, M.S.Poswal Cra-1100B0226017127,,,"-5,539.00", 16/03/2026, 603169711901," NETBANK, MUMBAI"
, Foseco India L-1100B0226017117,,,"-168,740.00", 16/03/2026, HDFCH00870344736," NETBANK, MUMBAI"
, Balvinder Kuma-1100B0226017151,,,"-225,000.00", 16/03/2026, 603169719587," NETBANK, MUMBAI"
, Foseco India L-1100B0226017079,,,"-134,992.00", 16/03/2026, HDFCH00870341081," NETBANK, MUMBAI"
, RASHMI VERMA-1100B0226017153,,,"-225,000.00", 16/03/2026, 603169719594," NETBANK, MUMBAI"
, INANDS ENTERPR-1100B0226017106,,,"-7,875.00", 16/03/2026, HDFCH00870343911," NETBANK, MUMBAI"
, GAMLAA BIOSCAP-1100B0226017103,,,"-70,977.60", 16/03/2026, HDFCH00870344750," NETBANK, MUMBAI"
, AIPF PRIVATE L-1100B0226017076,,,"-213,150.00", 16/03/2026, HDFCH00870341849," NETBANK, MUMBAI"
, Saini Traders-1100B0226017172,,,"-47,302.86", 16/03/2026, 603169741367," NETBANK, MUMBAI"
, Kamal Lakhani -1100B0226017077,,,"-1,188.00", 16/03/2026, HDFCH00870341102," NETBANK, MUMBAI"
, Sharma Steels -1100B0226017126,,,"-161,756.17", 16/03/2026, 603169711898," NETBANK, MUMBAI"
, Ripon K. Mohan-1100B0226017122,,,"-10,800.00", 16/03/2026, HDFCH00870343931," NETBANK, MUMBAI"
, LINDE INDIA LI-1100B0226017075,,,"-14,124.60", 16/03/2026, HDFCH00870343933," NETBANK, MUMBAI"
, Automotive Com-1100B0226017150,,,"-8,100.00", 16/03/2026, 603169719583," NETBANK, MUMBAI"
, Saini Traders-1100B0226017128,,,"-2,616.67", 16/03/2026, 603169711904," NETBANK, MUMBAI"
, SP ENTERPRISE-1100B0226017101,,,"-4,560.56", 16/03/2026, HDFCH00870339680," NETBANK, MUMBAI"
, Pacific Electr-1100B0226017082,,,"-6,726.00", 16/03/2026, HDFCH00870343944," NETBANK, MUMBAI"
, VIJAY TRADING-1100B0226017088,,,"-1,888.00", 16/03/2026, HDFCH00870341118," NETBANK, MUMBAI"
, Rainbow Paints-1100B0226017161,,,"-16,230.90", 16/03/2026, 603169741463," NETBANK, MUMBAI"
, AGGARWAL ALUMI-1100B0226017147,,,"-1,588,266.40", 16/03/2026, 603169711949," NETBANK, MUMBAI"
, Sangam Hardwar-1100B0226017162,,,"-95,898.60", 16/03/2026, 603169741465," NETBANK, MUMBAI"
, Milap Tyres-1100B0226017176,,,"-224,181.12", 16/03/2026, 603169741379," NETBANK, MUMBAI"
, GEMINI EQUIPME-1100B0226017135,,,"-81,033.54", 16/03/2026, HDFCH00870341154," NETBANK, MUMBAI"
, Akshara Enterp-1100B0226017156,,,"-6,962.00", 16/03/2026, HDFCH00870345763," NETBANK, MUMBAI"
, Century Roadwa-1100B0226017157,,,"-815,099.00", 16/03/2026, HDFCH00870345770," NETBANK, MUMBAI"
, JAGDAMBA TRADI-1100B0226017141,,,"-4,301.10", 16/03/2026, HDFCH00870343077," NETBANK, MUMBAI"
, M.S. Engineeri-1100B0226017169,,,"-303,338.29", 16/03/2026, HDFCH00870343991," NETBANK, MUMBAI"
, Shri Ganesh Tr-1100B0226017124,,,"-7,358.80", 16/03/2026, HDFCH00870343093," NETBANK, MUMBAI"
, Max Spare Limi-1100B0226017170,,,"-4,531.20", 16/03/2026, HDFCH00870343116," NETBANK, MUMBAI"
, ACUMEN MEASURE-1100B0226017136,,,"-46,898.00", 16/03/2026, HDFCH00870343999," NETBANK, MUMBAI"
, Suresh Water S-1100B0226017163,,,"-94,050.00", 16/03/2026, HDFCH00870341898," NETBANK, MUMBAI"
, Linde India Li-1100B0226017168,,,"-10,110.24", 16/03/2026, HDFCH00870345811," NETBANK, MUMBAI"
, J.S.D. Enterpr-1100B0226017177,,,"-5,556.04", 16/03/2026, HDFCH00870345822," NETBANK, MUMBAI"
, Lucky Computer-1100B0226017160,,,"-3,539.25", 16/03/2026, HDFCH00870341928," NETBANK, MUMBAI"
, Bala Ji Cranes-1100B0226017171,,,"-28,665.00", 16/03/2026, HDFCH00870344894," NETBANK, MUMBAI"
, Vidya Graphic-1100B0226017125,,,-339.84, 16/03/2026, HDFCH00870341257," NETBANK, MUMBAI"
, K.D. Internati-1100B0226017165,,,"-178,376.36", 16/03/2026, HDFCH00870341934," NETBANK, MUMBAI"
, Gyan Mohan-1100B0226017152,,,"-225,000.00", 16/03/2026, HDFCH00870344043," NETBANK, MUMBAI"
, Davy Air Servi-1100B0226017158,,,"-205,502.01", 16/03/2026, HDFCH00870341261," NETBANK, MUMBAI"
, Varsha Enterpr-1100B0226017131,,,"-12,971.98", 16/03/2026, HDFCH00870341272," NETBANK, MUMBAI"
, FUTURITY VALUA-1100B0226017155,,,"-226,800.00", 16/03/2026, HDFCH00870341273," NETBANK, MUMBAI"
, Kasting House-1100B0226017167,,,"-112,383.20", 16/03/2026, HDFCH00870341281," NETBANK, MUMBAI"
, Meet Engineeri-1100B0226017129,,,"-43,660.00", 16/03/2026, HDFCH00870343279," NETBANK, MUMBAI"
, Mahesh Agencie-1100B0226017132,,,"-21,707.28", 16/03/2026, HDFCH00870344983," NETBANK, MUMBAI"
, GIRISH PAMAN V-1100B0226017154,,,"-270,000.00", 16/03/2026, HDFCH00870343280," NETBANK, MUMBAI"
, AIR WATER INDI-1100B0226017143,,,"-15,421.80", 16/03/2026, HDFCH00870344067," NETBANK, MUMBAI"
, GURUPRAKASH EN-1100B0226017178,,,"-4,180.00", 16/03/2026, 603169741383," NETBANK, MUMBAI"
, SURESALES AUTO-1100B0226017139,,,"-32,981.00", 16/03/2026, HDFCH00870343296," NETBANK, MUMBAI"
, Infor India -1100B0226017149,,,"-310,800.94", 16/03/2026, HDFCH00870341303," NETBANK, MUMBAI"
, ABHYANSH SHIPP-1100B0226017235,,,"-154,397.98", 16/03/2026, 603160078665," NETBANK, MUMBAI"
, DURGA TRADERS-1100B0226017133,,,-348.69, 16/03/2026, HDFCH00870345887," NETBANK, MUMBAI"
, Gopal Contract-1100B0226017159,,,"-331,730.16", 16/03/2026, HDFCH00870344089," NETBANK, MUMBAI"
, R J ENTERPRISE-1100B0226017140,,,"-17,806.20", 16/03/2026, HDFCH00870341954," NETBANK, MUMBAI"
, ABHYANSH SHIPP-1100B0226017234,,,"-55,160.00", 16/03/2026, 603160078663," NETBANK, MUMBAI"
, Allied Refract-1100B0226017175,,,"-27,840.00", 16/03/2026, HDFCH00870341327," NETBANK, MUMBAI"
, Watco India P-1100B0226017164,,,"-18,408.00", 16/03/2026, HDFCH00870345055," NETBANK, MUMBAI"
, Pacific Electr-1100B0226017173,,,"-17,700.00", 16/03/2026, HDFCH00870345057," NETBANK, MUMBAI"
, ALLEGIANCE PET-1100B0226017211,,,"-1,252,747.00", 16/03/2026, 603169741459," NETBANK, MUMBAI"
, Shah Coal Depo-1100B0226017123,,,"-42,057.00", 16/03/2026, HDFCH00870341337," NETBANK, MUMBAI"
, Navkar Electri-1100B0226017130,,,"-14,750.00", 16/03/2026, HDFCH00870343341," NETBANK, MUMBAI"
, MITTAL TECHNOP-1100B0226017138,,,"-264,681.67", 16/03/2026, HDFCH00870341966," NETBANK, MUMBAI"
, SHRI BALA JI F-1100B0226017208,,,"-7,587.45", 16/03/2026, 603169741453," NETBANK, MUMBAI"
, HITECH BEARING-1100B0226017142,,,"-2,673.00", 16/03/2026, HDFCH00870343348," NETBANK, MUMBAI"
, MAVI IT SERV L-1100B0226017194,,,"-13,322.20", 16/03/2026, 603169741418," NETBANK, MUMBAI"
, SHARMA METAL-1100B0226017145,,,"-593,572.77", 16/03/2026, HDFCH00870343352," NETBANK, MUMBAI"
, EURO TECH THER-1100B0226017134,,,"-9,322.00", 16/03/2026, HDFCH00870345922," NETBANK, MUMBAI"
, BAWAL STEELS-1100B0226017203,,,"-25,608.96", 16/03/2026, 603169741439," NETBANK, MUMBAI"
, VICKY TRADERS-1100B0226017182,,,"-62,291.46", 16/03/2026, HDFCH00870345326," NETBANK, MUMBAI"
, SECURE SYSTEMS-1100B0226017190,,,"-6,783.00", 16/03/2026, HDFCH00870346004," NETBANK, MUMBAI"
, TRAVENTURE INT-1100B0226017195,,,"-53,868.26", 16/03/2026, HDFCH00870341436," NETBANK, MUMBAI"
, MS ENTERPRISES-1100B0226017197,,,"-41,760.00", 16/03/2026, HDFCH00870345362," NETBANK, MUMBAI"
, JAYANTI ELECTR-1100B0226017205,,,"-14,040.00", 16/03/2026, HDFCH00870341452," NETBANK, MUMBAI"
, DURGA TRADERS-1100B0226017185,,,"-17,052.78", 16/03/2026, HDFCH00870341482," NETBANK, MUMBAI"
, Dagar Enterpri-1100B0226017180,,,"-24,650.73", 16/03/2026, HDFCH00870342070," NETBANK, MUMBAI"
, SARDARI LAL AN-1100B0226017199,,,"-19,649.97", 16/03/2026, HDFCH00870341491," NETBANK, MUMBAI"
, R J ENTERPRISE-1100B0226017200,,,"-5,556.50", 16/03/2026, HDFCH00870344184," NETBANK, MUMBAI"
, Harpal Bhati-1100B0226017179,,,"-15,840.00", 16/03/2026, HDFCH00870346182," NETBANK, MUMBAI"
, MOHIT SHARMA-1100B0226017193,,,"-62,100.00", 16/03/2026, HDFCH00870341509," NETBANK, MUMBAI"
, DASH TECHNOLOG-1100B0226017184,,,"-14,750.00", 16/03/2026, HDFCH00870346242," NETBANK, MUMBAI"
, PASCO EARTHMOV-1100B0226017196,,,"-31,571.53", 16/03/2026, HDFCH00870341527," NETBANK, MUMBAI"
, FUELBUDDY FUTU-1100B0226017210,,,"-87,394.82", 16/03/2026, HDFCH00870344228," NETBANK, MUMBAI"
, JINDAL STEEL T-1100B0226017181,,,"-2,405,290.44", 16/03/2026, HDFCH00870341528," NETBANK, MUMBAI"
, ABHYANSH SHIPP-1100B0226017236,,,"-46,465.54", 16/03/2026, HDFCH00870344239," NETBANK, MUMBAI"
, AMAN TRADING C-1100B0226017206,,,-288.8, 16/03/2026, HDFCH00870341554," NETBANK, MUMBAI"
, LIFE FIRST SOL-1100B0226017191,,,"-64,800.00", 16/03/2026, HDFCH00870343518," NETBANK, MUMBAI"
, JANATICS INDIA-1100B0226017198,,,"-5,421.58", 16/03/2026, HDFCH00870346314," NETBANK, MUMBAI"
, MANUJ MADAAN-1100B0226017188,,,"-252,047.16", 16/03/2026, HDFCH00870344263," NETBANK, MUMBAI"
, JHARSUGUDA TRA-1100B0226017204,,,"-1,802,662.40", 16/03/2026, HDFCH00870344278," NETBANK, MUMBAI"
, AIR WATER INDI-1100B0226017202,,,"-27,809.30", 16/03/2026, HDFCH00870341577," NETBANK, MUMBAI"
, RAVI KUMAR-1100B0226017189,,,"-252,047.16", 16/03/2026, HDFCH00870346326," NETBANK, MUMBAI"
, ABHYANSH SHIPP-1100B0226017237,,,"-19,250.00", 16/03/2026, HDFCH00870344298," NETBANK, MUMBAI"
, VASHISTH ENTER-1100B0226017186,,,"-5,506.94", 16/03/2026, HDFCH00870345515," NETBANK, MUMBAI"
, R C HOSPITALIT-1100B0226017201,,,"-52,775.32", 16/03/2026, HDFCH00870346349," NETBANK, MUMBAI"
, ALPHA METALS -1100B0226017209,,,"-2,440,398.08", 16/03/2026, HDFCH00870342127," NETBANK, MUMBAI"
, SETH AIR PRODU-1100B0226017187,,,"-2,891.00", 16/03/2026, HDFCH00870343547," NETBANK, MUMBAI"
, COMM ON LIQD OF IMP COLL BILL,,,-177, 16/03/2026, 612BC05260750011," KUNDLI, SONEPAT"
, COMM ON LIQD OF IMP COLL BILL,,,-177, 16/03/2026, 612BC05260750012," KUNDLI, SONEPAT"
, FT- CFPT/289346-00030310016166 - HERO FINCORP LIMITED- CORPORATE DISBURSA -,," 6,165,660.28",, 16/03/2026, 1526270775, CBX Internet System Mumbai
, COMM ON LIQD OF IMP COLL BILL,,,-177, 16/03/2026, 612BC05260750013," KUNDLI, SONEPAT"
, RTGS Cr-UTIB0000039-CMR GREEN TECHNOLOGIES LIMITED FORMERLY-CENTURY METAL RECYCLING LIMITE-UTIBR62026031663477426,," 4,560,000.00",, 16/03/2026, UTIBR62026031663477426, CMS TF WBO MUMBAI
, FT Cr ECMS-CMRGR1100LCU101902-PRATEEK TRADERS-01532320000994,," 739,000.00",, 16/03/2026, NBCFS8PI9ZXAAPDT," NETBANK, MUMBAI"
, AUTO SWEEPOUT TO CMR GREEN TECHNOLOGI 12540310000177,," 11,826,540.96",, 16/03/2026,, SRIPERAMBUDUR
3/17/2026,Opening balance,"-103,782,662.51",,,,,
, HUDEI METALS P-1100B0226017183,,,"-17,292,653.37", 17/03/2026, HDFCH00870951041," NETBANK, MUMBAI"
, Jindal Impex-1100B0226017166,,,"-3,122,114.64", 17/03/2026, HDFCH00870951042," NETBANK, MUMBAI"
, FALCON TRADER-1100B0226017212,,,"-4,208,975.40", 17/03/2026, HDFCH00870953982," NETBANK, MUMBAI"
, TIRUPATI TRADE-1100B0226017146,,,"-2,888,461.57", 17/03/2026, HDFCH00870955802," NETBANK, MUMBAI"
, SHIVAY ULTIMAT-1100B0226017144,,,"-9,860,483.71", 17/03/2026, HDFCH00870960607," NETBANK, MUMBAI"
, RAVI METALS P-1100B0226017046,,,"-5,350,062.60", 17/03/2026, HDFCH00870955909," NETBANK, MUMBAI"
, Anupam Industr-1100B0226017119,,,"-3,546,250.67", 17/03/2026, HDFCH00870957552," NETBANK, MUMBAI"
, SHARMA METAL-1100B0226017207,,,"-10,186,626.34", 17/03/2026, HDFCH00870956437," NETBANK, MUMBAI"
, Altek Metalcas-1100B0226017174,,,"-3,529,336.50", 17/03/2026, HDFCH00870964600," NETBANK, MUMBAI"
, FT Cr ECMS-CMRGR1100LCU101884-VIPUL TRADERS-50200076602625,," 2,205,000.00",, 17/03/2026, NBHK75GFID060UDL," NETBANK, MUMBAI"
, Enet Digi Cert Chg_CENMETR-CENMETRS2SSLI-EPR2607565661509,,,-236, 17/03/2026, EPR2607565661509, RET LIAB CPU MUMBAI
, IMPS CR ECMS-9751-CMRLTD201LCU100393-J V K ENTERPRISES-50000019860,," 275,000.00",, 17/03/2026, 607608375643, FARIDABAD HARYANA
, RTGS Cr ECMS-MAHB0000782-CMRGR1100LCU101872-SHRI KRISHNA METAL EXTRUDERS P-00000060403068056,," 21,959,000.00",, 17/03/2026, MAHBR52026031723297608, FORT
, COMM ON LIQD OF IMP COLL BILL,,,-177, 17/03/2026, 612BC05260760001," KUNDLI, SONEPAT"
, RTGS Cr ECMS-PUNB0107400-CMRLTD202LCU100256-INDIAN METAL SCRAP-08281131002695,," 400,000.00",, 17/03/2026, PUNBR52026031714529532, FORT
, Maersk Line In-1100B0226017265,,,"-501,393.80", 17/03/2026, HDFCH00871450383," NETBANK, MUMBAI"
, ODEX INDIA SOL-1100B0226017264,,,"-188,984.08", 17/03/2026, HDFCH00871451382," NETBANK, MUMBAI"
, ODEX INDIA SOL-1100B0226017263,,,"-704,350.26", 17/03/2026, HDFCH00871450393," NETBANK, MUMBAI"
, UNIFEEDER AGEN-1100B0226017266,,,"-219,872.54", 17/03/2026, 603170678553," NETBANK, MUMBAI"
, RTGS Cr ECMS-ICIC0000011-CMRGR1100LSU102994-U. P. GREEN RECYCLING CO.-358105000573,," 1,800,000.00",, 17/03/2026, ICICR42026031700527423, FORT
, RTGS Cr ECMS-CNRB0019260-CMRGR1100LSU101904-SAWA ENTERPRISES-125005017703,," 584,000.00",, 17/03/2026, CNRBR52026031780364035, FORT
, FT Cr ECMS-CMRGR1100LCU101935-TS ENTERPRISES-50200092311919,," 50,000.00",, 17/03/2026, HDFCB586E8345276," NETBANK, MUMBAI"
, FT Cr ECMS-CMRGR1100LCU101315-HERO MOTOCORP LIMITED 315-00030110000315,," 9,929,720.86",, 17/03/2026, 603170776675," NETBANK, MUMBAI"
, FT Cr ECMS-CMRGR1100LCU101320-HERO MOTOCORP LIMITED 315-00030110000315,," 179,719.71",, 17/03/2026, 603170776680," NETBANK, MUMBAI"
, FT Cr ECMS-CMRGR1100LCU101315-HERO MOTOCORP LIMITED 315-00030110000315,," 967,531.20",, 17/03/2026, 603170776684," NETBANK, MUMBAI"
, ADVANCE PAYMENT OF IMPORT BILL,,,"-185,313.40", 17/03/2026, 612BC09260760028," KUNDLI, SONEPAT"
, 00930310001274-1274,,,"-30,000,000.00", 17/03/2026, 603171038849," NETBANK, MUMBAI"
, ODEX INDIA SOL-1100B0226017283,,,"-5,566.05", 17/03/2026, HDFCH00872050649," NETBANK, MUMBAI"
, Maersk Line In-1100B0226017277,,,"-7,080.00", 17/03/2026, HDFCH00872045899," NETBANK, MUMBAI"
, Cosco Shipping-1100B0226017281,,,"-1,885.20", 17/03/2026, HDFCH00872046868," NETBANK, MUMBAI"
, Maersk Line In-1100B0226017276,,,"-147,417.40", 17/03/2026, HDFCH00872045930," NETBANK, MUMBAI"
, NEFT Cr ECMS-CNRB0000378-CMRGR1100LCU101545-GOYAL METAL AND ALLOYS-125004451390,," 2,360,000.00",, 17/03/2026, CNRBH00118446746, FORT
, NEFT Cr ECMS-CNRB0000378-CMRGR1100LCU101132-JAIN AND BROTHERS-0378261050540,," 3,410,000.00",, 17/03/2026, CNRBH00118445683, FORT
, RTGS Cr-RATN0000990-CMR GREEN TECHNOLOGIES LIMITED-CMR GREEN TECHNOLOGIES LIMITED-RATNR52026031700216813,," 800,000,000.00",, 17/03/2026, RATNR52026031700216813, CMS TF WBO MUMBAI
, 00930310001274-1274,,,"-50,000,000.00", 17/03/2026, 603171164362," NETBANK, MUMBAI"
, 57500000261345-1345,,,"-40,000,000.00", 17/03/2026, 603171162999," NETBANK, MUMBAI"
, 12540310000177-177,,,"-32,500,000.00", 17/03/2026, 603171164643," NETBANK, MUMBAI"
," RTGS Dr-ICIC0006303-CENTURYMETALRECYCLINGLIMITED-NETBANK, MUM-HDFCR52026031782874474",,,"-450,000,000.00", 17/03/2026, HDFCR52026031782874474," NETBANK, MUMBAI"
, FT- CFPT/289518-00030310016166 - HERO FINCORP LIMITED- CORPORATE DISBURSA -,," 4,427,280.30",, 17/03/2026, 1527722317, CBX Internet System Mumbai
, FT Cr ECMS-CMRLTD151LCU101557-S G M METAL COMPANY-50200085699296,," 2,157,070.00",, 17/03/2026, NBBTDKUFSVXIZEJO," NETBANK, MUMBAI"
, FT Cr ECMS-CMRLTD151LCU101461-SHREE JEE METALS-50200071755012,," 978,500.00",, 17/03/2026, NBNXTBXQJCFFBNFN," NETBANK, MUMBAI"
, RTGS Cr-ICIC0099999-RICO AUTO INDUSTRIES LIMITED-CMR GREEN TECHNOLOGIES LIMITED-ICICR22026031715105356,," 5,524,707.48",, 17/03/2026, ICICR22026031715105356, FORT
, FT603171329559-CMR GREEN TECHNOLOGIES L57FT-57500000342857,," 529,717,109.25",, 17/03/2026, 603171329559," NETBANK, MUMBAI"
, 57500000540028-cmra,,,"-60,000,000.00", 17/03/2026, 603171344927," NETBANK, MUMBAI"
, 57500000261345-1345,,,"-20,000,000.00", 17/03/2026, 603171342827," NETBANK, MUMBAI"
, 00930310001264-CMRT,,,"-90,000,000.00", 17/03/2026, 603171194664," NETBANK, MUMBAI"
," RTGS Dr-ICIC0000083-CMRAluminiumPrivateLimited-NETBANK, MUM-HDFCR52026031783047567",,,"-186,200,000.00", 17/03/2026, HDFCR52026031783047567," NETBANK, MUMBAI"
," RTGS Dr-SBIN0004298-CENTURYMETALRECYCLINGPVTLTD-NETBANK, MUM-HDFCR52026031783008648",,,"-280,000,000.00", 17/03/2026, HDFCR52026031783008648," NETBANK, MUMBAI"
, FT- 1528061914 - 0023023007 - 57500000579710 -RICO AUTO INDUSTRIES LTD,," 6,688,843.04",, 17/03/2026, 1528061914, CBX Internet System Mumbai
, LIQUIDATION OF IMP COLL BILL,,,"-16,775,560.15", 17/03/2026, 612BC05260480011," KUNDLI, SONEPAT"
, RTGS Cr-SCBL0036001-ENDURANCE TECHNOLOGIES LIMITED-CMR GREEN TECHNOLOGIES LIMITED-SCBLR12026031700822936,," 22,824,406.86",, 17/03/2026, SCBLR12026031700822936, FORT
, FT Cr ECMS-CMRGR1100LCU101661-MOURYA ENTERPRISES-50200068028400,," 1,000,000.00",, 17/03/2026, HDFC880506BE05D8," NETBANK, MUMBAI"
, RTGS Cr ECMS-UTIB0002437-CMRLTD151LCU101262-MAHAKAL ENTERPRISES-921020020261421,," 640,000.00",, 17/03/2026, UTIBR72026031700581710, FORT
, AUTO SWEEPOUT TO CMR GREEN TECHNOLOGI 12540310000177,," 235,055.30",, 17/03/2026,, SRIPERAMBUDUR
3/18/2026,Opening balance,"-2,892,519.19",,,,,
, RTGS Cr ECMS-DBSS0IN0811-CMRGR1100LCU101861-DBS ALLOYS-8138200000007511,," 2,778,000.00",, 18/03/2026, DBSSR52026031808165399, FORT
, FT Cr ECMS-CMRGR1100LCU101661-MOURYA ENTERPRISES-50200068028400,," 169,156.00",, 18/03/2026, HDFC863FD1B0331D," NETBANK, MUMBAI"
, IMPS CR ECMS-9002-CMRGR1100LCU101714-Saheba Islam-40969835055,," 94,000.00",, 18/03/2026, 607707512926, FARIDABAD HARYANA
, RTGS Cr ECMS-KVBL0002101-CMRGR1100LCU100305-SARA METAL-4204280000000512,," 626,000.00",, 18/03/2026, KVBLR52026031864718433, FORT
, METALOR GREEN-1100B0226017286,,,"-3,368,428.25", 18/03/2026, HDFCH00873493853," NETBANK, MUMBAI"
, SHARMA METAL-1100B0226017282,,,"-3,854,661.57", 18/03/2026, HDFCH00873493457," NETBANK, MUMBAI"
, AUTO RECYCLING-1100B0226017288,,,"-2,842,562.74", 18/03/2026, HDFCH00873493857," NETBANK, MUMBAI"
, GST/Bank Reference No: E2607771173791/CIN No: HDFC26030600082521,,,"-35,484.00", 18/03/2026,," NETBANK, MUMBAI"
, GST/Bank Reference No: E2607771173792/CIN No: HDFC26030600053823,,,"-4,728.00", 18/03/2026,," NETBANK, MUMBAI"
, FT Cr ECMS-CMRLTD201LCU100820-MOHINI INDUSTRIES-50200033588193,," 1,357,000.00",, 18/03/2026, NBDHDLG2V65LWFEH," NETBANK, MUMBAI"
, 50100232024203-DA AMIT12613,,,"-62,052.00", 18/03/2026, 603170846347," NETBANK, MUMBAI"
, 50100012447843-Harindra prajapati10237,,,"-80,000.00", 18/03/2026, 603170843448," NETBANK, MUMBAI"
, 50200078772863-B0226016593 FULL MOON ENT,,,"-1,382,886.26", 18/03/2026, 603170602361," NETBANK, MUMBAI"
, Pawan-1100B0226017317,,,"-10,250.00", 18/03/2026, 603171589032," NETBANK, MUMBAI"
, FT-HDFC555122767-HAPPAY POOL ACCOUNT CMRG,,,"-179,520.48", 18/03/2026, 603171589004," NETBANK, MUMBAI"
, Vaibhav Vyas-1100B0226017331,,,"-30,935.00", 18/03/2026, 603171589063," NETBANK, MUMBAI"
, Sarvesh kumar-1100B0226017302,,,"-3,300.00", 18/03/2026, 603171589096," NETBANK, MUMBAI"
, Rupesh Prasad-1100B0226017305,,,"-10,079.00", 18/03/2026, 603171589006," NETBANK, MUMBAI"
, Amit Kumar Vis-1100B0226017307,,,"-4,386.00", 18/03/2026, 603171589010," NETBANK, MUMBAI"
, Ajay Kumar Pra-1100B0226017334,,,"-9,383.50", 18/03/2026, 603171589071," NETBANK, MUMBAI"
, Chandan Kumar-1100B0226017301,,,"-5,100.00", 18/03/2026, 603171589094," NETBANK, MUMBAI"
, Prerna Yadav-1100B0226017327,,,-864.46, 18/03/2026, 603171589055," NETBANK, MUMBAI"
, Naveen Kumar Y-1100B0226017319,,,"-2,600.00", 18/03/2026, 603171589036," NETBANK, MUMBAI"
, Srishti Saxena-1100B0226017323,,,"-50,056.00", 18/03/2026, 603171589045," NETBANK, MUMBAI"
, Vishal Vairagi-1100B0226017311,,,"-2,980.00", 18/03/2026, HDFCH00873683202," NETBANK, MUMBAI"
, Ishan Aggarwal-1100B0226017330,,,"-4,730.14", 18/03/2026, HDFCH00873681993," NETBANK, MUMBAI"
, Aman Kesarwani-1100B0226017322,,,"-5,072.50", 18/03/2026, 603171589043," NETBANK, MUMBAI"
, Shivam Gupta-1100B0226017336,,,"-1,225.00", 18/03/2026, HDFCH00873684038," NETBANK, MUMBAI"
, Ankit Sharma-1100B0226017316,,,-173, 18/03/2026, HDFCH00873684715," NETBANK, MUMBAI"
, RAJESH SINGH-1100B0226017308,,,-448, 18/03/2026, 603171589012," NETBANK, MUMBAI"
, Vikas Mishra-1100B0226017339,,,"-11,065.00", 18/03/2026, HDFCH00873682029," NETBANK, MUMBAI"
, Bhabani Sankar-1100B0226017328,,,"-3,580.00", 18/03/2026, HDFCH00873681230," NETBANK, MUMBAI"
, Rajesh Kumar K-1100B0226017315,,,"-1,634.00", 18/03/2026, HDFCH00873684723," NETBANK, MUMBAI"
, Harsh Kumar-1100B0226017321,,,"-2,659.00", 18/03/2026, HDFCH00873682034," NETBANK, MUMBAI"
, Dinesh Kumar-1100B0226017299,,,"-3,674.00", 18/03/2026, HDFCH00873684043," NETBANK, MUMBAI"
, Prdeep Kumar-1100B0226017313,,,"-14,682.30", 18/03/2026, HDFCH00873681251," NETBANK, MUMBAI"
, Ashutosh Anand-1100B0226017318,,,"-1,200.00", 18/03/2026, HDFCH00873684726," NETBANK, MUMBAI"
, Ram Gopal-1100B0226017309,,,"-1,932.00", 18/03/2026, HDFCH00873685569," NETBANK, MUMBAI"
, VISHAL CHAUHAN-1100B0226017333,,,"-13,522.48", 18/03/2026, HDFCH00873683232," NETBANK, MUMBAI"
, Tulsi Ram Yada-1100B0226017298,,,"-4,112.00", 18/03/2026, HDFCH00873681258," NETBANK, MUMBAI"
, Sachin Dudeja-1100B0226017300,,,"-4,002.00", 18/03/2026, HDFCH00873684052," NETBANK, MUMBAI"
, Dharmendra Sai-1100B0226017312,,,"-1,223.00", 18/03/2026, HDFCH00873685571," NETBANK, MUMBAI"
, Satyaranjan Si-1100B0226017324,,,"-3,200.00", 18/03/2026, HDFCH00873681267," NETBANK, MUMBAI"
, Rishabh Saini-1100B0226017326,,,"-3,678.00", 18/03/2026, HDFCH00873681272," NETBANK, MUMBAI"
, Naveen Kumar-1100B0226017303,,,"-7,260.00", 18/03/2026, HDFCH00873682041," NETBANK, MUMBAI"
, Narender Singh-1100B0226017306,,,-375, 18/03/2026, HDFCH00873681280," NETBANK, MUMBAI"
, Vandana Patel-1100B0226017325,,,"-8,032.75", 18/03/2026, HDFCH00873684054," NETBANK, MUMBAI"
, Mahesh Kumar T-1100B0226017297,,,"-15,055.00", 18/03/2026, HDFCH00873684055," NETBANK, MUMBAI"
, Naresh Kumar-1100B0226017304,,,"-9,806.00", 18/03/2026, HDFCH00873682042," NETBANK, MUMBAI"
, Utkarsh Nigam-1100B0226017335,,,"-3,017.08", 18/03/2026, HDFCH00873685574," NETBANK, MUMBAI"
, Puneesh Lamba-1100B0226017329,,,"-1,000.00", 18/03/2026, HDFCH00873683240," NETBANK, MUMBAI"
, Kajal Goyal-1100B0226017320,,,-453, 18/03/2026, HDFCH00873681302," NETBANK, MUMBAI"
, Rudra Narayan -1100B0226017337,,,-589, 18/03/2026, HDFCH00873684058," NETBANK, MUMBAI"
, Ashish Jasvant-1100B0226017332,,,"-10,000.00", 18/03/2026, HDFCH00873684062," NETBANK, MUMBAI"
, Mukesh Kumar J-1100B0226017310,,,"-3,563.50", 18/03/2026, HDFCH00873684063," NETBANK, MUMBAI"
, Meenu Bansal-1100B0226017314,,,"-1,845.00", 18/03/2026, HDFCH00873681314," NETBANK, MUMBAI"
, Vivek Giri-1100B0226017338,,,"-6,640.00", 18/03/2026, HDFCH00873682048," NETBANK, MUMBAI"
, Satish kumar D-1100B0226017340,,,"-8,239.52", 18/03/2026, HDFCH00873684885," NETBANK, MUMBAI"
, NEFT Cr ECMS-IDFB0021314-cmrgr1100lcu101943-M.R. TRADING CO.-89650005280,," 700,000.00",, 18/03/2026, IDFB607772212654, FORT
, ODEX INDIA SOL-1100B0226017348,,,"-160,744.32", 18/03/2026, HDFCH00873780201," NETBANK, MUMBAI"
, RTGS Cr ECMS-KKBK0000958-CMRGR1100LCU101249-WHITEROCK-9945250938,," 3,305,000.00",, 18/03/2026, KKBKR12026031800999083, FORT
, COMM ON LIQD OF IMP COLL BILL,,,-177, 18/03/2026, 612BC05260770001," KUNDLI, SONEPAT"
, RTGS Cr ECMS-ICIC0000011-CMRGR1100LCU101579-SHIVAANYA METAL ALLOYS-032705008599,," 3,096,320.00",, 18/03/2026, ICICR42026031800527983, FORT
, COMM ON LIQD OF IMP COLL BILL,,,-177, 18/03/2026, 612BC05260770005," KUNDLI, SONEPAT"
, SCOPE OVERSEAS-1100B0226017287,,,"-2,217,521.59", 18/03/2026, 603171058801," NETBANK, MUMBAI"
, JK CIVIL CONST-1100B0226017291,,,"-1,427,164.11", 18/03/2026, HDFCH00874015877," NETBANK, MUMBAI"
, SHARMA METAL-1100B0226017284,,,"-1,868,960.39", 18/03/2026, HDFCH00874016855," NETBANK, MUMBAI"
, WILLUS INFRAST-1100B0226017292,,,"-382,800.00", 18/03/2026, HDFCH00874018610," NETBANK, MUMBAI"
, ACCORD AUTOMAT-1100B0226017293,,,"-612,000.00", 18/03/2026, HDFCH00874014234," NETBANK, MUMBAI"
, SWASTIK INTERN-1100B0226017285,,,"-1,514,630.25", 18/03/2026, HDFCH00874014854," NETBANK, MUMBAI"
, IMPS CR ECMS-9751-cmrgr1100lcu101943-MR TRADING CO-89650005280,," 500,000.00",, 18/03/2026, 607713042119, FARIDABAD HARYANA
, IMPS CR ECMS-9751-cmrgr1100lcu101943-MR TRADING CO-89650005280,," 500,000.00",, 18/03/2026, 607713043258, FARIDABAD HARYANA
, IMPS CR ECMS-9751-cmrgr1100lcu101943-MR TRADING CO-89650005280,," 50,000.00",, 18/03/2026, 607713054139, FARIDABAD HARYANA
, IMPS CR ECMS-9751-cmrgr1100lcu101943-MR TRADING CO-89650005280,," 500,000.00",, 18/03/2026, 607713055403, FARIDABAD HARYANA
, IMPS CR ECMS-9751-cmrgr1100lcu101943-MR TRADING CO-89650005280,," 35,000.00",, 18/03/2026, 607713056817, FARIDABAD HARYANA
, IMPS CR ECMS-9751-cmrgr1100lcu101943-MR TRADING CO-89650005280,," 300,000.00",, 18/03/2026, 607713058873, FARIDABAD HARYANA
, FT CR ECMS-CMRGR1100LCU101935-TS ENTERPRISES-50200092311919,," 1,165,000.00",, 18/03/2026, 000018, RABUPURA
, LIQUIDATION OF IMP COLL BILL,,,"-17,854,680.66", 18/03/2026, 612BC05260760001," KUNDLI, SONEPAT"
, RTGS Cr ECMS-ICIC0000011-CMRLTD201LCU100490-M K TRADERS CASTING-661305500712,," 635,000.00",, 18/03/2026, ICICR42026031800548538, FORT
, THE CAMELLIAS -1100B0226017369,,,"-27,179.00", 18/03/2026, HDFCH00874336278," NETBANK, MUMBAI"
, RTGS Cr ECMS-CNRB0018862-CMRGR1100LCU101998-SHRI RAMKRISHNA ENTE-125008727738,," 2,288,256.00",, 18/03/2026, CNRBR52026031880543783, FORT
, THE CAMELLIAS -1100B0226017370,,,"-11,233.00", 18/03/2026, HDFCH00874338314," NETBANK, MUMBAI"
, 57500000342857-2857,,,"-6,100,000.00", 18/03/2026, 603182128596," NETBANK, MUMBAI"
, 57500000261345-1345,,,"-50,000,000.00", 18/03/2026, 603182129904," NETBANK, MUMBAI"
, RTGS Cr ECMS-RATN0000198-CMRGR1100LCU101750-SUNIL METALS (INDIA)-409000488847,," 10,000,000.00",, 18/03/2026, RATNR52026031800505707, FORT
, RTGS Cr-UTIB0001609-SHRIRAM PISTONS RINGS LIMITED-CMR GREEN TECHNOLOGIES LIMITED-UTIBR72026031800076641,," 3,126,423.10",, 18/03/2026, UTIBR72026031800076641, FORT
, INW 170326I049907301 USD128007.58@92.43,," 11,831,740.62",, 18/03/2026, 180326228845," NETBANK, MUMBAI"
, 170326I049907301 DPO2607771949026 IGST,,,"-3,845.74", 18/03/2026, 180326228852," NETBANK, MUMBAI"
, INW 170326I049907301 USD54351.4@92.61,," 5,033,483.15",, 18/03/2026, 180326228857," NETBANK, MUMBAI"
, 57500000261345-1345,,,"-40,000,000.00", 18/03/2026, 603182469442," NETBANK, MUMBAI"
, 00930310001274-1274,,,"-20,000,000.00", 18/03/2026, 603182473617," NETBANK, MUMBAI"
," RTGS Dr-ICIC0006303-CENTURYMETALRECYCLINGLIMITED-NETBANK, MUM-HDFCR52026031883582014",,,"-60,200,000.00", 18/03/2026, HDFCR52026031883582014," NETBANK, MUMBAI"
," RTGS Dr-ICIC0000083-CMRAluminiumPrivateLimited-NETBANK, MUM-HDFCR52026031883599725",,,"-17,500,000.00", 18/03/2026, HDFCR52026031883599725," NETBANK, MUMBAI"
, 57500000540028-40028,,,"-10,000,000.00", 18/03/2026, 603182556796," NETBANK, MUMBAI"
, FT603182554983-CMR GREEN TECHNOLOGIES L57FT-57500000342857,," 189,669,036.70",, 18/03/2026, 603182554983," NETBANK, MUMBAI"
, FT Cr ECMS-CMRGR1100LCU101608-CLASS INDIA COMPANY-50200045046671,," 21,950,000.00",, 18/03/2026, 1530022711, CBX Internet System Mumbai
, RTGS Cr-SBIN0004266-CRAFTSMAN AUTOMATION LIMITED-CMR GREEN TECHNOLOGIES LIMITED-SBINR12026031820694806,," 971,991.33",, 18/03/2026, SBINR12026031820694806, FORT
, 57500000342857-2857,,,"-6,500,000.00", 18/03/2026, 603182689102," NETBANK, MUMBAI"
, 00930310001274-,,,"-13,000,000.00", 18/03/2026, 603182690765," NETBANK, MUMBAI"
, RTGS Cr ECMS-UTIB0002437-CMRLTD151LCU101262-MAHAKAL ENTERPRISES-921020020261421,," 1,274,000.00",, 18/03/2026, UTIBR72026031800580311, FORT
, AUTO SWEEPOUT TO CMR GREEN TECHNOLOGI 57500000342857,," 461,507.51",, 18/03/2026,, FARIDABAD HARYANA
3/19/2026,Opening balance,"-1,954,663.37",,,,,
, RTGS Cr ECMS-KKBK0000958-CMRGR1100LCU101691-VEDANSH TRADING-3850190839,," 8,057,000.00",, 19/03/2026, KKBKR12026031900810317, FORT
, FT CR ECMS-CMRGR1100LCU101842-VISHNU VIHAN FUTURE WORLD-50200102162927,," 2,150,000.00",, 19/03/2026, 000020," ROHINI SE 11,N DELHI"
, FT Cr ECMS-CMRLTD201LCU100820-MOHINI INDUSTRIES-50200033588193,," 1,375,000.00",, 19/03/2026, NBRBNDOUJKBIFCQR," NETBANK, MUMBAI"
, FT Cr ECMS-CMRGR1100LCU100221-NIYAZ MOHD TRADING AND CASTING-59209813362326,," 543,000.00",, 19/03/2026, NB4SXMYSXUPHFDHG," NETBANK, MUMBAI"
, RTGS Cr-SCBL0036001-SUNBEAM LIGHTWEIGHTING SOLUTIONS PR-CMR GREEN TECHNOLOGIES LIMITED-SCBLR12026031900803691,," 30,793,494.30",, 19/03/2026, SCBLR12026031900803691, FORT
, FT Cr ECMS-CMRGR1100LCU101936-JK SLIDE FASTNERS PVT LTD-50200112372292,," 3,122,516.00",, 19/03/2026, NBWIIGCF618KF84X," NETBANK, MUMBAI"
, IMPS CR ECMS-7217-CMRGR1100LCU101748-N F METALS RECYCLING-053126900000091,," 89,385.00",, 19/03/2026, 607882801107, FARIDABAD HARYANA
, FT-IOCLMDTA343057-Indian Oil Corporation Ltd Delhi,,,"-2,011,052.53", 19/03/2026, 603192879926," NETBANK, MUMBAI"
, ODEX INDIA SOL-1100B0226017422,,,"-416,032.60", 19/03/2026, HDFCH00875802786," NETBANK, MUMBAI"
, RTGS Cr ECMS-CNRB0019260-CMRGR1100LSU101904-SAWA ENTERPRISES-125005017703,," 299,000.00",, 19/03/2026, CNRBR52026031980624251, FORT
, FT Cr ECMS-CMRGR1100LCU101563-SHRIDHAR METALS AND ALLOYS-50200037533291,," 2,700,000.00",, 19/03/2026, 603193064401," NETBANK, MUMBAI"
, RTGS Cr ECMS-UTIB0001331-CMRLTD201LCU100754-M/S R.P. METAL MERCHANT-920030058906721,," 1,260,000.00",, 19/03/2026, UTIBR62026031964197537, FORT
, FT Cr ECMS-CMRGR1100LCU101842-VISHNU VIHAN FUTURE WORLD-50200102162927,," 25,000.00",, 19/03/2026, HDFC1F617B31C583," NETBANK, MUMBAI"
, FT603193120025-CMR ALUMINIUM PRIVATE LTD FT 0028-57500000540028,," 17,000,000.00",, 19/03/2026, 603193120025," NETBANK, MUMBAI"
, FT603193119222-CMR NIKKEI INDIA PVT LTD 1345 FT-57500000261345,," 33,000,000.00",, 19/03/2026, 603193119222," NETBANK, MUMBAI"
," RTGS Dr-ICIC0006303-CENTURYMETALRECYCLINGLIMITED-NETBANK, MUM-HDFCR52026031983929980",,,"-66,300,000.00", 19/03/2026, HDFCR52026031983929980," NETBANK, MUMBAI"
, CCH39OW1F44AL6_DHBV-DHBVNL,,,"-844,161.00", 19/03/2026, 603193006560," NETBANK, MUMBAI"
, UPI-VICKY-8700813021@ybl-SBIN0016108-951767189854-Payment from Phone,," 1,020.00",, 19/03/2026, 951767189854," NETBANK, MUMBAI"
, UPI-VICKY-8700813021@axl-SBIN0016108-644591505267-Payment from Phone,," 1,020.00",, 19/03/2026, 644591505267," NETBANK, MUMBAI"
, BEIL INFRASTRU-1100B0226017404,,,"-18,405.33", 19/03/2026, 603192884822," NETBANK, MUMBAI"
, JOHAR AUTOMOB-1100B0226017402,,,"-292,863.60", 19/03/2026, 603192878148," NETBANK, MUMBAI"
, EEPC India-1100B0226017450,,,"-47,200.00", 19/03/2026, 603193063689," NETBANK, MUMBAI"
, Bharat Oil W-1100B0226017410,,,"-168,521.91", 19/03/2026, HDFCH00876213209," NETBANK, MUMBAI"
, Allied Refract-1100B0226017400,,,"-403,220.70", 19/03/2026, HDFCH00876208764," NETBANK, MUMBAI"
, PVG IT Infrast-1100B0226017380,,,"-357,500.00", 19/03/2026, HDFCH00876211245," NETBANK, MUMBAI"
, Axcel Gases-1100B0226017411,,,"-7,901.28", 19/03/2026, HDFCH00876212314," NETBANK, MUMBAI"
, Allied Refract-1100B0226017401,,,"-486,833.49", 19/03/2026, HDFCH00876213224," NETBANK, MUMBAI"
, ALPHA METALS -1100B0226017446,,,"-2,332,403.65", 19/03/2026, HDFCH00876213226," NETBANK, MUMBAI"
, Gujarat Enviro-1100B0226017420,,,"-54,372.20", 19/03/2026, HDFCH00876213232," NETBANK, MUMBAI"
, Shamshad-1100B0226017419,,,"-88,936.76", 19/03/2026, HDFCH00876212328," NETBANK, MUMBAI"
, Mehershri Sunr-1100B0226017418,,,"-308,118.34", 19/03/2026, HDFCH00876213238," NETBANK, MUMBAI"
, JMD METALS REC-1100B0226017438,,,"-1,830,175.57", 19/03/2026, HDFCH00876209880," NETBANK, MUMBAI"
, VARDHMAN RECYC-1100B0226017444,,,"-2,200,702.59", 19/03/2026, HDFCH00876211261," NETBANK, MUMBAI"
, SERVICECOM TEC-1100B0226017399,,,"-164,175.96", 19/03/2026, HDFCH00876208802," NETBANK, MUMBAI"
, BLUE SAPPHIRE -1100B0226017421,,,"-38,764.00", 19/03/2026, HDFCH00876213251," NETBANK, MUMBAI"
, Steel Links-1100B0226017412,,,"-2,360,996.92", 19/03/2026, HDFCH00876211264," NETBANK, MUMBAI"
, Mubaric Khan S-1100B0226017417,,,"-141,870.41", 19/03/2026, HDFCH00876211269," NETBANK, MUMBAI"
, HARASHIVA META-1100B0226017414,,,"-2,241,486.57", 19/03/2026, HDFCH00876210442," NETBANK, MUMBAI"
, ATIF TRADING C-1100B0226017415,,,"-2,467,089.86", 19/03/2026, HDFCH00876208821," NETBANK, MUMBAI"
, MASCOT ALLOYS -1100B0226017454,,,"-2,334,190.80", 19/03/2026, HDFCH00876209882," NETBANK, MUMBAI"
, HARASHIVA META-1100B0226017445,,,"-1,614,610.44", 19/03/2026, HDFCH00876212355," NETBANK, MUMBAI"
, RTGS Cr ECMS-MAHB0001317-CMRGR1100LCU101891-SINGHAL CHEMICAL INDUSTRIES -00000060307493207,," 1,850,000.00",, 19/03/2026, MAHBR52026031923332828, FORT
, RTGS Cr ECMS-UBIN0551384-CMRLTD201LCU100856-M F METALS-513805010000059,," 9,500,000.00",, 19/03/2026, UBINR22026031901869745, FORT
, 50100648739123-Employee loan Avnish 1502,,,"-50,000.00", 19/03/2026, 603193012687," NETBANK, MUMBAI"
, 603193011384Diwakar Dinesh Pathak 16047,,,"-85,441.00", 19/03/2026, HDFCH00876231261," NETBANK, MUMBAI"
, 603193012115DA 15217 Arunesh Kumar,,,"-2,400.00", 19/03/2026, HDFCH00876230535," NETBANK, MUMBAI"
, THE NEW INDIA -1100B0226017456,,,"-3,482,770.00", 19/03/2026, 603193118813," NETBANK, MUMBAI"
, SHARMA METAL-1100B0226017481,,,"-2,512,633.50", 19/03/2026, HDFCH00876439678," NETBANK, MUMBAI"
, SHARMA METAL-1100B0226017479,,,"-3,633,163.20", 19/03/2026, HDFCH00876443441," NETBANK, MUMBAI"
, PATIALA STEELS-1100B0226017440,,,"-7,222,694.80", 19/03/2026, 603193062925," NETBANK, MUMBAI"
, BALAJI TRADING-1100B0226017443,,,"-3,326,973.70", 19/03/2026, 603193062932," NETBANK, MUMBAI"
, AMAIRA METALS-1100B0226017447,,,"-4,250,376.48", 19/03/2026, 603193062917," NETBANK, MUMBAI"
, RAVI METALS P-1100B0226017441,,,"-4,210,670.72", 19/03/2026, HDFCH00876441636," NETBANK, MUMBAI"
, AUTO RECYCLING-1100B0226017436,,,"-2,877,259.58", 19/03/2026, HDFCH00876442860," NETBANK, MUMBAI"
, AUTO RECYCLING-1100B0226017437,,,"-3,494,436.10", 19/03/2026, HDFCH00876445334," NETBANK, MUMBAI"
, FALCON TRADER-1100B0226017449,,,"-6,359,540.91", 19/03/2026, HDFCH00876441652," NETBANK, MUMBAI"
, SWASTIK INTERN-1100B0226017439,,,"-3,005,111.89", 19/03/2026, HDFCH00876442866," NETBANK, MUMBAI"
, MARWADI METALL-1100B0226017442,,,"-4,694,789.80", 19/03/2026, HDFCH00876444807," NETBANK, MUMBAI"
, BHAGWATI ENTER-1100B0226017448,,,"-8,143,883.85", 19/03/2026, HDFCH00876445477," NETBANK, MUMBAI"
, SWASTIK INTERN-1100B0226017406,,,"-10,282,984.22", 19/03/2026, HDFCH00876448534," NETBANK, MUMBAI"
, Maruti Suzuki -1100B0226017407,,,"-10,000,000.00", 19/03/2026, HDFCH00876450491," NETBANK, MUMBAI"
, SHIVAY ULTIMAT-1100B0226017413,,,"-5,404,556.48", 19/03/2026, HDFCH00876449508," NETBANK, MUMBAI"
, SCOPE OVERSEAS-1100B0226017416,,,"-2,821,543.12", 19/03/2026, 603192901816," NETBANK, MUMBAI"
, FULL MOON ENTE-1100B0226017482,,,"-6,368,569.36", 19/03/2026, 603193334341," NETBANK, MUMBAI"
, GST/Bank Reference No: E2607871348610/CIN No: HDFC26030600146984,,,"-107,516,064.00", 19/03/2026,," NETBANK, MUMBAI"
, RTGS Cr-ICIC0099999-RICO AUTO INDUSTRIES LIMITED-CMR GREEN TECHNOLOGIES LIMITED-ICICR22026031915154681,," 5,044,670.68",, 19/03/2026, ICICR22026031915154681, FORT
, RTGS Cr ECMS-YESB0000001-CMRGR1100LCU101972-SUN SHINE ENTERPRISES-048761900000594,," 334,000.00",, 19/03/2026, YESBR12026031900037315, FORT
, RTGS Cr-SBIN0004298-M s Century Metal Recycling Private-Century Metal Rceycling Pvt Ltd-SBINR12026031920822881,," 10,000,000.00",, 19/03/2026, SBINR12026031920822881, CMS TF WBO MUMBAI
, RTGS Cr-SBIN0004298-M s Century Metal Recycling Private-Century Metal Rceycling Pvt Ltd-SBINR12026031920822841,," 10,000,000.00",, 19/03/2026, SBINR12026031920822841, CMS TF WBO MUMBAI
, RTGS Cr-SBIN0004298-M s Century Metal Recycling Private-Century Metal Rceycling Pvt Ltd-SBINR12026031920822842,," 10,000,000.00",, 19/03/2026, SBINR12026031920822842, CMS TF WBO MUMBAI
, RTGS Cr-SBIN0004298-M s Century Metal Recycling Private-Century Metal Rceycling Pvt Ltd-SBINR12026031920822947,," 10,000,000.00",, 19/03/2026, SBINR12026031920822947, CMS TF WBO MUMBAI
, RTGS Cr-SBIN0004298-CMR TOYOTSU ALUMINIUM INDIA PVT LT-Century Metal Recycling Limited-SBINR12026031920822990,," 10,000,000.00",, 19/03/2026, SBINR12026031920822990, CMS TF WBO MUMBAI
, RTGS Cr-SBIN0004298-CMR TOYOTSU ALUMINIUM INDIA PVT LT-Century Metal Recycling Limited-SBINR12026031920822962,," 10,000,000.00",, 19/03/2026, SBINR12026031920822962, CMS TF WBO MUMBAI
, RTGS Cr-SBIN0004298-CMR TOYOTSU ALUMINIUM INDIA PVT LT-Century Metal Recycling Limited-SBINR12026031920823063,," 10,000,000.00",, 19/03/2026, SBINR12026031920823063, CMS TF WBO MUMBAI
, RTGS Cr-SBIN0004298-CMR TOYOTSU ALUMINIUM INDIA PVT LT-Century Metal Recycling Limited-SBINR12026031920823029,," 10,000,000.00",, 19/03/2026, SBINR12026031920823029, CMS TF WBO MUMBAI
, RTGS Cr-SBIN0004298-CMR TOYOTSU ALUMINIUM INDIA PVT LT-Century Metal Recycling Limited-SBINR12026031920822991,," 10,000,000.00",, 19/03/2026, SBINR12026031920822991, CMS TF WBO MUMBAI
3/20/2026,Opening balance,"-84,087,006.61",,,,,
, RTGS Cr-ICIC0099999-RICO AUTO INDUSTRIES LIMITED-CMR GREEN TECHNOLOGIES LIMITED-ICICR22026032015156763,," 9,789,004.88",, 20/03/2026, ICICR22026032015156763, FORT
, FT Cr ECMS-CMRGR1100LSU101873 -SHRI BALAJI METAL-50200081806063,," 135,000.00",, 20/03/2026, 1531924854, CBX Internet System Mumbai
, NEFT Cr ECMS-CNRB0019251-CMRLTD151LCU101556-M S ENTERPRISES-92511400000402,," 1,112,200.00",, 20/03/2026, CNRBH00119048244, FORT
, GST/Bank Reference No: E2607971373532/CIN No: HDFC26030900305191,,,"-113,316.00", 20/03/2026,," NETBANK, MUMBAI"
, GST/Bank Reference No: E2607971373533/CIN No: HDFC26030600117718,,,"-300,674.00", 20/03/2026,," NETBANK, MUMBAI"
, GST/Bank Reference No: E2607971373537/CIN No: HDFC26030900312746,,,"-219,131.00", 20/03/2026,," NETBANK, MUMBAI"
, GST/Bank Reference No: E2607971373540/CIN No: HDFC26032400344289,,,"-197,266.00", 20/03/2026,," NETBANK, MUMBAI"
, GST/Bank Reference No: E2607971377176/CIN No: HDFC26030600151905,,,"-563,995.00", 20/03/2026,," NETBANK, MUMBAI"
, GST/Bank Reference No: E2607971377175/CIN No: HDFC26030600152614,,,"-358,156.00", 20/03/2026,," NETBANK, MUMBAI"
, GST/Bank Reference No: E2607971377178/CIN No: HDFC26030500042070,,,"-1,022,972.00", 20/03/2026,," NETBANK, MUMBAI"
, GST/Bank Reference No: E2607971377177/CIN No: HDFC26030900398513,,,"-705,664.00", 20/03/2026,," NETBANK, MUMBAI"
, GST/Bank Reference No: E2607971377179/CIN No: HDFC26030600157024,,,"-428,980.00", 20/03/2026,," NETBANK, MUMBAI"
, GST/Bank Reference No: E2607971377183/CIN No: HDFC26030600157160,,,"-1,078,264.00", 20/03/2026,," NETBANK, MUMBAI"
, GST/Bank Reference No: E2607971377182/CIN No: HDFC26030600157381,,,"-1,201,334.00", 20/03/2026,," NETBANK, MUMBAI"
, IMPS CR ECMS-7217-CMRGR1100LCU101748-N F METALS RECYCLING-053126900000091,," 89,385.00",, 20/03/2026, 607983679750, FARIDABAD HARYANA
, LOCAL BILL LIQUIDATED,,,"-71,298,819.90", 20/03/2026, 612SB04260720004," KUNDLI, SONEPAT"
, FT Cr ECMS-CMRGR1100LCU100335-REHAN TRADERS-50200087498200,," 563,200.00",, 20/03/2026, HDFCA59A6EB0B720," NETBANK, MUMBAI"
, FT Cr ECMS-CMRGR1100LCU101563-SHRIDHAR METALS AND ALLOYS-50200037533291,," 17,305.00",, 20/03/2026, NBAJHFBFOIV32DLP," NETBANK, MUMBAI"
, RTGS Cr ECMS-ICIC0000011-CMRLTD201LCU100490-M K TRADERS CASTING-661305500712,," 625,000.00",, 20/03/2026, ICICR42026032000554074, FORT
, ODEX INDIA SOL-1100B0226017502,,,"-391,535.80", 20/03/2026, HDFCH00877919426," NETBANK, MUMBAI"
, APR FOREX PRIV-1100B0226017499,,,"-163,246.00", 20/03/2026, HDFCH00877919428," NETBANK, MUMBAI"
, Ocean Network -1100B0226017498,,,"-305,597.58", 20/03/2026, HDFCH00877922081," NETBANK, MUMBAI"
, Charan Gupta C-1100B0226017495,,,"-17,700.00", 20/03/2026, HDFCH00877923350," NETBANK, MUMBAI"
, QAPITA EQUITYT-1100B0226017500,,,"-135,000.00", 20/03/2026, 603203919704," NETBANK, MUMBAI"
, RTGS Cr ECMS-UBIN0551384-CMRLTD201LCU100856-M F METALS-513805010000059,," 5,000,000.00",, 20/03/2026, UBINR22026032001977251, FORT
, COMM ON LIQD OF IMP COLL BILL,,,-177, 20/03/2026, 612BC05260790002," KUNDLI, SONEPAT"
, SUNLITE RECYCL-1100B0226017501,,,"-237,568.74", 20/03/2026, 603203956675," NETBANK, MUMBAI"
," RTGS Dr-RATN0000990-CMRGreenTechnologiesLimited-NETBANK, MUM-HDFCR52026032084514836",,,"-1,308,712.00", 20/03/2026, HDFCR52026032084514836," NETBANK, MUMBAI"
, COMM ON LIQD OF IMP COLL BILL,,,-177, 20/03/2026, 612BC05260790005," KUNDLI, SONEPAT"
, COMM ON LIQD OF IMP COLL BILL,,,-177, 20/03/2026, 612BC05260790006," KUNDLI, SONEPAT"
, INW 180326I049905351 USD154133.92@93.47,," 14,406,897.50",, 20/03/2026, 200326315484," NETBANK, MUMBAI"
, 180326I049905351 DPO2607977063765 IGST,,,"-3,403.24", 20/03/2026, 200326315491," NETBANK, MUMBAI"
, RTGS Cr-UTIB0000039-CMR GREEN TECHNOLOGIES LIMITED FORMERLY-CENTURY METAL RECYCLING LIMITE-UTIBR62026032064538655,," 32,800,000.00",, 20/03/2026, UTIBR62026032064538655, CMS TF WBO MUMBAI
, FT603204460466-CMR GREEN TECHNOLOGIES L57FT-57500000342857,," 61,525,400.29",, 20/03/2026, 603204460466," NETBANK, MUMBAI"
, 00930310001264-1264,,,"-50,000,000.00", 20/03/2026, 603204404085," NETBANK, MUMBAI"
, FT603204489686-CMR ALUMINIUM PRIVATE LTD FT 0028-57500000540028,," 70,000,000.00",, 20/03/2026, 603204489686," NETBANK, MUMBAI"
, RTGS Cr-SBIN0004298-M s Century Metal Recycling Private-Century Metal Rceycling Pvt Ltd-SBINR12026032020975429,," 10,000,000.00",, 20/03/2026, SBINR12026032020975429, CMS TF WBO MUMBAI
, RTGS Cr-SBIN0004298-M s Century Metal Recycling Private-Century Metal Rceycling Pvt Ltd-SBINR12026032020975431,," 10,000,000.00",, 20/03/2026, SBINR12026032020975431, CMS TF WBO MUMBAI
, RTGS Cr-SBIN0004298-M s Century Metal Recycling Private-Century Metal Rceycling Pvt Ltd-SBINR12026032020975430,," 10,000,000.00",, 20/03/2026, SBINR12026032020975430, CMS TF WBO MUMBAI
, RTGS Cr-SBIN0004298-M s Century Metal Recycling Private-Century Metal Rceycling Pvt Ltd-SBINR12026032020975420,," 10,000,000.00",, 20/03/2026, SBINR12026032020975420, CMS TF WBO MUMBAI
, RTGS Cr-SBIN0004298-M s Century Metal Recycling Private-Century Metal Rceycling Pvt Ltd-SBINR12026032020975448,," 10,000,000.00",, 20/03/2026, SBINR12026032020975448, CMS TF WBO MUMBAI
," RTGS Dr-FDRL0001528-CMRECOALUMINIUMPRIVATELIMITED-NETBANK, MUM-HDFCR52026032084593558",,,"-140,500,000.00", 20/03/2026, HDFCR52026032084593558," NETBANK, MUMBAI"
, 0002380512-20 03 2026-HDFC6416,," 1,513,839.50",, 20/03/2026, 603204471429," NETBANK, MUMBAI"
, 0002380513-20 03 2026-HDFC6416,," 9,833,043.13",, 20/03/2026, 603204471433," NETBANK, MUMBAI"
, INW 200326I049900138 USD50401.0@93.57,," 4,716,021.57",, 20/03/2026, 200326325078," NETBANK, MUMBAI"
, 200326I049900138 DPO2607977071320 IGST,,,"-1,658.88", 20/03/2026, 200326325085," NETBANK, MUMBAI"
, NEFT Cr ECMS-UTIB0003112-CMRLTD151LCU101486-ADITYA ENTERPRISES-921020054868210,," 676,730.00",, 20/03/2026, AXOMB07902131478, FORT
, FT Cr ECMS-CMRLTD151LCU101557-S G M METAL COMPANY-50200085699296,," 2,272,812.00",, 20/03/2026, NBVU6EHDWRHILBWU," NETBANK, MUMBAI"
, RTGS Cr-YESB0000403-TRADE CLEARING ACCOUNT-CMR GREEN TECHNOLOGIES LTD-YESBR52026032057395455,," 2,676,027.00",, 20/03/2026, YESBR52026032057395455, FORT
, FT Cr ECMS-CMRGR1100LCU101902-PRATEEK TRADERS-01532320000994,," 550,000.00",, 20/03/2026, NBVNET8OCFXUKRDT," NETBANK, MUMBAI"
3/21/2026,Opening balance,"-86,338,665.88",,,,,
, FT Cr ECMS-CMRGR1100LCU100963-HEAVEN TRADING COMPANY-50200074139709,," 1,467,750.00",, 21/03/2026, NBTHAEEHJCECWLPK," NETBANK, MUMBAI"
, IMPS CR ECMS-9751-cmrgr1100lcu101943-MR TRADING CO-89650005280,," 500,000.00",, 21/03/2026, 608008220432, FARIDABAD HARYANA
, IMPS CR ECMS-9751-cmrgr1100lcu101943-MR TRADING CO-89650005280,," 160,000.00",, 21/03/2026, 608008220622, FARIDABAD HARYANA
, FT-1PAYVAM300045762-CMR GREEN TECHNOLOGIES LIMITED,,,-10, 21/03/2026, 603214898804," NETBANK, MUMBAI"
, 57500000863497-ECO,,,"-20,000,000.00", 21/03/2026, 603214807888," NETBANK, MUMBAI"
, FT-1PAYVAM300045762-CMR GREEN TECHNOLOGIES LIMITED,,,"-14,990.00", 21/03/2026, 603214898884," NETBANK, MUMBAI"
, Extreme Motors-1100B0226017526,,,"-300,000.00", 21/03/2026, 603214908287," NETBANK, MUMBAI"
, Sterling Autom-1100B0226017525,,,"-25,280.58", 21/03/2026, 603214851572," NETBANK, MUMBAI"
, RTGS Cr-ICIC0099999-RICO AUTO INDUSTRIES LIMITED-CMR GREEN TECHNOLOGIES LIMITED-ICICR22026032115194611,," 4,426,221.32",, 21/03/2026, ICICR22026032115194611, FORT
, FT Cr ECMS-CMRGR1100LCU101964-SHREE RADHA ENTERPRISE-50200066931940,," 2,200,000.00",, 21/03/2026, NBLTN3YPVDEHFPZI," NETBANK, MUMBAI"
3/22/2026,Opening balance,"-97,924,975.14",,,,,
, NEFT Cr ECMS-UTIB0002437-CMRGR1100LCU100989-AMAR ENTERPRISES-918020057712936,," 680,500.00",, 22/03/2026, AXOMB08102038342, FORT
, FT Cr ECMS-CMRGR1100LCU101661-MOURYA ENTERPRISES-50200068028400,," 657,339.00",, 22/03/2026, HDFCD7BB49933BD6," NETBANK, MUMBAI"
3/23/2026,Opening balance,"-96,587,136.14",,,,,
, IMPS CR ECMS-9229-CMRGR1100LCU101042-BHAWANA ENTERPRISES-140105001942,," 100,000.00",, 23/03/2026, 608205421333, FARIDABAD HARYANA
, IMPS CR ECMS-9229-CMRGR1100LCU101042-BHAWANA ENTERPRISES-140105001942,," 114,524.00",, 23/03/2026, 608205420674, FARIDABAD HARYANA
, RTGS Cr ECMS-CNRB0019260-CMRGR1100LCU100355-M S MANUFACTURING AN-120028091709,," 500,556.00",, 23/03/2026, CNRBR52026032380851514, FORT
, IMPS CR ECMS-9211-CMRGR1100LCU101769-NAEEMJAVED-919020035458367,," 35,400.00",, 23/03/2026, 608212456504, FARIDABAD HARYANA
, FT Cr ECMS-CMRGR1100LCU101982-BAHUBALI NAMO METALLOYS LLP-50200112148180,," 13,400,000.00",, 23/03/2026, 1535137048, CBX Internet System Mumbai
, RTGS Cr ECMS-CNRB0019260-CMRGR1100LSU101904-SAWA ENTERPRISES-125005017703,," 310,000.00",, 23/03/2026, CNRBR52026032380860330, FORT
, NEFT Cr ECMS-CNRB0019251-CMRLTD152LCU101556-M S ENTERPRISES-92511400000402,," 750,000.00",, 23/03/2026, CNRBH00119554856, FORT
, RTGS Cr ECMS-UBIN0535443-CMRGR1100LCU101948-H.R.PRECISION TOOLS-354401010035039,," 720,000.00",, 23/03/2026, UBINR22026032301073809, FORT
, Maersk Line In-1100B0226017533,,,"-24,791.80", 23/03/2026, HDFCH00880914505," NETBANK, MUMBAI"
, ODEX INDIA SOL-1100B0226017623,,,"-593,958.90", 23/03/2026, HDFCH00880920958," NETBANK, MUMBAI"
, ODEX INDIA SOL-1100B0226017617,,,"-1,626,503.74", 23/03/2026, HDFCH00880921094," NETBANK, MUMBAI"
, RTGS Cr ECMS-UTIB0000806-CMRGR1100LCU101508-SIDDHANATH JEWELLERS AND REFIN-923020003815564,," 3,700,000.00",, 23/03/2026, UTIBR62026032364884547, FORT
, RTGS Cr ECMS-PUNB0107400-CMRLTD201LCU100256-INDIAN METAL SCRAP-08281131002695,," 900,000.00",, 23/03/2026, PUNBR52026032314819964, FORT
, IMPS CR ECMS-9015-CMRGR1100LCU101946-GAURAV-125008988047,," 300,000.00",, 23/03/2026, 608214609739, FARIDABAD HARYANA
, CHCEG9F1FGG8I2-CBICICEGATE,,,"-7,713,814.00", 23/03/2026, 603235675712," NETBANK, MUMBAI"
, RTGS Cr ECMS-CNRB0008423-CMRGR1100LCU101946-GAURAV-125008988047,," 400,000.00",, 23/03/2026, CNRBR52026032380933619, FORT
, 57500000863497-eco,,,"-40,000,000.00", 23/03/2026, 603235660189," NETBANK, MUMBAI"
, FT603235659984-CMR ALUMINIUM PRIVATE LTD FT 0028-57500000540028,," 80,000,000.00",, 23/03/2026, 603235659984," NETBANK, MUMBAI"
, IMPS CR ECMS-9211-CMRLTD151LCU101486-ADITYAENTERPRISES-921020054868210,," 16,215.00",, 23/03/2026, 608213469297, FARIDABAD HARYANA
, IMPS CR ECMS-9052-CMRGR1100LCU101769-AMAN ENTERPRISES-0667202500004701,," 14,000.00",, 23/03/2026, 608247480544, FARIDABAD HARYANA
, RTGS Cr ECMS-SBIN0020814-CMRGR1100LCU101644-MOHAN OVERSEAS-40837102027,," 790,000.00",, 23/03/2026, SBINR52026032321193890, FORT
, ODEX INDIA SOL-1100B0226017626,,,"-88,398.52", 23/03/2026, HDFCH00881627155," NETBANK, MUMBAI"
, RTGS Cr ECMS-UTIB0000806-CMRGR1100LCU101508-SIDDHANATH JEWELLERS AND REFIN-922030054149128,," 400,000.00",, 23/03/2026, UTIBR62026032364977248, FORT
, NEFT Cr-IBKL0001342-SHREE DEV KRUPA METAL-CMR GREEN TECHNOLOGIES LIMITED-IBKL260323891694,," 100,000.00",, 23/03/2026, IBKL260323891694, FORT
, FT603235968613-CMR GREEN TECHNOLOGIES L57FT-57500000342857,," 610,000,000.00",, 23/03/2026, 603235968613," NETBANK, MUMBAI"
, 57500000540028-40028,,,"-100,000,000.00", 23/03/2026, 603235971189," NETBANK, MUMBAI"
, 00930310001274-1274,,,"-70,000,000.00", 23/03/2026, 603235969739," NETBANK, MUMBAI"
, 57500000261345-1345,,,"-37,500,000.00", 23/03/2026, 603235972086," NETBANK, MUMBAI"
, 00930310001264-1264,,,"-70,000,000.00", 23/03/2026, 603235973857," NETBANK, MUMBAI"
," RTGS Dr-ICIC0006303-CENTURYMETALRECYCLINGLIMITED-NETBANK, MUM-HDFCR52026032385528717",,,"-260,000,000.00", 23/03/2026, HDFCR52026032385528717," NETBANK, MUMBAI"
," RTGS Dr-SBIN0004298-CENTURYMETALRECYCLINGPVTLTD-NETBANK, MUM-HDFCR52026032385570528",,,"-80,000,000.00", 23/03/2026, HDFCR52026032385570528," NETBANK, MUMBAI"
, UTTAR BHARAT U-1100B0226017555,,,"-446,276.00", 23/03/2026, 603235321757," NETBANK, MUMBAI"
, Jubi Pack-1100B0226017546,,,"-664,100.00", 23/03/2026, 603235321800," NETBANK, MUMBAI"
, AMETEK INSTRUM-1100B0226017539,,,"-30,171.00", 23/03/2026, 603235308224," NETBANK, MUMBAI"
, AMETEK INSTRUM-1100B0226017538,,,"-45,938.00", 23/03/2026, 603235307714," NETBANK, MUMBAI"
, ALLEGIANCE PET-1100B0226017571,,,"-1,954,739.33", 23/03/2026, 603235321796," NETBANK, MUMBAI"
, Energy Saving -1100B0226017542,,,"-20,773.00", 23/03/2026, 603235321747," NETBANK, MUMBAI"
, Industrial Equ-1100B0226017550,,,"-24,497.21", 23/03/2026, 603235321808," NETBANK, MUMBAI"
, VIKAS HARDWARE-1100B0226017551,,,"-34,976.70", 23/03/2026, 603235321749," NETBANK, MUMBAI"
, Shimi Research-1100B0226017579,,,"-27,840.00", 23/03/2026, 603235371814," NETBANK, MUMBAI"
, VIJBIN BUSINES-1100B0226017566,,,"-32,967.86", 23/03/2026, 603235321782," NETBANK, MUMBAI"
, HOTEL NEW CLAS-1100B0226017558,,,"-15,186.00", 23/03/2026, HDFCH00881928587," NETBANK, MUMBAI"
, GNEXAA INFO SO-1100B0226017541,,,"-55,583.40", 23/03/2026, HDFCH00881931594," NETBANK, MUMBAI"
, Sunrise Scales-1100B0226017580,,,"-12,980.00", 23/03/2026, HDFCH00881931604," NETBANK, MUMBAI"
, Digvijay Print-1100B0226017549,,,"-6,147.80", 23/03/2026, HDFCH00881928594," NETBANK, MUMBAI"
, Foseco India L-1100B0226017582,,,"-126,555.00", 23/03/2026, HDFCH00881931618," NETBANK, MUMBAI"
, Apex Interior-1100B0226017574,,,"-139,099.55", 23/03/2026, HDFCH00881928608," NETBANK, MUMBAI"
, Davy Air Servi-1100B0226017576,,,"-75,050.40", 23/03/2026, HDFCH00881931623," NETBANK, MUMBAI"
, Unique Furnace-1100B0226017545,,,"-61,950.00", 23/03/2026, HDFCH00881933604," NETBANK, MUMBAI"
, SERVICECOM TEC-1100B0226017559,,,"-26,535.00", 23/03/2026, HDFCH00881933606," NETBANK, MUMBAI"
, LOGISNEXT INDI-1100B0226017561,,,"-311,488.50", 23/03/2026, HDFCH00881935729," NETBANK, MUMBAI"
, M.S. Engineeri-1100B0226017584,,,"-45,687.60", 23/03/2026, HDFCH00881931638," NETBANK, MUMBAI"
, Kothari Metal -1100B0226017577,,,"-1,719,617.20", 23/03/2026, HDFCH00881935738," NETBANK, MUMBAI"
, TIRUPATI TRADE-1100B0226017569,,,"-1,673,555.13", 23/03/2026, HDFCH00881933628," NETBANK, MUMBAI"
, Pacific Electr-1100B0226017547,,,"-3,186.00", 23/03/2026, HDFCH00881935760," NETBANK, MUMBAI"
, AMLINE HOTELS -1100B0226017560,,,"-8,512.00", 23/03/2026, HDFCH00881933641," NETBANK, MUMBAI"
, R C HOSPITALIT-1100B0226017563,,,"-38,428.00", 23/03/2026, HDFCH00881928662," NETBANK, MUMBAI"
, KRISHNA ENGINE-1100B0226017553,,,"-23,868.00", 23/03/2026, HDFCH00881934404," NETBANK, MUMBAI"
, Kasting House-1100B0226017543,,,"-55,530.80", 23/03/2026, HDFCH00881928674," NETBANK, MUMBAI"
, BAJRANG STEEL -1100B0226017556,,,"-61,950.00", 23/03/2026, HDFCH00881928677," NETBANK, MUMBAI"
, Shree Balaji T-1100B0226017586,,,"-1,086.12", 23/03/2026, HDFCH00881936693," NETBANK, MUMBAI"
, INNOVATIVE FIL-1100B0226017557,,,"-74,130.00", 23/03/2026, HDFCH00881936695," NETBANK, MUMBAI"
, Arte Engineeri-1100B0226017575,,,"-6,946.10", 23/03/2026, HDFCH00881931670," NETBANK, MUMBAI"
, GENDA GAS AGEN-1100B0226017554,,,"-70,759.88", 23/03/2026, HDFCH00881935836," NETBANK, MUMBAI"
, Sharma Trading-1100B0226017548,,,"-75,268.72", 23/03/2026, HDFCH00881931675," NETBANK, MUMBAI"
, RTS Fire Syste-1100B0226017544,,,"-3,597.75", 23/03/2026, HDFCH00881934983," NETBANK, MUMBAI"
, KALIBRE GLOBAL-1100B0226017570,,,"-51,684.31", 23/03/2026, HDFCH00881938696," NETBANK, MUMBAI"
, ANCHOR ROAD LI-1100B0226017552,,,"-62,542.62", 23/03/2026, HDFCH00881935039," NETBANK, MUMBAI"
, Baba Body Wor-1100B0226017585,,,"-15,098.00", 23/03/2026, HDFCH00881934511," NETBANK, MUMBAI"
, JHARSUGUDA TRA-1100B0226017483,,,"-1,869,544.80", 23/03/2026, HDFCH00881936748," NETBANK, MUMBAI"
, PYROTEK INDIA -1100B0226017562,,,"-622,512.00", 23/03/2026, HDFCH00881936749," NETBANK, MUMBAI"
, Vinay Trading -1100B0226017581,,,"-25,401.86", 23/03/2026, HDFCH00881936758," NETBANK, MUMBAI"
, Acryon Enginee-1100B0226017573,,,"-21,712.00", 23/03/2026, HDFCH00881938745," NETBANK, MUMBAI"
, ATIF TRADING C-1100B0226017568,,,"-2,387,806.65", 23/03/2026, HDFCH00881938754," NETBANK, MUMBAI"
, UNIQUE ENTERPR-1100B0226017536,,,"-16,569.00", 23/03/2026, HDFCH00881935085," NETBANK, MUMBAI"
, Pyrotek India -1100B0226017578,,,"-120,402.28", 23/03/2026, HDFCH00881935092," NETBANK, MUMBAI"
, M S JAY AMBE M-1100B0226017535,,,"-357,016.92", 23/03/2026, HDFCH00881938865," NETBANK, MUMBAI"
, SHARMA METAL-1100B0226017480,,,"-1,939,845.60", 23/03/2026, HDFCH00881936924," NETBANK, MUMBAI"
, YASHVI ELECTRI-1100B0226017537,,,"-87,000.00", 23/03/2026, HDFCH00881939037," NETBANK, MUMBAI"
, PARAS PETROPLA-1100B0226017567,,,"-973,665.36", 23/03/2026, HDFCH00881935178," NETBANK, MUMBAI"
, Krishna Sweets-1100B0226017602,,,"-39,499.99", 23/03/2026, 603235371777," NETBANK, MUMBAI"
, Shri Balaji Me-1100B0226017592,,,"-2,103,310.21", 23/03/2026, 603235371753," NETBANK, MUMBAI"
, Ankit Enterpri-1100B0226017596,,,"-169,268.88", 23/03/2026, 603235371761," NETBANK, MUMBAI"
, Shri Shyam Ent-1100B0226017598,,,"-30,578.86", 23/03/2026, 603235371767," NETBANK, MUMBAI"
, AVALON CONSULT-1100B0226017618,,,"-413,752.32", 23/03/2026, 603235375360," NETBANK, MUMBAI"
, SCOPE OVERSEAS-1100B0226017619,,,"-1,934,100.00", 23/03/2026, 603235379653," NETBANK, MUMBAI"
, Ambika Station-1100B0226017632,,,"-6,490.00", 23/03/2026, 603235479287," NETBANK, MUMBAI"
, SHOUTNHIKE-1100B0226017643,,,"-29,160.00", 23/03/2026, 603235479248," NETBANK, MUMBAI"
, KRISHNA ELECTR-1100B0226017644,,,-794, 23/03/2026, 603235479250," NETBANK, MUMBAI"
, Krishna Metall-1100B0226017587,,,"-9,027.71", 23/03/2026, 603235371740," NETBANK, MUMBAI"
, UTTAR BHARAT U-1100B0226017608,,,"-134,614.40", 23/03/2026, 603235371789," NETBANK, MUMBAI"
, N.C.R. BHARATG-1100B0226017611,,,"-238,342.59", 23/03/2026, 603235371795," NETBANK, MUMBAI"
, UTTAM METAL -1100B0226017606,,,"-96,246.70", 23/03/2026, HDFCH00881935347," NETBANK, MUMBAI"
, Pyrotek India -1100B0226017628,,,"-155,156.40", 23/03/2026, HDFCH00881938531," NETBANK, MUMBAI"
, Hind Terminals-1100B0226017630,,,"-183,933.10", 23/03/2026, HDFCH00881939990," NETBANK, MUMBAI"
, NAGAR TOUR and-1100B0226017603,,,"-544,635.00", 23/03/2026, HDFCH00881940731," NETBANK, MUMBAI"
, Ansh Marketing-1100B0226017631,,,"-19,530.00", 23/03/2026, HDFCH00881936344," NETBANK, MUMBAI"
, TUV RHEINLAND -1100B0226017637,,,"-192,307.44", 23/03/2026, HDFCH00881940737," NETBANK, MUMBAI"
, FIRST CARS PRI-1100B0226017638,,,"-13,122.20", 23/03/2026, HDFCH00881940738," NETBANK, MUMBAI"
, SETH AIR PRODU-1100B0226017612,,,"-5,782.00", 23/03/2026, HDFCH00881935461," NETBANK, MUMBAI"
, Sharma Trading-1100B0226017595,,,"-170,372.76", 23/03/2026, HDFCH00881940126," NETBANK, MUMBAI"
, HYDRO OIL FILT-1100B0226017635,,,"-10,738.00", 23/03/2026, HDFCH00881940137," NETBANK, MUMBAI"
, Usha Electric -1100B0226017600,,,"-33,327.60", 23/03/2026, HDFCH00881935512," NETBANK, MUMBAI"
, Jyoti Engineer-1100B0226017589,,,"-49,560.00", 23/03/2026, HDFCH00881935549," NETBANK, MUMBAI"
, Max Spare Limi-1100B0226017629,,,"-2,492.94", 23/03/2026, HDFCH00881935566," NETBANK, MUMBAI"
, Mahesh Agencie-1100B0226017605,,,"-2,000.80", 23/03/2026, HDFCH00881940872," NETBANK, MUMBAI"
, CHOUDHARY KARA-1100B0226017613,,,"-124,717.32", 23/03/2026, HDFCH00881938615," NETBANK, MUMBAI"
, PMA Trading Co-1100B0226017593,,,"-2,489,879.70", 23/03/2026, HDFCH00881940420," NETBANK, MUMBAI"
, Axcel Gases-1100B0226017588,,,"-22,648.92", 23/03/2026, HDFCH00881935664," NETBANK, MUMBAI"
, S.S. Movers -1100B0226017594,,,"-2,031,988.24", 23/03/2026, HDFCH00881935665," NETBANK, MUMBAI"
, BHARAT ASSOCI-1100B0226017642,,,"-277,893.00", 23/03/2026, HDFCH00881936605," NETBANK, MUMBAI"
, Unique Furnace-1100B0226017591,,,"-175,371.60", 23/03/2026, HDFCH00881938638," NETBANK, MUMBAI"
, LARSEN TOUBR-1100B0226017641,,,"-41,116.20", 23/03/2026, HDFCH00881935681," NETBANK, MUMBAI"
, KANUBHAI KHETA-1100B0226017636,,,"-284,625.00", 23/03/2026, HDFCH00881941049," NETBANK, MUMBAI"
, Dagar Enterpri-1100B0226017607,,,"-197,662.60", 23/03/2026, HDFCH00881938653," NETBANK, MUMBAI"
, EURONICS INDUS-1100B0226017646,,,"-54,659.20", 23/03/2026, 603235479256," NETBANK, MUMBAI"
, CARBON CHECK -1100B0226017648,,,"-105,299.71", 23/03/2026, 603235479264," NETBANK, MUMBAI"
, T T Motors P-1100B0226017660,,,"-726,909.30", 23/03/2026, 603235702356," NETBANK, MUMBAI"
, BLUE OKTOPUS C-1100B0226017651,,,"-97,200.00", 23/03/2026, 603235479273," NETBANK, MUMBAI"
, DSK LEGAL-1100B0226017650,,,"-1,377,194.40", 23/03/2026, 603235479270," NETBANK, MUMBAI"
, COMM ON LIQD OF IMP COLL BILL,,,-177, 23/03/2026, 612BC05260820012," KUNDLI, SONEPAT"
, SECURE SYSTEMS-1100B0226017615,,,-498.76, 23/03/2026, HDFCH00881968667," NETBANK, MUMBAI"
, Webtel Electro-1100B0226017624,,,"-16,200.00", 23/03/2026, HDFCH00881973069," NETBANK, MUMBAI"
, Jyoti Industri-1100B0226017633,,,"-20,532.00", 23/03/2026, HDFCH00881971287," NETBANK, MUMBAI"
, NATIONAL PRODU-1100B0226017645,,,"-810,000.00", 23/03/2026, HDFCH00881970075," NETBANK, MUMBAI"
, PERFECT CLEANI-1100B0226017610,,,"-29,877.12", 23/03/2026, HDFCH00881970101," NETBANK, MUMBAI"
, R RESOURCES-1100B0226017609,,,"-38,763.00", 23/03/2026, HDFCH00881972344," NETBANK, MUMBAI"
, GULAFSHA GUPTA-1100B0226017639,,,"-3,861.90", 23/03/2026, HDFCH00881973116," NETBANK, MUMBAI"
, KALIBRE GLOBAL-1100B0226017652,,,"-58,476.60", 23/03/2026, HDFCH00881971395," NETBANK, MUMBAI"
, Steel Links-1100B0226017599,,,"-2,070,485.46", 23/03/2026, HDFCH00881972373," NETBANK, MUMBAI"
, BABLI ENTERPRI-1100B0226017634,,,"-187,142.00", 23/03/2026, HDFCH00881975022," NETBANK, MUMBAI"
, SARU AIKOH CHE-1100B0226017616,,,"-177,000.00", 23/03/2026, HDFCH00881975031," NETBANK, MUMBAI"
, Steel Gems-1100B0226017601,,,"-59,708.00", 23/03/2026, HDFCH00881970351," NETBANK, MUMBAI"
, VCS ENTERPRISE-1100B0226017640,,,"-40,975.50", 23/03/2026, HDFCH00881973162," NETBANK, MUMBAI"
, RATHORE CONSUL-1100B0226017649,,,"-21,600.00", 23/03/2026, HDFCH00881974004," NETBANK, MUMBAI"
, Industrial Fir-1100B0226017597,,,"-38,268.50", 23/03/2026, HDFCH00881975079," NETBANK, MUMBAI"
, INANDS ENTERPR-1100B0226017647,,,"-160,335.00", 23/03/2026, HDFCH00881970504," NETBANK, MUMBAI"
, Shri Balaji Tr-1100B0226017590,,,"-27,947.12", 23/03/2026, HDFCH00881974052," NETBANK, MUMBAI"
, BHARTIYA CONTR-1100B0226017604,,,"-4,797.00", 23/03/2026, HDFCH00881970523," NETBANK, MUMBAI"
, BDO INDIA SERV-1100B0226017625,,,"-612,709.92", 23/03/2026, HDFCH00881970550," NETBANK, MUMBAI"
, HITECH BEARING-1100B0226017564,,,"-4,280.00", 23/03/2026, HDFCH00881974197," NETBANK, MUMBAI"
, FT603236038381-CMR GREEN TECHNOLOGIES L57FT-57500000342857,," 4,000,000.00",, 23/03/2026, 603236038381," NETBANK, MUMBAI"
, ODEX INDIA SOL-1100B0226017661,,,"-587,468.90", 23/03/2026, HDFCH00882092906," NETBANK, MUMBAI"
, RTGS Cr-ICIC0099999-RICO AUTO INDUSTRIES LIMITED-CMR GREEN TECHNOLOGIES LIMITED-ICICR22026032315222720,," 5,171,860.08",, 23/03/2026, ICICR22026032315222720, FORT
, NEFT Cr ECMS-IDFB0021315-CMRLTD201LCU100393-J V K ENTERPRISES-50000019860,," 50,000.00",, 23/03/2026, IDFB608273180499, FORT
, FT603236205573-CMR GREEN TECHNOLOGIES L57FT-57500000342857,," 210,012,748.07",, 23/03/2026, 603236205573," NETBANK, MUMBAI"
, 00930310001264-1264,,,"-30,000,000.00", 23/03/2026, 603236207961," NETBANK, MUMBAI"
, 57500000863497-ECO,,,"-40,000,000.00", 23/03/2026, 603236006106," NETBANK, MUMBAI"
," RTGS Dr-ICIC0006303-CENTURYMETALRECYCLINGLIMITED-NETBANK, MUM-HDFCR52026032385564743",,,"-5,551,000.00", 23/03/2026, HDFCR52026032385564743," NETBANK, MUMBAI"
, 00930310001274-1274,,,"-60,000,000.00", 23/03/2026, 603236003975," NETBANK, MUMBAI"
, RTGS Cr-YESB0000403-TRADE CLEARING ACCOUNT-CMR GREEN TECHNOLOGIES LTD-YESBR52026032357406796,," 3,018,216.00",, 23/03/2026, YESBR52026032357406796, FORT
, RTGS Cr ECMS-UBIN0551384-CMRLTD201LCU100856-M F METALS-513805010000059,," 9,500,000.00",, 23/03/2026, UBINR22026032301191067, FORT
, FT Cr ECMS-CMRGR1100LCU100963-HEAVEN TRADING COMPANY-50200074139709,," 763,706.00",, 24/03/2026, HDFC578C6BEFF355," NETBANK, MUMBAI"
3/24/2026,Opening balance,"9,289,429.73",,,,,
, IMPS CR ECMS-9012-CMRGR1100LCU101696-KHUSHBUENTERPRISES-45590200000197,," 20,000.00",, 24/03/2026, 608308031625, FARIDABAD HARYANA
, RTGS Cr ECMS-KKBK0000958-CMRGR1100LCU100496-GMC ENTERPRISES-0747497392,," 1,500,000.00",, 24/03/2026, KKBKR12026032400882486, FORT
, RTGS Cr ECMS-KKBK0000958-CMRGR1100LCU100496-GMC ENTERPRISES-0747497392,," 1,532,600.00",, 24/03/2026, KKBKR12026032400882804, FORT
, RTGS Cr ECMS-KVBL0002101-CMRGR1100LCU100305-SARA METAL-4204280000000512,," 640,000.00",, 24/03/2026, KVBLR52026032464840532, FORT
, FT Cr ECMS-CMRGR1100LCU101902-PRATEEK TRADERS-01532320000994,," 732,000.00",, 24/03/2026, NBP1RI3JMWMH6ALN," NETBANK, MUMBAI"
, RTGS Cr ECMS-UTIB0003207-CMRGR1100LCU101920-MAA DURGA PLAST-919020088986376,," 301,000.00",, 24/03/2026, UTIBR72026032400571784, FORT
, AMAIRA METALS-1100B0226017667,,,"-4,667,106.00", 24/03/2026, 603235873984," NETBANK, MUMBAI"
, Maruti Suzuki -1100B0226017666,,,"-7,000,000.00", 24/03/2026, HDFCH00883136660," NETBANK, MUMBAI"
, FALCON TRADER-1100B0226017668,,,"-10,404,170.28", 24/03/2026, HDFCH00883141086," NETBANK, MUMBAI"
, Jindal Impex-1100B0226017583,,,"-3,195,422.02", 24/03/2026, HDFCH00883139794," NETBANK, MUMBAI"
, SHIVAY ULTIMAT-1100B0226017565,,,"-2,887,065.36", 24/03/2026, HDFCH00883142171," NETBANK, MUMBAI"
, PATIALA STEELS-1100B0226017614,,,"-7,151,578.28", 24/03/2026, 603235371804," NETBANK, MUMBAI"
, NIKKEI CMR ALU-1100B0226017657,,,"-78,000,000.00", 24/03/2026, HDFCH00883141722," NETBANK, MUMBAI"
, NEFT Cr ECMS-PUNB0773300-CMRGR1100LCU101714-R B METALS-7733002100001712,," 100,000.00",, 24/03/2026, PUNBQ26083846969, FORT
, RTGS Cr ECMS-MAHB0001317-CMRGR1100LCU101891-SINGHAL CHEMICAL INDUSTRIES -00000060307493207,," 1,750,000.00",, 24/03/2026, MAHBR52026032423374680, FORT
, FT Cr ECMS-CMRLTD201LCU100820-MOHINI INDUSTRIES-50200033588193,," 1,534,000.00",, 24/03/2026, NBUJ7QF2LGUWGBIS," NETBANK, MUMBAI"
, CCH3KCO1FIZ164_MGVC-BILLMGVEC,,,"-662,969.51", 24/03/2026, 603246373018," NETBANK, MUMBAI"
, RTGS Cr ECMS-KKBK0000958-CMRGR1100LCU101249-WHITEROCK-9945250938,," 5,250,000.00",, 24/03/2026, KKBKR12026032400915840, FORT
, Evergreen Ship-1100B0226017696,,,"-32,322.56", 24/03/2026, HDFCH00883384067," NETBANK, MUMBAI"
, PACIFIC INTERN-1100B0226017697,,,"-196,360.17", 24/03/2026, HDFCH00883383250," NETBANK, MUMBAI"
, ODEX INDIA SOL-1100B0226017675,,,"-567,480.88", 24/03/2026, HDFCH00883384078," NETBANK, MUMBAI"
, Hyundai Mercha-1100B0226017678,,,"-62,483.88", 24/03/2026, HDFCH00883384089," NETBANK, MUMBAI"
, RTGS Cr ECMS-RATN0000198-CMRGR1100LCU101750-SUNIL METALS (INDIA)-409000488847,," 9,190,960.00",, 24/03/2026, RATNR52026032400805666, FORT
, RTGS Cr-SCBL0036001-SUNBEAM LIGHTWEIGHTING SOLUTIONS PR-CMR GREEN TECHNOLOGIES LIMITED-SCBLR12026032400807630,," 36,643,597.46",, 24/03/2026, SCBLR12026032400807630, FORT
, FT Cr ECMS-CMRGR1100LCU101964-SHREE RADHA ENTERPRISE-50200066931940,," 2,150,000.00",, 24/03/2026, NBDMABJRWSTD9I1O," NETBANK, MUMBAI"
, RTGS Cr ECMS-AUBL0002011-CMRGR1100LCU101987-S K TRADING CO-2602246710340760,," 690,000.00",, 24/03/2026, AUBLR62026032422911696, FORT
, RTGS Cr ECMS-UBIN0551384-CMRLTD201LCU100856-M F METALS-513805010000059,," 9,600,000.00",, 24/03/2026, UBINR22026032401224535, FORT
, IMPS CR ECMS-9765-CMRGR1100LCU101987-S K TRADING CO-2602246710340760,," 1,244.00",, 24/03/2026, 608312516947, FARIDABAD HARYANA
, NEFT Cr ECMS-UTIB0003207-CMRGR1100LCU101920-MAA DURGA PLAST-919020088986376,," 5,000.00",, 24/03/2026, AXOMB08302066832, FORT
, IMPS CR ECMS-9751-CMRLTD201LCU100393-J V K ENTERPRISES-50000019860,," 66,000.00",, 24/03/2026, 608314666604, FARIDABAD HARYANA
, Maruti Suzuki -1100B0226017701,,,"-6,050,000.00", 24/03/2026, HDFCH00883932263," NETBANK, MUMBAI"
, IMPS CR ECMS-9012-CMRGR1100LCU101696-KHUSHBUENTERPRISES-45590200000197,," 7,000.00",, 24/03/2026, 608315025760, FARIDABAD HARYANA
, 12540310000177-177,,,"-4,800,000.00", 24/03/2026, 603246799954," NETBANK, MUMBAI"
, IMPS CR ECMS-9015-CMRLTD151LCU101330-OM TRADING-2464201001434,," 500,000.00",, 24/03/2026, 608316899469, FARIDABAD HARYANA
, UPI-VICKY-8700813021@ybl-SBIN0016108-230099005967-Payment from Phone,," 2,950.00",, 24/03/2026, 230099005967," NETBANK, MUMBAI"
, RTGS Cr ECMS-ICIC0000011-cmrltd201lcu100720-OM SAI TRADING CASTING WORKS-661305500656,," 2,000,000.00",, 24/03/2026, ICICR42026032400575679, FORT
, IMPS CR ECMS-9229-cmrltd201lcu100720-OM SAI TRADING & CAS-661305500656,," 142,378.80",, 24/03/2026, 608316892348, FARIDABAD HARYANA
, UPI-VICKY-8700813021@axl-SBIN0016108-592290829052-Payment from Phone,," 2,950.00",, 24/03/2026, 592290829052," NETBANK, MUMBAI"
, UPI-VICKY-8700813021@ybl-SBIN0016108-168007747517-Payment from Phone,," 1,020.00",, 24/03/2026, 168007747517," NETBANK, MUMBAI"
, UPI-VICKY-8700813021@axl-SBIN0016108-337517993859-Payment from Phone,," 1,020.00",, 24/03/2026, 337517993859," NETBANK, MUMBAI"
, RTGS Cr ECMS-UBIN0551384-CMRLTD201LCU100856-M F METALS-513805010000059,," 400,000.00",, 24/03/2026, UBINR22026032401294932, FORT
, RTGS Cr-SCBL0036001-ENDURANCE TECHNOLOGIES LIMITED-CMR GREEN TECHNOLOGIES LIMITED-SCBLR12026032400821237,," 22,261,979.27",, 24/03/2026, SCBLR12026032400821237, FORT
, COMM ON LIQD OF IMP COLL BILL,,,-177, 24/03/2026, 612BC05260830013," KUNDLI, SONEPAT"
, FT Cr ECMS-CMRLTD201LCU100820-MOHINI INDUSTRIES-50200033588193,," 3,000.00",, 24/03/2026, HDFC9E77626B9AA3," NETBANK, MUMBAI"
, COMM ON LIQD OF IMP COLL BILL,,,-177, 24/03/2026, 612BC05260830015," KUNDLI, SONEPAT"
, COMM ON LIQD OF IMP COLL BILL,,,-177, 24/03/2026, 612BC05260830014," KUNDLI, SONEPAT"
, LIQUIDATION OF IMP COLL BILL,,,"-3,235,767.18", 24/03/2026, 612BC05260750006," KUNDLI, SONEPAT"
, RTGS Cr-ICIC0099999-RICO AUTO INDUSTRIES LIMITED-CMR GREEN TECHNOLOGIES LIMITED-ICICR22026032415250045,," 6,088,178.08",, 24/03/2026, ICICR22026032415250045, FORT
, FCY OUTWARD REMITTANCE,,,"-401,648.43", 24/03/2026, 612FT01260830071," KUNDLI, SONEPAT"
, FCY OUTWARD REMITTANCE,,,"-401,648.43", 24/03/2026, 612FT01260830074," KUNDLI, SONEPAT"
, IGST-ServiceCharge-STAX Upload-NCB2608382747650,,,-90, 24/03/2026, NCB2608382747650, SANDOZ - MUMBAI
, 77546545 CUSTOMER BOOKING COMMISSION,,,-500, 24/03/2026,, SANDOZ - MUMBAI
, FT Cr ECMS-CMRGR1100LCU100963-HEAVEN TRADING COMPANY-50200074139709,," 375,500.00",, 24/03/2026, HDFC946869D0616C," NETBANK, MUMBAI"
, 00930310001274-1274,,,"-70,000,000.00", 24/03/2026, 603247352251," NETBANK, MUMBAI"
, 00930310001264-1264,,,"-50,000,000.00", 24/03/2026, 603247352273," NETBANK, MUMBAI"
, RTGS Cr ECMS-UTIB0002437-CMRGR1100LCU101541-MEHAK TRADING CASTING WORKS-922020029366131,," 2,000,000.00",, 24/03/2026, UTIBR72026032400582553, FORT
, AUTO SWEEPOUT TO CMR GREEN TECHNOLOGI 57500000342857,," 129,957,108.63",, 24/03/2026,, FARIDABAD HARYANA
, AUTO SWEEPOUT TO CMR GREEN TECHNOLOGI 12540310000177,," 85,162.78",, 24/03/2026,, SRIPERAMBUDUR
3/25/2026,Opening balance,"-4,893,065.23",,,,,
, IMPS CR ECMS-9015-CMRLTD151LCU101330-OM TRADING-2464201001434,," 179,326.00",, 25/03/2026, 608400011755, FARIDABAD HARYANA
, RTGS Cr ECMS-UTIB0002437-CMRGR1100LCU101541-MEHAK TRADING CASTING WORKS-922020029366131,," 324,010.00",, 25/03/2026, UTIBR72026032500570494, FORT
, RTGS Cr ECMS-KKBK0000958-CMRGR1100LCU100496-GMC ENTERPRISES-0747497392,," 1,500,000.00",, 25/03/2026, KKBKR12026032500729173, FORT
, RTGS Cr ECMS-KKBK0000958-CMRGR1100LCU100496-GMC ENTERPRISES-0747497392,," 1,532,600.00",, 25/03/2026, KKBKR12026032500729327, FORT
, NEFT Cr ECMS-IDFB0021314-cmrgr1100lcu101943-M.R. TRADING CO.-89650005280,," 1,200,000.00",, 25/03/2026, IDFB608473457845, FORT
, FT Cr ECMS-CMRGR1100LCU101884-VIPUL TRADERS-50200076602625,," 2,150,000.00",, 25/03/2026, NBVKXXKNROWNKXOD," NETBANK, MUMBAI"
, R. P. Metal Me-1100B0226017767,,,"-25,189.73", 25/03/2026, HDFCH00885353575," NETBANK, MUMBAI"
, Mahesh Kumar T-1100B0226017708,,,"-8,000.00", 25/03/2026, HDFCH00885352047," NETBANK, MUMBAI"
, Gaurav Sharma-1100B0226017736,,,-630, 25/03/2026, HDFCH00885353578," NETBANK, MUMBAI"
, Himanshu Pardh-1100B0226017715,,,"-3,449.00", 25/03/2026, HDFCH00885354725," NETBANK, MUMBAI"
, Hemant Yadav-1100B0226017716,,,"-2,022.00", 25/03/2026, HDFCH00885353580," NETBANK, MUMBAI"
, Narender Singh-1100B0226017721,,,-282, 25/03/2026, HDFCH00885349242," NETBANK, MUMBAI"
, Ajay Kumar Pra-1100B0226017747,,,"-6,545.50", 25/03/2026, 603246614078," NETBANK, MUMBAI"
, FT-HDFC555122767-HAPPAY POOL ACCOUNT CMRG,,,"-146,314.25", 25/03/2026, 603246613908," NETBANK, MUMBAI"
, Rajesh Kumar K-1100B0226017726,,,"-7,146.00", 25/03/2026, HDFCH00885353583," NETBANK, MUMBAI"
, Ravi Kant sing-1100B0226017748,,,"-1,655.00", 25/03/2026, 603246614082," NETBANK, MUMBAI"
, Utkarsh Nigam-1100B0226017749,,,"-4,702.50", 25/03/2026, HDFCH00885349245," NETBANK, MUMBAI"
, Ravindra Prata-1100B0226017712,,,"-12,320.00", 25/03/2026, HDFCH00885352829," NETBANK, MUMBAI"
, Rajeev Ranjan -1100B0226017744,,,"-3,217.17", 25/03/2026, 603246614060," NETBANK, MUMBAI"
, Bhagat Singh-1100B0226017711,,,-750, 25/03/2026, HDFCH00885354732," NETBANK, MUMBAI"
, Vandana Patel-1100B0226017738,,,"-5,554.29", 25/03/2026, HDFCH00885352056," NETBANK, MUMBAI"
, Piyush Jain-1100B0226017740,,,-610, 25/03/2026, HDFCH00885354735," NETBANK, MUMBAI"
, Sarvesh kumar-1100B0226017717,,,"-2,400.00", 25/03/2026, 603246613918," NETBANK, MUMBAI"
, Vishal-1100B0226017742,,,"-2,600.00", 25/03/2026, HDFCH00885351197," NETBANK, MUMBAI"
, Rishabh Saini-1100B0226017739,,,"-13,166.50", 25/03/2026, HDFCH00885351198," NETBANK, MUMBAI"
, Abhishek Soam-1100B0226017719,,,"-4,042.50", 25/03/2026, HDFCH00885353587," NETBANK, MUMBAI"
, Chandan Kumar-1100B0226017714,,,"-2,322.00", 25/03/2026, 603246614124," NETBANK, MUMBAI"
, Ashok Kumar-1100B0226017728,,,"-5,823.30", 25/03/2026, HDFCH00885351203," NETBANK, MUMBAI"
, Pawan-1100B0226017729,,,"-1,590.00", 25/03/2026, 603246613989," NETBANK, MUMBAI"
, Hitesh Pant-1100B0226017735,,,-735.31, 25/03/2026, HDFCH00885351207," NETBANK, MUMBAI"
, Tulsi Ram Yada-1100B0226017709,,,"-10,982.00", 25/03/2026, HDFCH00885354738," NETBANK, MUMBAI"
, Sachin Sharma-1100B0226017725,,,"-54,900.00", 25/03/2026, HDFCH00885353588," NETBANK, MUMBAI"
, Ashish Kumar G-1100B0226017733,,,"-2,000.00", 25/03/2026, 603246614008," NETBANK, MUMBAI"
, VISHAL CHAUHAN-1100B0226017745,,,"-2,386.00", 25/03/2026, HDFCH00885351210," NETBANK, MUMBAI"
, Sujeet Kumar S-1100B0226017722,,,"-3,010.00", 25/03/2026, 603246613945," NETBANK, MUMBAI"
, Ashutosh Anand-1100B0226017730,,,"-1,409.00", 25/03/2026, HDFCH00885353589," NETBANK, MUMBAI"
, Bhabani Sankar-1100B0226017741,,,"-4,800.00", 25/03/2026, HDFCH00885354745," NETBANK, MUMBAI"
, Sanjeev Kumar-1100B0226017751,,,-924, 25/03/2026, 603246614098," NETBANK, MUMBAI"
, Mukesh Kumar J-1100B0226017723,,,"-3,585.00", 25/03/2026, HDFCH00885353590," NETBANK, MUMBAI"
, Aman Kesarwani-1100B0226017737,,,"-3,187.00", 25/03/2026, 603246614034," NETBANK, MUMBAI"
, Lovekesh Kumar-1100B0226017750,,,"-3,020.30", 25/03/2026, HDFCH00885354750," NETBANK, MUMBAI"
, M. K. Traders -1100B0226017765,,,"-44,793.43", 25/03/2026, HDFCH00885351215," NETBANK, MUMBAI"
, Aarti Enterpri-1100B0226017763,,,"-1,152.42", 25/03/2026, HDFCH00885353591," NETBANK, MUMBAI"
, Naveen Kumar Y-1100B0226017732,,,-550, 25/03/2026, 603246614004," NETBANK, MUMBAI"
, Naresh Kumar-1100B0226017720,,,"-2,724.00", 25/03/2026, HDFCH00885354754," NETBANK, MUMBAI"
, SANJAY SINGH-1100B0226017734,,,"-3,264.00", 25/03/2026, HDFCH00885354756," NETBANK, MUMBAI"
, Aditi Singh-1100B0226017727,,,"-2,614.84", 25/03/2026, HDFCH00885354761," NETBANK, MUMBAI"
, Pathik Patel-1100B0226017724,,,"-7,238.70", 25/03/2026, HDFCH00885352849," NETBANK, MUMBAI"
, VedPrakash Pra-1100B0226017731,,,-630, 25/03/2026, HDFCH00885351226," NETBANK, MUMBAI"
, Peeyush Metal-1100B0226017768,,,"-45,972.04", 25/03/2026, 603246785160," NETBANK, MUMBAI"
, Rishabh Khalia-1100B0226017746,,,"-3,473.55", 25/03/2026, HDFCH00885354763," NETBANK, MUMBAI"
, NAVYA TRADING-1100B0226017791,,,"-8,485.00", 25/03/2026, 603246785110," NETBANK, MUMBAI"
, Rakesh Sharma-1100B0226017710,,,"-4,925.50", 25/03/2026, HDFCH00885352121," NETBANK, MUMBAI"
, G.M.C Enterpri-1100B0226017766,,,"-16,110.80", 25/03/2026, HDFCH00885351231," NETBANK, MUMBAI"
, VISHNU VIHAN F-1100B0226017794,,,"-19,314.38", 25/03/2026, 603246785120," NETBANK, MUMBAI"
, Naveen Kumar-1100B0226017718,,,"-3,240.00", 25/03/2026, HDFCH00885351233," NETBANK, MUMBAI"
, ALF METALS-1100B0226017804,,,"-22,644.20", 25/03/2026, 603246785143," NETBANK, MUMBAI"
, Naveen Singh-1100B0226017713,,,"-2,685.00", 25/03/2026, HDFCH00885351236," NETBANK, MUMBAI"
, Sanjay Dubey-1100B0226017743,,,"-1,840.00", 25/03/2026, HDFCH00885351237," NETBANK, MUMBAI"
, Vikas Mishra-1100B0226017752,,,"-5,533.00", 25/03/2026, HDFCH00885351239," NETBANK, MUMBAI"
, B G ENTERPRISE-1100B0226017780,,,"-71,188.14", 25/03/2026, 603246785082," NETBANK, MUMBAI"
, Shri Balaji Me-1100B0226017812,,,"-1,713,061.95", 25/03/2026, 603246800204," NETBANK, MUMBAI"
, AKSHAR METAL A-1100B0226017800,,,"-49,002.65", 25/03/2026, 603246785133," NETBANK, MUMBAI"
, M.S. METAL HR-1100B0226017807,,,"-4,342.01", 25/03/2026, 603246785150," NETBANK, MUMBAI"
, CLASS INDIA CO-1100B0226017786,,,"-77,940.08", 25/03/2026, 603246785099," NETBANK, MUMBAI"
, SHRIDHAR METAL-1100B0226017784,,,-544.86, 25/03/2026, 603246785092," NETBANK, MUMBAI"
, DBS ALLOYS-1100B0226017795,,,"-5,827.16", 25/03/2026, HDFCH00885351252," NETBANK, MUMBAI"
, BANSAL TRADERS-1100B0226017792,,,"-45,654.20", 25/03/2026, HDFCH00885352881," NETBANK, MUMBAI"
, WHITEROCK-1100B0226017777,,,"-9,590.40", 25/03/2026, HDFCH00885354786," NETBANK, MUMBAI"
, NIDHI METAL CA-1100B0226017773,,,"-192,889.59", 25/03/2026, HDFCH00885352889," NETBANK, MUMBAI"
, Prateek Metals-1100B0226017770,,,"-14,278.11", 25/03/2026, HDFCH00885353601," NETBANK, MUMBAI"
, BUDDHA IMPEX I-1100B0226017806,,,"-57,470.98", 25/03/2026, HDFCH00885351257," NETBANK, MUMBAI"
, JAIN BROTHER-1100B0226017775,,,"-30,308.46", 25/03/2026, HDFCH00885353604," NETBANK, MUMBAI"
, M.G. METALS-1100B0226017781,,,"-36,856.34", 25/03/2026, HDFCH00885352148," NETBANK, MUMBAI"
, JMD METALS REC-1100B0226017796,,,"-17,161.92", 25/03/2026, HDFCH00885353608," NETBANK, MUMBAI"
, MEHAK TRADING -1100B0226017782,,,"-7,647.10", 25/03/2026, HDFCH00885349282," NETBANK, MUMBAI"
, NEW ASIA METAL-1100B0226017799,,,"-1,762.67", 25/03/2026, HDFCH00885351263," NETBANK, MUMBAI"
, ZOYA METALS GU-1100B0226017803,,,"-2,604.41", 25/03/2026, HDFCH00885351264," NETBANK, MUMBAI"
, H R PRECISION -1100B0226017802,,,"-1,503.47", 25/03/2026, HDFCH00885353612," NETBANK, MUMBAI"
, BHARAT SCRAP F-1100B0226017813,,,"-2,259,240.95", 25/03/2026, HDFCH00885352150," NETBANK, MUMBAI"
, S.K.J. Metals -1100B0226017769,,,"-50,803.65", 25/03/2026, HDFCH00885353615," NETBANK, MUMBAI"
, SHRI RAMKRISHN-1100B0226017808,,,"-22,882.56", 25/03/2026, HDFCH00885352152," NETBANK, MUMBAI"
, DAUJI METAL IN-1100B0226017789,,,"-6,670.57", 25/03/2026, HDFCH00885351268," NETBANK, MUMBAI"
, KPS PRODUCTS-1100B0226017774,,,"-14,940.36", 25/03/2026, HDFCH00885349292," NETBANK, MUMBAI"
, NAMAN SS PRIVA-1100B0226017793,,,"-235,322.38", 25/03/2026, HDFCH00885351270," NETBANK, MUMBAI"
, KRISHNA METALS-1100B0226017776,,,"-38,029.21", 25/03/2026, HDFCH00885351271," NETBANK, MUMBAI"
, MAHAKAL ENTERP-1100B0226017778,,,"-88,247.77", 25/03/2026, HDFCH00885349295," NETBANK, MUMBAI"
, U.P. Green Rec-1100B0226017809,,,"-274,142.08", 25/03/2026, HDFCH00885351272," NETBANK, MUMBAI"
, CHETAN TRADE E-1100B0226017810,,,"-31,598.80", 25/03/2026, HDFCH00885352158," NETBANK, MUMBAI"
, PARV ENTERPRIS-1100B0226017787,,,"-3,362.68", 25/03/2026, HDFCH00885354822," NETBANK, MUMBAI"
, Amar Enterpris-1100B0226017772,,,"-9,820.98", 25/03/2026, HDFCH00885353629," NETBANK, MUMBAI"
, Saraswati Meta-1100B0226017771,,,"-5,250.64", 25/03/2026, HDFCH00885352166," NETBANK, MUMBAI"
, URBAN METALS R-1100B0226017805,,,"-12,566.41", 25/03/2026, HDFCH00885354826," NETBANK, MUMBAI"
, MATHURIA TRADE-1100B0226017790,,,"-44,607.35", 25/03/2026, HDFCH00885351273," NETBANK, MUMBAI"
, SHIVAANYA META-1100B0226017785,,,"-7,109.98", 25/03/2026, HDFCH00885351274," NETBANK, MUMBAI"
, JK SLIDE FASTN-1100B0226017801,,,"-29,922.82", 25/03/2026, HDFCH00885352173," NETBANK, MUMBAI"
, MOREY TRADERS-1100B0226017798,,,"-24,616.86", 25/03/2026, HDFCH00885355315," NETBANK, MUMBAI"
, SHRI KRISHNA M-1100B0226017797,,,"-63,765.85", 25/03/2026, HDFCH00885353636," NETBANK, MUMBAI"
, VIPUL ENTERPRI-1100B0226017779,,,"-14,368.34", 25/03/2026, HDFCH00885351276," NETBANK, MUMBAI"
, VEDANSH TRADIN-1100B0226017788,,,"-21,565.00", 25/03/2026, HDFCH00885355319," NETBANK, MUMBAI"
, SINGHAL METALL-1100B0226017811,,,-117.44, 25/03/2026, HDFCH00885353639," NETBANK, MUMBAI"
, GOYAL METAL -1100B0226017783,,,"-2,546.70", 25/03/2026, HDFCH00885353640," NETBANK, MUMBAI"
, NEFT RETURN-CLOSED ACCOUNT NUMBER-Saraswati Metal Alloy-UTIBN92026032565454135,," 5,250.64",, 25/03/2026, HDFCH00885352166, FORT
, IMPS CR ECMS-9052-CMRGR1100LCU101769-AMAN ENTERPRISES-0667202500004701,," 51,700.00",, 25/03/2026, 608447826776, FARIDABAD HARYANA
, FT CR ECMS-CMRGR1100LCU101935-TS ENTERPRISES-50200092311919,," 1,160,000.00",, 25/03/2026, 000019, RABUPURA
, FT Cr ECMS-CMRGR1100LCU100221-NIYAZ MOHD TRADING AND CASTING-59209813362326,," 718,000.00",, 25/03/2026, NBE0QOBRVXZHIXXK," NETBANK, MUMBAI"
, IMPS CR ECMS-9012-CMRGR1100LCU101696-KHUSHBUENTERPRISES-45590200000197,," 25,000.00",, 25/03/2026, 608411438779, FARIDABAD HARYANA
, RTGS Cr ECMS-ICIC0000011-CMRGR1100LCU101832-MANOJ TRADING CO.-235451000006,," 4,290,480.00",, 25/03/2026, ICICR42026032500516953, FORT
, LOCAL BILL LIQUIDATED,,,"-80,602,328.79", 25/03/2026, 612SB04260720005," KUNDLI, SONEPAT"
, IMPS CR ECMS-9751-cmrgr1100lcu101943-MR TRADING CO-89650005280,," 500,000.00",, 25/03/2026, 608412749381, FARIDABAD HARYANA
, RTGS Cr ECMS-YESB0000001-CMRGR1100LCU101732-DAUJI METAL INDUSTRIES-011227000000146,," 1,229,200.00",, 25/03/2026, YESBR12026032500034917, FORT
, FT Cr ECMS-CMRLTD201LCU100820-MOHINI INDUSTRIES-50200033588193,," 1,536,950.00",, 25/03/2026, NBFGICHHJGW4MHNN," NETBANK, MUMBAI"
, M S JUPITER PE-1100B0226017845,,,"-1,336,986.00", 25/03/2026, HDFCH00885867802," NETBANK, MUMBAI"
, SKT ENTERPRISE-1100B0226017844,,,"-1,187,477.01", 25/03/2026, HDFCH00885865179," NETBANK, MUMBAI"
, 50100596396840-Rupam Kumari 15844,,,"-206,178.00", 25/03/2026, 603246731377," NETBANK, MUMBAI"
, 50100280110192-Amit Kumar Singh 15450,,,"-123,586.00", 25/03/2026, 603246473884," NETBANK, MUMBAI"
, 603246480397Kuvar Bahadur Singh 14598,,,"-122,567.00", 25/03/2026, HDFCH00885872466," NETBANK, MUMBAI"
, 603246479402Pinaki Sutra Dhar 15909,,,"-250,743.00", 25/03/2026, HDFCH00885869755," NETBANK, MUMBAI"
, IMPS CR ECMS-9751-cmrgr1100lcu101943-MR TRADING CO-89650005280,," 300,000.00",, 25/03/2026, 608413799160, FARIDABAD HARYANA
, IMPS CR ECMS-9751-cmrgr1100lcu101943-MR TRADING CO-89650005280,," 500,000.00",, 25/03/2026, 608413837593, FARIDABAD HARYANA
, COMM ON LIQD OF IMP COLL BILL,,,-177, 25/03/2026, 612BC05260840005," KUNDLI, SONEPAT"
, FT Cr ECMS-CMRGR1100LCU101314-HERO MOTOCORP LIMITED 315-00030110000315,," 191,730,395.29",, 25/03/2026, 603258040186," NETBANK, MUMBAI"
, FT Cr ECMS-CMRGR1100LCU101319-HERO MOTOCORP LIMITED 315-00030110000315,," 5,671,942.02",, 25/03/2026, 603258040189," NETBANK, MUMBAI"
, COMM ON LIQD OF IMP COLL BILL,,,-177, 25/03/2026, 612BC05260840009," KUNDLI, SONEPAT"
, CCH3TTI1FLD5DS_DHBV-DHBVNL,,,"-4,650,952.00", 25/03/2026, 603257388882," NETBANK, MUMBAI"
, NEFT Cr ECMS-IOBA0001450-CMRGR1100LCU100984-VINAYAK INDUSTRIES-145002000001334,," 2,055,000.00",, 25/03/2026, IOBAN26084598928, FORT
, RTGS Cr ECMS-PUNB0032700-CMRLTD201LCU101001-S M INTERNATIONAL-0327002102005459,," 500,000.00",, 25/03/2026, PUNBR52026032514985098, FORT
, RTGS Cr ECMS-PUNB0032700-CMRLTD201LCU101001-S M INTERNATIONAL-0327002102005459,," 1,000,000.00",, 25/03/2026, PUNBR52026032514984889, FORT
, RTGS Cr ECMS-IDIB000K796-CMRGR1100LCU101732-DAUJI METAL INDUSTRIES-00000007776647636,," 1,500,000.00",, 25/03/2026, IDIBR52026032501229009, FORT
, IMPS CR ECMS-9012-CMRGR1100LCU101696-KHUSHBUENTERPRISES-45590200000197,," 5,000.00",, 25/03/2026, 608416605512, FARIDABAD HARYANA
, IMPS CR ECMS-9019-CMRLTD151LCU101408-SHRI SALASAR METALS-7605986608,," 500,000.00",, 25/03/2026, 608417891921, FARIDABAD HARYANA
, 57500000342857-2857,,,"-180,000,000.00", 25/03/2026, 603258518244," NETBANK, MUMBAI"
, LIQUIDATION OF IMP COLL BILL,,,"-18,595,870.05", 25/03/2026, 612BC05260560003," KUNDLI, SONEPAT"
, LIQUIDATION OF IMP COLL BILL,,,"-2,214,395.02", 25/03/2026, 612BC05260770005," KUNDLI, SONEPAT"
, RTGS Cr-UTIB0001609-SHRIRAM PISTONS RINGS LIMITED-CMR GREEN TECHNOLOGIES LIMITED-UTIBR72026032500001566,," 3,026,271.33",, 25/03/2026, UTIBR72026032500001566, FORT
, LIQUIDATION OF IMP COLL BILL,,,"-5,799,114.76", 25/03/2026, 612BC05260710002," KUNDLI, SONEPAT"
, LIQUIDATION OF IMP COLL BILL,,,"-6,305,974.72", 25/03/2026, 612BC05260660005," KUNDLI, SONEPAT"
, LOCAL BILL LIQUIDATED,,,"-96,465,461.36", 25/03/2026, 612SB04260720003," KUNDLI, SONEPAT"
, IMPS CR ECMS-9015-CMRLTD201LCU101235-SUSHILA ENTERPRISES-92601010001293,," 500,000.00",, 25/03/2026, 608418204698, FARIDABAD HARYANA
, RTGS Cr ECMS-ICIC0000011-CMRGR1100LCU101042-BHAWANA ENTERPRISES-140105001942,," 1,167,964.00",, 25/03/2026, ICICR42026032500591003, FORT
, FALCON TRADER-1100B0226017816,,,"-3,358,965.40", 25/03/2026, HDFCH00887069795," NETBANK, MUMBAI"
, RTGS Cr-UTIB0000039-CMR GREEN TECHNOLOGIES LIMITED FORMERLY-CENTURY METAL RECYCLING LIMITE-UTIBR62026032565709948,," 60,000,000.00",, 25/03/2026, UTIBR62026032565709948, CMS TF WBO MUMBAI
, FS Internation-1100B0226017847,,,"-20,178.00", 25/03/2026, 603257498551," NETBANK, MUMBAI"
, MUNDHRA BROTHE-1100B0226017843,,,"-238,508.00", 25/03/2026, 603257496936," NETBANK, MUMBAI"
, TOYOTA TSUSHO -1100B0226017842,,,"-224,849.29", 25/03/2026, 603257484659," NETBANK, MUMBAI"
, FS Internation-1100B0226017851,,,"-107,616.00", 25/03/2026, 603257499683," NETBANK, MUMBAI"
, TOYOTA TSUSHO -1100B0226017841,,,"-41,585.53", 25/03/2026, 603257484077," NETBANK, MUMBAI"
, TOYOTA TSUSHO -1100B0226017840,,,"-1,833,564.81", 25/03/2026, 603257483634," NETBANK, MUMBAI"
, MAHALAXMI TRAD-1100B0226017852,,,"-17,255.96", 25/03/2026, HDFCH00887139155," NETBANK, MUMBAI"
, SURESALES AUTO-1100B0226017849,,,"-6,106.50", 25/03/2026, HDFCH00887140641," NETBANK, MUMBAI"
, URSS Techservi-1100B0226017846,,,"-3,825.00", 25/03/2026, HDFCH00887139855," NETBANK, MUMBAI"
, SARU AIKOH CHE-1100B0226017848,,,"-47,790.00", 25/03/2026, HDFCH00887140679," NETBANK, MUMBAI"
, RTGS Cr ECMS-CNRB0018238-CMRGR1100LCU101630-PARV ENTERPRISES-125007431698,," 350,000.00",, 25/03/2026, CNRBR52026032581277878, FORT
, NEFT Cr ECMS-KKBK0000958-CMRGR1100LCU101760-NIA METALS-3347508444,," 90,000.00",, 25/03/2026, KKBKH26084922544, FORT
, INW 240326I049914607 EUR18956.7@108.71,," 2,060,782.86",, 25/03/2026, 250326284135," NETBANK, MUMBAI"
, 240326I049914607 DPO2608484792154 IGST,,,"-1,180.94", 25/03/2026, 250326284142," NETBANK, MUMBAI"
, INW 230326I049906256 USD80707.0@93.75,," 7,566,281.25",, 25/03/2026, 250326284833," NETBANK, MUMBAI"
, 230326I049906256 DPO2608484814280 IGST,,,"-2,171.93", 25/03/2026, 250326284840," NETBANK, MUMBAI"
, RTGS Cr-ICIC0099999-RICO AUTO INDUSTRIES LIMITED-CMR GREEN TECHNOLOGIES LIMITED-ICICR22026032515281740,," 2,210,923.08",, 25/03/2026, ICICR22026032515281740, FORT
, LIQUIDATION OF IMP COLL BILL,,,"-6,275,104.18", 25/03/2026, 612BC05260680005," KUNDLI, SONEPAT"
, HUDEI METALS P-1100B0226017868,,,"-2,965,747.24", 25/03/2026, HDFCH00887449222," NETBANK, MUMBAI"
, RTGS Cr-SBIN0004298-CMR NIKKEI INDIA PVT LTD-Century Metal Recycling Limited-SBINR12026032521637645,," 10,000,000.00",, 25/03/2026, SBINR12026032521637645, CMS TF WBO MUMBAI
, RTGS Cr-SBIN0004298-CMR NIKKEI INDIA PVT LTD-Century Metal Recycling Limited-SBINR12026032521637644,," 10,000,000.00",, 25/03/2026, SBINR12026032521637644, CMS TF WBO MUMBAI
, RTGS Cr ECMS-ICIC0000011-CMRLTD152LCU101391-PRIME RECYCLERS-038705002558,," 537,000.00",, 25/03/2026, ICICR42026032500614040, FORT
, NEFT Cr ECMS-PUNB0773300-CMRGR1100LCU101714-R B METALS-7733002100001712,," 95,000.00",, 25/03/2026, PUNBS26084499932, FORT
, RTGS Cr ECMS-UBIN0551384-CMRLTD201LCU100856-M F METALS-513805010000059,," 4,000,000.00",, 25/03/2026, UBINR22026032501467439, FORT
, AUTO SWEEPOUT TO CMR GREEN TECHNOLOGI 57500000342857,," 1,926,389.48",, 25/03/2026,, FARIDABAD HARYANA
, AUTO SWEEPOUT TO CMR GREEN TECHNOLOGI 12540310000177,," 20,000,000.00",, 25/03/2026,, SRIPERAMBUDUR
3/26/2026,Opening balance,"-80,353,630.86",,,,,
, IMPS CR ECMS-9024-CMRLTD201LCU101001-S M INTERNATIONAL-0327002102005459,," 174,000.00",, 26/03/2026, 608501924494, FARIDABAD HARYANA
, RTGS Cr ECMS-PUNB0032700-CMRLTD201LCU101001-S M INTERNATIONAL-0327002102005459,," 600,000.00",, 26/03/2026, PUNBR52026032615006866, FORT
, RTGS Cr ECMS-ICIC0000011-CMRGR1100LCU101807-BANSAL TRADERS-235451000005,," 8,042,267.00",, 26/03/2026, ICICR42026032600501837, FORT
, FT Cr ECMS-CMRLTD152LCU101434-AMIT ALLOYS COMPANY-99997635077350,," 766,544.00",, 26/03/2026, HDFC392EE443DE67," NETBANK, MUMBAI"
, RTGS Cr ECMS-CNRB0019260-CMRGR1100LCU101620-RITIK TRADING COMPAN-120017944599,," 750,000.00",, 26/03/2026, CNRBR52026032681298560, FORT
, FT Cr ECMS-CMRGR1100LCU101902-PRATEEK TRADERS-01532320000994,," 550,611.00",, 26/03/2026, NBQHEF43YT2EFTK8," NETBANK, MUMBAI"
, RTGS Cr-UTIB0000039-CMR GREEN TECHNOLOGIES LIMITED FORMERLY-CENTURY METAL RECYCLING LIMITE-UTIBR62026032665815009,," 70,000,000.00",, 26/03/2026, UTIBR62026032665815009, CMS TF WBO MUMBAI
, ODEX INDIA SOL-1100B0226017918,,,"-641,580.16", 26/03/2026, HDFCH00887991727," NETBANK, MUMBAI"
, ODEX INDIA SOL-1100B0226017917,,,"-2,306,348.94", 26/03/2026, HDFCH00887994912," NETBANK, MUMBAI"
, RTGS Cr ECMS-UBIN0551384-CMRLTD201LCU100856-M F METALS-513805010000059,," 5,000,000.00",, 26/03/2026, UBINR22026032601487320, FORT
, NEFT Cr ECMS-CNRB0019251-CMRLTD151LCU101556-M S ENTERPRISES-92511400000402,," 650,000.00",, 26/03/2026, CNRBH00120372791, FORT
, RTGS Cr ECMS-ICIC0006613-CMRGR1100LCU101695-R K TRADERS CASTING-661305602349,," 1,435,000.00",, 26/03/2026, ICICR52026032600405626, FORT
, RTGS Cr ECMS-UBIN0551384-CMRLTD201LCU100856-M F METALS-513805010000059,," 5,000,000.00",, 26/03/2026, UBINR22026032601497276, FORT
, RTGS Cr ECMS-CNRB0008423-CMRGR1100LCU101988-YASHASVI ENTERPRISES-120038713154,," 695,000.00",, 26/03/2026, CNRBR52026032681330081, FORT
, NEFT Cr-CNRB0005951-R J ENTERPRISES-CMR GREEN TECHNOLOGIES LD-CNRBH00120336025,," 55,000.00",, 26/03/2026, CNRBH00120336025, FORT
, RTGS Cr ECMS-ICIC0000011-CMRGR1100LCU101832-MANOJ TRADING CO.-235451000006,," 8,400,000.00",, 26/03/2026, ICICR42026032600531563, FORT
, UPI-VICKY-8700813021@axl-SBIN0016108-717274770530-Payment from Phone,," 1,020.00",, 26/03/2026, 717274770530," NETBANK, MUMBAI"
, COMM ON LIQD OF IMP COLL BILL,,,-177, 26/03/2026, 612BC05260850004," KUNDLI, SONEPAT"
, FT Cr ECMS-CMRGE1100LCU101515-ZION METALS-50200062246993,, 500.00,, 26/03/2026, NBT67MTOUUEI5QI1," NETBANK, MUMBAI"
, Maersk Line In-1100B0226017924,,,"-58,539.80", 26/03/2026, HDFCH00888352644," NETBANK, MUMBAI"
, Maersk Line In-1100B0226017919,,,"-131,757.62", 26/03/2026, HDFCH00888348125," NETBANK, MUMBAI"
, Maersk Line In-1100B0226017920,,,"-7,080.00", 26/03/2026, HDFCH00888348129," NETBANK, MUMBAI"
, RTGS Cr ECMS-PUNB0107400-CMRLTD201LCU100256-INDIAN METAL SCRAP-08281131002695,," 700,000.00",, 26/03/2026, PUNBR52026032615034565, FORT
, Maersk Line In-1100B0226017974,,,"-445,216.36", 26/03/2026, HDFCH00888365662," NETBANK, MUMBAI"
, FT Cr ECMS-CMRGR1100LSU101873 -SHRI BALAJI METAL-50200081806063,," 44,000.00",, 26/03/2026, 1541228421, CBX Internet System Mumbai
, RTGS Cr ECMS-CNRB0019260-CMRLTD201LCU101235-SUSHILA ENTERPRISES-92601010001293,," 1,140,000.00",, 26/03/2026, CNRBR52026032681358806, FORT
, COMM ON LIQD OF IMP COLL BILL,,,"-1,239.00", 26/03/2026, 612BC05260850005," KUNDLI, SONEPAT"
, FT CR ECMS-CMRGR1100LCU101894-MAANYA TRADERS-50200071645810,," 1,070,000.00",, 26/03/2026, 000032, SECTOR 22 FARIDABAD
, FT603269515414-CMR ALUMINIUM PRIVATE LTD FT 0028-57500000540028,," 20,000,000.00",, 26/03/2026, 603269515414," NETBANK, MUMBAI"
, FT Cr ECMS-CMRLTD152LCU101434-AMIT ALLOYS COMPANY-99997635077350,," 18,000.00",, 26/03/2026, HDFCF573C42C35CA," NETBANK, MUMBAI"
, COMM ON LIQD OF IMP COLL BILL,,,-177, 26/03/2026, 612BC05260850006," KUNDLI, SONEPAT"
, CHQ DEP - TRANSFER OW 1 - NOIDA WBO: OSWAL ELECTRICALS PR :HDFC BANK LTD,," 927,500.00",, 26/03/2026, 000000002190, NOIDA WBO
, CHQ DEP - TRANSFER OW 1 - NOIDA WBO: OSWAL ELECTRICALS PR :HDFC BANK LTD,," 572,501.00",, 26/03/2026, 000000002189, NOIDA WBO
, RTGS Cr-SCBL0036001-SUNBEAM LIGHTWEIGHTING SOLUTIONS PR-CMR GREEN TECHNOLOGIES LIMITED-SCBLR12026032600814285,," 24,764,505.04",, 26/03/2026, SCBLR12026032600814285, FORT
, RTGS Cr-SCBL0036001-SUNBEAM LIGHTWEIGHTING SOLUTIONS PR-CMR GREEN TECHNOLOGIES LIMITED-SCBLR12026032600814324,," 45,283,124.95",, 26/03/2026, SCBLR12026032600814324, FORT
, RTGS Cr-SCBL0036001-SUNBEAM LIGHTWEIGHTING SOLUTIONS PR-CMR GREEN TECHNOLOGIES LIMITED-SCBLR12026032600814330,," 33,220,970.72",, 26/03/2026, SCBLR12026032600814330, FORT
, IMPS CR ECMS-9019-CMRLTD151LCU101408-SHRI SALASAR METALS-7605986608,," 500,000.00",, 26/03/2026, 608517988676, FARIDABAD HARYANA
, RTGS Cr-SBIN0004298-CMR NIKKEI INDIA PVT LTD-Century Metal Recycling Limited-SBINR12026032621786534,," 10,000,000.00",, 26/03/2026, SBINR12026032621786534, CMS TF WBO MUMBAI
, RTGS Cr-SBIN0004298-CMR NIKKEI INDIA PVT LTD-Century Metal Recycling Limited-SBINR12026032621786564,," 10,000,000.00",, 26/03/2026, SBINR12026032621786564, CMS TF WBO MUMBAI
, RTGS Cr-SBIN0004298-CMR NIKKEI INDIA PVT LTD-Century Metal Recycling Limited-SBINR12026032621786532,," 10,000,000.00",, 26/03/2026, SBINR12026032621786532, CMS TF WBO MUMBAI
, RTGS Cr-SBIN0004298-CMR NIKKEI INDIA PVT LTD-Century Metal Recycling Limited-SBINR12026032621786563,," 10,000,000.00",, 26/03/2026, SBINR12026032621786563, CMS TF WBO MUMBAI
, RTGS Cr-SBIN0004298-CMR NIKKEI INDIA PVT LTD-Century Metal Recycling Limited-SBINR12026032621786497,," 10,000,000.00",, 26/03/2026, SBINR12026032621786497, CMS TF WBO MUMBAI
, NEFT Cr ECMS-ICIC0SF0002-CMRGR1100LCU102004-SHREE RAM RECYCLING PRIVATE LI-503651000002,," 1,000.00",, 26/03/2026, IN42608551554445, FORT
, Shri Balaji Me-1100B0226017941,,,"-1,443,335.36", 26/03/2026, 603269226281," NETBANK, MUMBAI"
, UTKARSHA METAL-1100B0226017977,,,"-1,407,429.20", 26/03/2026, 603269564397," NETBANK, MUMBAI"
, A R STEEL-1100B0226017935,,,"-2,440,676.51", 26/03/2026, HDFCH00888665252," NETBANK, MUMBAI"
, YOTTA DATA SER-1100B0226017927,,,"-268,541.50", 26/03/2026, HDFCH00888663051," NETBANK, MUMBAI"
, SHIVAY ULTIMAT-1100B0226017948,,,"-2,234,131.71", 26/03/2026, HDFCH00888663053," NETBANK, MUMBAI"
, ENGINEERS SYND-1100B0226017925,,,"-274,760.00", 26/03/2026, HDFCH00888663054," NETBANK, MUMBAI"
, S.K. CANTEEN C-1100B0226017926,,,"-383,451.12", 26/03/2026, HDFCH00888665258," NETBANK, MUMBAI"
, BABLI ENTERPRI-1100B0226017964,,,"-36,547.00", 26/03/2026, HDFCH00888663057," NETBANK, MUMBAI"
, Prahlad Rai Ma-1100B0226017940,,,"-1,905,516.30", 26/03/2026, HDFCH00888665265," NETBANK, MUMBAI"
, Deepa Anil Vai-1100B0226017961,,,"-180,000.00", 26/03/2026, HDFCH00888662064," NETBANK, MUMBAI"
, BIOFUELCIRCLE -1100B0226017954,,,"-1,732,323.78", 26/03/2026, 603269226270," NETBANK, MUMBAI"
, SHREE KALYAN C-1100B0226017963,,,"-1,773,270.00", 26/03/2026, HDFCH00888663136," NETBANK, MUMBAI"
, JINDAL STEEL T-1100B0226017943,,,"-2,000,525.59", 26/03/2026, HDFCH00888665270," NETBANK, MUMBAI"
, SCOPE OVERSEAS-1100B0226017956,,,"-1,381,991.90", 26/03/2026, 603269226274," NETBANK, MUMBAI"
, Pranshu Singla-1100B0226017962,,,"-4,695.00", 26/03/2026, HDFCH00888665291," NETBANK, MUMBAI"
, JHALANI EXTRUS-1100B0226017946,,,"-1,953,760.90", 26/03/2026, HDFCH00888665703," NETBANK, MUMBAI"
, ALLEGIANCE PET-1100B0226017958,,,"-1,985,063.85", 26/03/2026, 603269226278," NETBANK, MUMBAI"
, BHAGWATI ENTER-1100B0226017957,,,"-1,606,417.17", 26/03/2026, HDFCH00888665297," NETBANK, MUMBAI"
, JHARSUGUDA TRA-1100B0226017947,,,"-2,160,635.40", 26/03/2026, HDFCH00888663154," NETBANK, MUMBAI"
, UNIVERSAL META-1100B0226017951,,,"-1,553,175.55", 26/03/2026, HDFCH00888664179," NETBANK, MUMBAI"
, PMA Trading Co-1100B0226017942,,,"-1,165,513.58", 26/03/2026, HDFCH00888665312," NETBANK, MUMBAI"
, CLUEBLU ENTERP-1100B0226017936,,,"-1,381,529.10", 26/03/2026, HDFCH00888666649," NETBANK, MUMBAI"
, OPTIMA METAL R-1100B0226017976,,,"-2,028,826.36", 26/03/2026, HDFCH00888665352," NETBANK, MUMBAI"
, MURARI SOFTWAR-1100B0226017932,,,"-23,200.00", 26/03/2026, HDFCH00888662100," NETBANK, MUMBAI"
, TRANSACTION SQ-1100B0226017967,,,"-167,400.00", 26/03/2026, HDFCH00888667359," NETBANK, MUMBAI"
, Mohan Agarwal-1100B0226017966,,,"-35,272.00", 26/03/2026, HDFCH00888663180," NETBANK, MUMBAI"
, FUELBUDDY FUTU-1100B0226017928,,,"-2,135,520.00", 26/03/2026, HDFCH00888667369," NETBANK, MUMBAI"
, METACYCLE GLOB-1100B0226017938,,,"-1,909,734.40", 26/03/2026, HDFCH00888663183," NETBANK, MUMBAI"
, POKAR PETROLEU-1100B0226017933,,,"-356,720.00", 26/03/2026, HDFCH00888667371," NETBANK, MUMBAI"
, PARMOD STEEL T-1100B0226017959,,,"-1,375,766.64", 26/03/2026, HDFCH00888662111," NETBANK, MUMBAI"
, MAKE MY TRIP -1100B0226017965,,,"-523,289.99", 26/03/2026, HDFCH00888667377," NETBANK, MUMBAI"
, Mahakaal Metal-1100B0226017934,,,"-1,624,743.82", 26/03/2026, HDFCH00888663192," NETBANK, MUMBAI"
, FT-1PAYVAM300045762-CMR GREEN TECHNOLOGIES LIMITED,,,"-21,000.00", 26/03/2026, 603269803667," NETBANK, MUMBAI"
, 57500000863497-eco,,,"-30,000,000.00", 26/03/2026, 603269793137," NETBANK, MUMBAI"
," RTGS Dr-UTIB0000039-CENTURYMETALRECYCLINGPVTLTD-NETBANK, MUM-HDFCR52026032687261968",,,"-69,950,000.00", 26/03/2026, HDFCR52026032687261968," NETBANK, MUMBAI"
, RTGS Cr ECMS-CNRB0018238-CMRGR1100LCU101630-PARV ENTERPRISES-125007431698,," 344,000.00",, 26/03/2026, CNRBR52026032681402447, FORT
, RTGS Cr-SBIN0004266-CRAFTSMAN AUTOMATION LIMITED-CMR GREEN TECHNOLOGIES LIMITED-SBINR12026032621806402,," 2,000,000.00",, 26/03/2026, SBINR12026032621806402, FORT
, RTGS Cr ECMS-UTIB0002437-CMRGR1100LCU101541-MEHAK TRADING CASTING WORKS-922020029366131,," 2,000,000.00",, 26/03/2026, UTIBR72026032600580663, FORT
, FT Cr ECMS-CMRGR1100LCU101661-MOURYA ENTERPRISES-50200068028400,," 1,000,000.00",, 26/03/2026, HDFC1AABFF7DE67A," NETBANK, MUMBAI"
, RTGS Cr ECMS-ICIC0000011-cmrltd201lcu100720-OM SAI TRADING CASTING WORKS-661305500656,," 2,000,000.00",, 26/03/2026, ICICR42026032600596060, FORT
, IMPS CR ECMS-9229-cmrltd201lcu100720-OM SAI TRADING & CAS-661305500656,," 9,486.00",, 26/03/2026, 608522354854, FARIDABAD HARYANA
3/27/2026,Opening balance,"64,344,519.24",,,,,
, RTGS Cr-ICIC0099999-RICO AUTO INDUSTRIES LIMITED-CMR GREEN TECHNOLOGIES LIMITED-ICICR22026032715304991,," 7,057,557.52",, 27/03/2026, ICICR22026032715304991, FORT
, IMPS CR ECMS-9211-CMRGR1100LCU101541-MEHAKTRADINGCASTINGWORKS-922020029366131,," 324,000.00",, 27/03/2026, 608625965319, FARIDABAD HARYANA
, RTGS Cr ECMS-ICIC0000011-CMRLTD151LCU101618-MAHAKALESHWAR ENTERPRISES-779405000110,," 709,121.00",, 27/03/2026, ICICR42026032700502979, FORT
, FT Cr ECMS-CMRGR1100LCU101661-MOURYA ENTERPRISES-50200068028400,," 134,594.00",, 27/03/2026, HDFC55FA3223BAC9," NETBANK, MUMBAI"
, NEFT Cr ECMS-CNRB0019251-CMRLTD152LCU101556-M S ENTERPRISES-92511400000402,," 700,000.00",, 27/03/2026, CNRBH00120563244, FORT
, RTGS Cr ECMS-BKID0000200-CMRLTD201LCU100910-JAY DWARKADHISH EXTRUSION-325025130000002,," 6,173,524.00",, 27/03/2026, BKIDR52026032700651874, FORT
, FT603270167912-CMR NIKKEI INDIA PVT LTD 1274 FT-00930310001274,," 100,000,000.00",, 27/03/2026, 603270167912," NETBANK, MUMBAI"
, FT603270167979-CMR ALUMINIUM PRIVATE LTD FT 0028-57500000540028,," 100,000,000.00",, 27/03/2026, 603270167979," NETBANK, MUMBAI"
, RTGS Cr-UTIB0000039-CMR GREEN TECHNOLOGIES LIMITED FORMERLY-CENTURY METAL RECYCLING LIMITE-UTIBR62026032766047593,," 90,000,000.00",, 27/03/2026, UTIBR62026032766047593, CMS TF WBO MUMBAI
, ODEX INDIA SOL-1100B0226017998,,,"-147,144.82", 27/03/2026, HDFCH00889606465," NETBANK, MUMBAI"
, RTGS Cr ECMS-CNRB0008423-CMRGR1100LCU101620-RITIK TRADING COMPANY-120017944599,," 3,000,000.00",, 27/03/2026, CNRBR52026032781420146, FORT
, RTGS Cr ECMS-CBIN0280278-CMRLTD202LCU101105-K P S PRODUCTS-00000003389254474,," 1,960,000.00",, 27/03/2026, CBINR52026032710002994, FORT
, 603270168392Nitesh Kumar 16029,,,"-8,708.00", 27/03/2026, HDFCH00889725064," NETBANK, MUMBAI"
, 603269576768Neeraj bansal 10523,,,"-150,000.00", 27/03/2026, HDFCH00889727148," NETBANK, MUMBAI"
, 603269575549PINTUR 12978,,,"-8,000.00", 27/03/2026, HDFCH00889731520," NETBANK, MUMBAI"
, RTGS Cr-SBIN0004298-M s Century Metal Recycling Private-Century Metal Rceycling Pvt Ltd-SBINR12026032721855376,," 10,000,000.00",, 27/03/2026, SBINR12026032721855376, CMS TF WBO MUMBAI
, RTGS Cr-SBIN0004298-M s Century Metal Recycling Private-Century Metal Rceycling Pvt Ltd-SBINR12026032721855378,," 10,000,000.00",, 27/03/2026, SBINR12026032721855378, CMS TF WBO MUMBAI
, RTGS Cr-SBIN0004298-M s Century Metal Recycling Private-Century Metal Rceycling Pvt Ltd-SBINR12026032721855377,," 10,000,000.00",, 27/03/2026, SBINR12026032721855377, CMS TF WBO MUMBAI
, RTGS Cr-SBIN0004298-M s Century Metal Recycling Private-Century Metal Rceycling Pvt Ltd-SBINR12026032721855319,," 10,000,000.00",, 27/03/2026, SBINR12026032721855319, CMS TF WBO MUMBAI
, RTGS Cr-SBIN0004298-M s Century Metal Recycling Private-Century Metal Rceycling Pvt Ltd-SBINR12026032721855374,," 10,000,000.00",, 27/03/2026, SBINR12026032721855374, CMS TF WBO MUMBAI
, RTGS Cr-SBIN0004298-M s Century Metal Recycling Private-Century Metal Rceycling Pvt Ltd-SBINR12026032721855670,," 10,000,000.00",, 27/03/2026, SBINR12026032721855670, CMS TF WBO MUMBAI
, RTGS Cr-SBIN0004298-M s Century Metal Recycling Private-Century Metal Rceycling Pvt Ltd-SBINR12026032721855623,," 10,000,000.00",, 27/03/2026, SBINR12026032721855623, CMS TF WBO MUMBAI
, RTGS Cr-SBIN0004298-M s Century Metal Recycling Private-Century Metal Rceycling Pvt Ltd-SBINR12026032721855588,," 10,000,000.00",, 27/03/2026, SBINR12026032721855588, CMS TF WBO MUMBAI
, RTGS Cr-SBIN0004298-M s Century Metal Recycling Private-Century Metal Rceycling Pvt Ltd-SBINR12026032721855651,," 10,000,000.00",, 27/03/2026, SBINR12026032721855651, CMS TF WBO MUMBAI
, IMPS CR ECMS-9019-CMRLTD151LCU101408-SHRI SALASAR METALS-7605986608,," 170,081.00",, 27/03/2026, 608612048501, FARIDABAD HARYANA
, RTGS Cr-SBIN0004298-M s Century Metal Recycling Private-Century Metal Rceycling Pvt Ltd-SBINR12026032721855621,," 10,000,000.00",, 27/03/2026, SBINR12026032721855621, CMS TF WBO MUMBAI
, 57500000342857-2857,,,"-86,700,000.00", 27/03/2026, 603270528260," NETBANK, MUMBAI"
, ODEX INDIA SOL-1100B0226018016,,,"-1,471,659.42", 27/03/2026, HDFCH00890001152," NETBANK, MUMBAI"
, Maersk Line In-1100B0226018014,,,"-283,002.94", 27/03/2026, HDFCH00890013933," NETBANK, MUMBAI"
, Maersk Line In-1100B0226018015,,,"-660,162.80", 27/03/2026, HDFCH00890006185," NETBANK, MUMBAI"
, ODEX INDIA SOL-1100B0226018019,,,"-298,339.40", 27/03/2026, HDFCH00890001154," NETBANK, MUMBAI"
, LOCAL BILL LIQUIDATED,,,"-167,283,416.39", 27/03/2026, 612SB04260720001," KUNDLI, SONEPAT"
, LOCAL BILL LIQUIDATED,,,"-136,041,433.00", 27/03/2026, 612SB04260720006," KUNDLI, SONEPAT"
, RAVI METALS P-1100B0226017929,,,"-11,506,849.32", 27/03/2026, HDFCH00890125615," NETBANK, MUMBAI"
, RAVI METALS P-1100B0226017930,,,"-11,800,686.29", 27/03/2026, HDFCH00890137270," NETBANK, MUMBAI"
, RTGS Cr ECMS-UBIN0551384-CMRLTD201LCU100856-M F METALS-513805010000059,," 7,600,000.00",, 27/03/2026, UBINR22026032701606126, FORT
, NEFT Cr-CNRB0005951-R J ENTERPRISES-CMR GREEN TECHNOLOGIES LD-CNRBH00120554207,," 49,223.00",, 27/03/2026, CNRBH00120554207, FORT
, COMM ON LIQD OF IMP COLL BILL,,,-177, 27/03/2026, 612BC05260860005," KUNDLI, SONEPAT"
, LIQUIDATION OF IMP COLL BILL,,,"-4,276,806.46", 27/03/2026, 612BC05260840009," KUNDLI, SONEPAT"
, LIQUIDATION OF IMP COLL BILL,,,"-27,596,874.58", 27/03/2026, 612BC05260310003," KUNDLI, SONEPAT"
, LIQUIDATION OF IMP COLL BILL,,,"-25,579,592.54", 27/03/2026, 612BC05260310002," KUNDLI, SONEPAT"
, CHCEQZQ1FSWT56-CBICICEGATE,,,"-9,653,304.00", 27/03/2026, 603270630815," NETBANK, MUMBAI"
, CHCE4991FSX1NJ-CBICICEGATE,,,"-128,104.00", 27/03/2026, 603270634295," NETBANK, MUMBAI"
, LIQUIDATION OF IMP COLL BILL,,,"-11,388,307.88", 27/03/2026, 612BC05260710004," KUNDLI, SONEPAT"
, LIQUIDATION OF IMP COLL BILL,,,"-5,191,782.30", 27/03/2026, 612BC05260720007," KUNDLI, SONEPAT"
, RTGS Cr-SCBL0036001-SUNBEAM LIGHTWEIGHTING SOLUTIONS PR-CMR GREEN TECHNOLOGIES LIMITED-SCBLR12026032700818657,," 24,990,656.00",, 27/03/2026, SCBLR12026032700818657, FORT
, RTGS Cr-SBIN0004298-CMR NIKKEI INDIA PVT LTD-Century Metal Recycling Limited-SBINR12026032721956021,," 10,000,000.00",, 27/03/2026, SBINR12026032721956021, CMS TF WBO MUMBAI
, RTGS Cr-SBIN0004298-CMR NIKKEI INDIA PVT LTD-Century Metal Recycling Limited-SBINR12026032721956056,," 10,000,000.00",, 27/03/2026, SBINR12026032721956056, CMS TF WBO MUMBAI
, RTGS Cr-SBIN0004298-CMR NIKKEI INDIA PVT LTD-Century Metal Recycling Limited-SBINR12026032721956055,," 10,000,000.00",, 27/03/2026, SBINR12026032721956055, CMS TF WBO MUMBAI
, RTGS Cr-SBIN0004298-CMR NIKKEI INDIA PVT LTD-Century Metal Recycling Limited-SBINR12026032721956060,," 10,000,000.00",, 27/03/2026, SBINR12026032721956060, CMS TF WBO MUMBAI
, RTGS Cr-SBIN0004298-CMR NIKKEI INDIA PVT LTD-Century Metal Recycling Limited-SBINR12026032721956059,," 10,000,000.00",, 27/03/2026, SBINR12026032721956059, CMS TF WBO MUMBAI
, ODEX INDIA SOL-1100B0226018026,,,"-400,385.80", 27/03/2026, HDFCH00891133037," NETBANK, MUMBAI"
, Maersk Line In-1100B0226018027,,,"-139,499.60", 27/03/2026, HDFCH00891133039," NETBANK, MUMBAI"
, FT Cr ECMS-CMRGR1100LCU101842-VISHNU VIHAN FUTURE WORLD-50200102162927,," 1,120,300.00",, 27/03/2026, NBP6IK8VNW75XIXX," NETBANK, MUMBAI"
, JMD METALS REC-1100B0226017978,,,"-2,621,021.91", 27/03/2026, HDFCH00891220939," NETBANK, MUMBAI"
, SHIVAY ULTIMAT-1100B0226017937,,,"-8,295,742.06", 27/03/2026, HDFCH00891221699," NETBANK, MUMBAI"
, RAVI METALS P-1100B0226017931,,,"-5,810,764.13", 27/03/2026, HDFCH00891222766," NETBANK, MUMBAI"
, Mascot Recycli-1100B0226017975,,,"-2,710,124.65", 27/03/2026, HDFCH00891219795," NETBANK, MUMBAI"
, SCOPE OVERSEAS-1100B0226017939,,,"-3,883,377.08", 27/03/2026, 603269221791," NETBANK, MUMBAI"
, GUPTA IMPEX-1100B0226017960,,,"-3,320,746.00", 27/03/2026, HDFCH00891202015," NETBANK, MUMBAI"
, OMKAR METAL-1100B0226017949,,,"-8,462,073.86", 27/03/2026, HDFCH00891228540," NETBANK, MUMBAI"
, RAVI METALS P-1100B0226017945,,,"-3,513,574.96", 27/03/2026, HDFCH00891228541," NETBANK, MUMBAI"
, WASTE TO ENERG-1100B0226017953,,,"-2,769,323.62", 27/03/2026, 603269226268," NETBANK, MUMBAI"
, PATIALA STEELS-1100B0226017944,,,"-3,491,186.16", 27/03/2026, 603269226293," NETBANK, MUMBAI"
, AMAIRA METALS-1100B0226017955,,,"-6,739,305.80", 27/03/2026, 603269226272," NETBANK, MUMBAI"
, SHARMA METAL-1100B0226017952,,,"-6,150,812.85", 27/03/2026, HDFCH00891229904," NETBANK, MUMBAI"
, VARDHMAN RECYC-1100B0226017950,,,"-5,337,258.54", 27/03/2026, HDFCH00891230761," NETBANK, MUMBAI"
," RTGS Dr-CNRB0000307-VARDHMANRECYCLINGLLP-NETBANK, MUM-HDFCR52026032787988378",,,"-5,635,324.91", 27/03/2026, HDFCR52026032787988378," NETBANK, MUMBAI"
," RTGS Dr-UTIB0000533-BHAGWATIENTERPRISES-NETBANK, MUM-HDFCR52026032787988379",,,"-6,982,465.83", 27/03/2026, HDFCR52026032787988379," NETBANK, MUMBAI"
," RTGS Dr-ICIC0001353-HUDEIMETALSPRIVATELIMITED-NETBANK, MUM-HDFCR52026032788016493",,,"-24,463,312.75", 27/03/2026, HDFCR52026032788016493," NETBANK, MUMBAI"
," RTGS Dr-UTIB0000208-ALPHAMETALSANDALLOYS-NETBANK, MUM-HDFCR52026032787988385",,,"-4,282,793.23", 27/03/2026, HDFCR52026032787988385," NETBANK, MUMBAI"
," RTGS Dr-BARB0DUDHIA-KOTHARIMETALWORKSPRIVATELIMITED-NETBANK, MUM-HDFCR52026032787960076",,,"-16,645,168.52", 27/03/2026, HDFCR52026032787960076," NETBANK, MUMBAI"
," RTGS Dr-ICIC0008416-MAYURMETALRECYCLING-NETBANK, MUM-HDFCR52026032788012226",,,"-4,385,971.77", 27/03/2026, HDFCR52026032788012226," NETBANK, MUMBAI"
," RTGS Dr-ICIC0001401-MELTECHGREEENRESOURCESPRIVATELI-NETBANK, MUM-HDFCR52026032787988388",,,"-3,364,577.00", 27/03/2026, HDFCR52026032787988388," NETBANK, MUMBAI"
, LIQUIDATION OF IMP COLL BILL,,,"-4,682,195.33", 27/03/2026, 612BC05260660002," KUNDLI, SONEPAT"
, IMPS CR ECMS-9019-CMRLTD151LCU101408-SHRI SALASAR METALS-7605986608,," 2,100.00",, 27/03/2026, 608617079831, FARIDABAD HARYANA
, INW 250326I049900360 USD27300.0@94.5,," 2,579,850.00",, 27/03/2026, 270326385886," NETBANK, MUMBAI"
, 250326I049900360 DPO2608689874115 IGST,,,"-1,274.37", 27/03/2026, 270326385893," NETBANK, MUMBAI"
, NEFT Cr ECMS-IOBA0001450-CMRGR1100LCU100984-VINAYAK INDUSTRIES-145002000001334,," 2,125,000.00",, 27/03/2026, IOBAN26086111552, FORT
, RTGS Cr ECMS-ICIC0000011-CMRLTD201LCU100931-SAVITA INDUSTRIES-140105001924,," 680,000.00",, 27/03/2026, ICICR42026032700622423, FORT
, FT Cr ECMS-CMRLTD151LCU101331-J B TRADING-50200083168153,," 44,000.00",, 27/03/2026, HDFC40C6FD7019AF," NETBANK, MUMBAI"
, RTGS Cr ECMS-AUBL0002011-CMRGR1100LCU101987-S K TRADING CO-2602246710340760,," 691,244.00",, 27/03/2026, AUBLR62026032723049207, FORT
3/28/2026,Opening balance,"-69,806,862.11",,,,,
, AUTO SWEEPOUT TO CMR GREEN TECHNOLOGI 57500000342857,," 230,967.90",, 27/03/2026,, FARIDABAD HARYANA
, AUTO SWEEPOUT TO CMR GREEN TECHNOLOGI 12540310000177,," 3,497,185.24",, 27/03/2026,, SRIPERAMBUDUR
, IMPS CR ECMS-9015-CMRGR1100LCU101620-RITIK TRADING COMPAN-120017944599,," 400,000.00",, 28/03/2026, 608704816538, FARIDABAD HARYANA
, FT Cr ECMS-CMRGR1100LCU101884-VIPUL TRADERS-50200076602625,," 2,125,000.00",, 28/03/2026, NBKJE5YTYTXN5OAQ," NETBANK, MUMBAI"
, IMPS CR ECMS-9211-CMRGR1100LCU101110-OMNAMOMETAL-922020066935237,," 108,500.00",, 28/03/2026, 608729257974, FARIDABAD HARYANA
, RTGS Cr ECMS-PUNB0107400-CMRLTD202LCU100256-INDIAN METAL SCRAP-08281131002695,," 225,000.00",, 28/03/2026, PUNBR52026032815137279, FORT
, NEFT Cr ECMS-IDFB0021314-cmrgr1100lcu101943-M.R. TRADING CO.-89650005280,," 900,000.00",, 28/03/2026, IDFB608774114943, FORT
, IMPS CR ECMS-9229-CMRLTD201LCU100931-SAVITA INDUSTRIES-140105001924,," 30,000.00",, 28/03/2026, 608709659148, FARIDABAD HARYANA
, RTGS Cr ECMS-CNRB0019260-CMRGR1100LCU100355-M S MANUFACTURING AN-120028091709,," 834,260.00",, 28/03/2026, CNRBR52026032881566726, FORT
, IMPS CR ECMS-9052-CMRGR1100LCU101769-AMAN ENTERPRISES-0667202500004701,," 36,500.00",, 28/03/2026, 608748478727, FARIDABAD HARYANA
, FT Cr ECMS-CMRLTD201LCU100820-MOHINI INDUSTRIES-50200033588193,," 1,374,000.00",, 28/03/2026, NBUGJUCV4SVBDQEC," NETBANK, MUMBAI"
, RTGS Cr ECMS-CNRB0019251-CMRLTD151LCU101556-M S ENTERPRISES-92511400000402,," 258,000.00",, 28/03/2026, CNRBR52026032881572483, FORT
, Sterling Autom-1100B0226018055,,,"-19,351.08", 28/03/2026, 603282173627," NETBANK, MUMBAI"
, IMPS CR ECMS-9751-cmrgr1100lcu101943-MR TRADING CO-89650005280,," 500,000.00",, 28/03/2026, 608711250941, FARIDABAD HARYANA
, IMPS CR ECMS-9751-cmrgr1100lcu101943-MR TRADING CO-89650005280,," 500,000.00",, 28/03/2026, 608711251867, FARIDABAD HARYANA
, RTGS Cr ECMS-KKBK0000958-CMRGR1100LCU101249-WHITEROCK-9945250938,," 3,251,000.00",, 28/03/2026, KKBKR12026032800713361, FORT
, RTGS Cr ECMS-ICIC0000011-CMRGR1100LCU101901-SHREE KRISHANA RECYCLING INDIA-125705001461,," 3,074,844.00",, 28/03/2026, ICICR42026032800518791, FORT
, IMPS CR ECMS-9751-cmrgr1100lcu101943-MR TRADING CO-89650005280,," 500,000.00",, 28/03/2026, 608712339651, FARIDABAD HARYANA
, IMPS CR ECMS-9751-cmrgr1100lcu101943-MR TRADING CO-89650005280,," 75,000.00",, 28/03/2026, 608712341117, FARIDABAD HARYANA
, RTGS Cr ECMS-PUNB0107400-CMRLTD202LCU100256-INDIAN METAL SCRAP-08281131002695,," 600,000.00",, 28/03/2026, PUNBR52026032815145892, FORT
, Maruti Suzuki -1100B0226018066,,,"-10,000,000.00", 28/03/2026, HDFCH00893057565," NETBANK, MUMBAI"
, IMPS CR ECMS-9015-CMRGR1100LCU100174-AARTI ENTERPRISES-8430201000281,," 250,000.00",, 28/03/2026, 608718005037, FARIDABAD HARYANA
3/29/2026,Opening balance,"-61,055,956.05",,,,,
, FT Cr ECMS-CMRLTD151LCU101461-SHREE JEE METALS-50200071755012,," 940,000.00",, 29/03/2026, NB2DFOKGYPNWKSUH," NETBANK, MUMBAI"
, FT Cr ECMS-CMRLTD151LCU101461-SHREE JEE METALS-50200071755012,, 200.00,, 29/03/2026, NBECQMIZ0AOJSKP6," NETBANK, MUMBAI"
, FT Cr ECMS-CMRGR1100LCU101661-MOURYA ENTERPRISES-50200068028400,," 1,000,000.00",, 29/03/2026, HDFC00515AC717E5," NETBANK, MUMBAI"
, NEFT Cr ECMS-BKID0000200-CMRGR1100LCU101880-AKHILESH FABRICATOR-673520110000226,," 729,000.00",, 29/03/2026, BKIDP26088923136, FORT
3/30/2026,Opening balance,"-58,386,756.05",,,,,
, RTGS Cr ECMS-KKBK0000958-CMRGR1100LCU101691-VEDANSH TRADING-3850190839,," 7,514,300.00",, 30/03/2026, KKBKR12026033000946165, FORT
, FT Cr ECMS-CMRGR1100LCU101661-MOURYA ENTERPRISES-50200068028400,," 109,566.00",, 30/03/2026, HDFCC94A422E6CDC," NETBANK, MUMBAI"
, RTGS Cr ECMS-ICIC0000011-cmrltd201lcu100720-OM SAI TRADING CASTING WORKS-661305500656,," 2,000,000.00",, 30/03/2026, ICICR42026033000513118, FORT
, IMPS CR ECMS-9229-cmrltd201lcu100720-OM SAI TRADING & CAS-661305500656,," 142,934.00",, 30/03/2026, 608907605737, FARIDABAD HARYANA
, RTGS Cr ECMS-INDB0000098-CMRGR1100LCU101587-RITIKA TRADING COMPANY-259716215100,," 1,036,866.00",, 30/03/2026, INDBR32026033000739315, FORT
, FT Cr ECMS-CMRGR1100LCU100335-REHAN TRADERS-50200087498200,," 563,200.00",, 30/03/2026, HDFC6C73C836C961," NETBANK, MUMBAI"
, NEFT Cr ECMS-CNRB0019251-CMRLTD154LCU101556-M S ENTERPRISES-92511400000402,," 340,000.00",, 30/03/2026, CNRBH00120984454, FORT
, FT Cr ECMS-CMRGR1100LCU101980-M.S. METAL-50200095839652,," 476,720.00",, 30/03/2026, HDFC3E6609E89E4B," NETBANK, MUMBAI"
, IMPS CR ECMS-9751-CMRLTD201LCU100393-J V K ENTERPRISES-50000019860,," 100,000.00",, 30/03/2026, 608909023219, FARIDABAD HARYANA
, FT Cr ECMS-CMRGR1100LCU101980-M.S. METAL-50200095839652,," 117,500.00",, 30/03/2026, HDFCFA650E508A11," NETBANK, MUMBAI"
, RTGS Cr ECMS-KVBL0002101-CMRGR1100LCU100305-SARA METAL-4204280000000512,," 750,000.00",, 30/03/2026, KVBLR52026033064992612, FORT
, RTGS Cr ECMS-ICIC0000011-CMRGR1100LCU101733-SHREE VINAYAK METALS-007105010931,," 655,490.00",, 30/03/2026, ICICR42026033000519471, FORT
, RTGS Cr ECMS-DBSS0IN0811-CMRGR1100LCU101861-DBS ALLOYS-8138200000007511,," 3,110,598.00",, 30/03/2026, DBSSR52026033008246272, FORT
, IMPS-608910199697-LAXMIWOVIPINKUMAR-BARB-xxxxxxxxxx3634-ShreeShyamEnterprises,," 50,000.00",, 30/03/2026, 608910199697, FARIDABAD HARYANA
, COMM ON LIQD OF IMP COLL BILL,,,-177, 30/03/2026, 612BC05260890001," KUNDLI, SONEPAT"
, RTGS Cr ECMS-YESB0000001-CMRGR1100LCU101972-SUN SHINE ENTERPRISES-048761900000594,," 500,700.00",, 30/03/2026, YESBR12026033000030850, FORT
, COMM ON LIQD OF IMP COLL BILL,,,-177, 30/03/2026, 612BC05260890002," KUNDLI, SONEPAT"
, LOCAL BILL LIQUIDATED,,,"-102,977,608.46", 30/03/2026, 612SB04260720002," KUNDLI, SONEPAT"
, RTGS Cr ECMS-SBIN0030203-CMRGR1100LCU101333-OPTIMA METAL RECYCLERS-43024599494,," 1,400,365.00",, 30/03/2026, SBINR12026033022170164, FORT
, COMM ON LIQD OF IMP COLL BILL,,,-177, 30/03/2026, 612BC05260890003," KUNDLI, SONEPAT"
, IMPS CR ECMS-9751-CMRLTD201LCU100393-J V K ENTERPRISES-50000019860,," 150,000.00",, 30/03/2026, 608911242022, FARIDABAD HARYANA
, CLIFFLINE SHIP-1100B0226018131,,,"-481,884.88", 30/03/2026, 603303396511," NETBANK, MUMBAI"
, CLIFFLINE SHIP-1100B0226018130,,,"-20,000.00", 30/03/2026, 603303392179," NETBANK, MUMBAI"
, ODEX INDIA SOL-1100B0226018126,,,"-1,625,085.54", 30/03/2026, HDFCH00894961143," NETBANK, MUMBAI"
, Maersk Line In-1100B0226018128,,,"-30,986.80", 30/03/2026, HDFCH00894958695," NETBANK, MUMBAI"
, Maersk Line In-1100B0226018129,,,"-131,757.62", 30/03/2026, HDFCH00894961159," NETBANK, MUMBAI"
, Maersk Line In-1100B0226018127,,,"-100,770.82", 30/03/2026, HDFCH00894961160," NETBANK, MUMBAI"
, FT Cr ECMS-CMRGR1100LCU100221-NIYAZ MOHD TRADING AND CASTING-59209813362326,," 392,000.00",, 30/03/2026, NBYLKYDKNLNIYIL9," NETBANK, MUMBAI"
, RTGS Cr ECMS-UJVN0002204-CMRGR1100LCU101893-PRIME METALLURGICAL ENTERPRISE-2204230110000001,," 484,430.00",, 30/03/2026, UJVNR92026033000358960, FORT
, REVERSAL,, 81.00,, 27/03/2026, 0141950260890415, CENTRALPLAZA-KOLKATA
, REVERSAL,, 81.00,, 27/03/2026, 0141950260890418, CENTRALPLAZA-KOLKATA
, REVERSAL,, 900.00,, 27/03/2026, 0141950260890417, CENTRALPLAZA-KOLKATA
, RTGS Cr-SBIN0004298-M s Century Metal Recycling Private-Century Metal Rceycling Pvt Ltd-SBINR12026033022197177,," 10,000,000.00",, 30/03/2026, SBINR12026033022197177, CMS TF WBO MUMBAI
, RTGS Cr-SBIN0004298-M s Century Metal Recycling Private-Century Metal Rceycling Pvt Ltd-SBINR12026033022197181,," 10,000,000.00",, 30/03/2026, SBINR12026033022197181, CMS TF WBO MUMBAI
, RTGS Cr-SBIN0004298-M s Century Metal Recycling Private-Century Metal Rceycling Pvt Ltd-SBINR12026033022197157,," 10,000,000.00",, 30/03/2026, SBINR12026033022197157, CMS TF WBO MUMBAI
, RTGS Cr-SBIN0004298-M s Century Metal Recycling Private-Century Metal Rceycling Pvt Ltd-SBINR12026033022197163,," 10,000,000.00",, 30/03/2026, SBINR12026033022197163, CMS TF WBO MUMBAI
, RTGS Cr-SBIN0004298-M s Century Metal Recycling Private-Century Metal Rceycling Pvt Ltd-SBINR12026033022197162,," 10,000,000.00",, 30/03/2026, SBINR12026033022197162, CMS TF WBO MUMBAI
, RTGS Cr-SBIN0004298-M s Century Metal Recycling Private-Century Metal Rceycling Pvt Ltd-SBINR12026033022197155,," 10,000,000.00",, 30/03/2026, SBINR12026033022197155, CMS TF WBO MUMBAI
, RTGS Cr-SBIN0004298-M s Century Metal Recycling Private-Century Metal Rceycling Pvt Ltd-SBINR12026033022197284,," 10,000,000.00",, 30/03/2026, SBINR12026033022197284, CMS TF WBO MUMBAI
, RTGS Cr-SBIN0004298-M s Century Metal Recycling Private-Century Metal Rceycling Pvt Ltd-SBINR12026033022197290,," 10,000,000.00",, 30/03/2026, SBINR12026033022197290, CMS TF WBO MUMBAI
, RTGS Cr-SBIN0004298-M s Century Metal Recycling Private-Century Metal Rceycling Pvt Ltd-SBINR12026033022197289,," 10,000,000.00",, 30/03/2026, SBINR12026033022197289, CMS TF WBO MUMBAI
, RTGS Cr-SBIN0004298-M s Century Metal Recycling Private-Century Metal Rceycling Pvt Ltd-SBINR12026033022197288,," 10,000,000.00",, 30/03/2026, SBINR12026033022197288, CMS TF WBO MUMBAI
, 57500000863497-1240 3497,,,"-10,000,000.00", 30/03/2026, 603303549653," NETBANK, MUMBAI"
, NEFT Cr ECMS-SCBL0036001-CMRLTD201LCU101119-SHYAM CHEMICALS PRIVATE LIMITE-22506174332,," 5,000,000.00",, 30/03/2026, SCBLH08901387965, FORT
, NEFT Cr ECMS-SCBL0036001-CMRLTD201LCU101119-SHYAM CHEMICALS PRIVATE LIMITE-22506174332,," 5,000,000.00",, 30/03/2026, SCBLH08901387957, FORT
, NEFT Cr ECMS-SCBL0036001-CMRLTD201LCU101119-SHYAM CHEMICALS PRIVATE LIMITE-22506174332,," 5,000,000.00",, 30/03/2026, SCBLH08901387955, FORT
, NEFT Cr ECMS-SCBL0036001-CMRLTD201LCU101119-SHYAM CHEMICALS PRIVATE LIMITE-22506174332,," 5,000,000.00",, 30/03/2026, SCBLH08901387944, FORT
, NEFT Cr ECMS-SCBL0036001-CMRLTD201LCU101119-SHYAM CHEMICALS PRIVATE LIMITE-22506174332,," 5,000,000.00",, 30/03/2026, SCBLH08901387937, FORT
, NEFT Cr ECMS-SCBL0036001-CMRLTD201LCU101119-SHYAM CHEMICALS PRIVATE LIMITE-22506174332,," 842,000.00",, 30/03/2026, SCBLH08901387951, FORT
, RTGS Cr-ICIC0099999-RICO AUTO INDUSTRIES LIMITED-CMR GREEN TECHNOLOGIES LIMITED-ICICR22026033015364625,," 2,553,380.60",, 30/03/2026, ICICR22026033015364625, FORT
, RTGS Cr ECMS-CNRB0008423-CMRGR1100LCU101988-YASHASVI ENTERPRISES-120038713154,," 1,110,000.00",, 30/03/2026, CNRBR52026033081700054, FORT
, NEFT Cr-ICIC0003494-S K METAL RECYCLING-CMR GREEN TECHNOLOGIES LTD-IN52608900587340,," 100,000.00",, 30/03/2026, IN52608900587340, FORT
, NEFT Cr ECMS-CNRB0019260-CMRGR1100LCU101620-RITIK TRADING COMPANY-120017944599,," 450,000.00",, 30/03/2026, CNRBH00121135702, FORT
, IMPS CR ECMS-9757-CMRGR1100LCU101893-PRIME METALLURGICAL ENTERPRISE-2204230110000001,," 4,000.00",, 30/03/2026, 608914586970, FARIDABAD HARYANA
, NEFT Cr ECMS-PUNB0107400-CMRLTD202LCU100256-INDIAN METAL SCRAP-08281131002695,," 110,000.00",, 30/03/2026, PUNBW26089427284, FORT
, 73038586CCEETTDEL2CANNOMINT77876928,,,"-12,887,500.00", 30/03/2026,, SANDOZ - MUMBAI
, COMM ON LIQD OF IMP COLL BILL,,,-177, 30/03/2026, 612BC05260890004," KUNDLI, SONEPAT"
, FT - Cr - 50200096515817 - ANANYA METAL UDYOG,," 2,931,828.00",, 30/03/2026, 000000000041, FARIDABAD HARYANA
, COMM ON LIQD OF IMP COLL BILL,,,-177, 30/03/2026, 612BC05260890005," KUNDLI, SONEPAT"
, RTGS Cr-SBIN0004298-M s Century Metal Recycling Private-Century Metal Rceycling Pvt Ltd-SBINR12026033022312113,," 10,000,000.00",, 30/03/2026, SBINR12026033022312113, CMS TF WBO MUMBAI
, RTGS Cr-SBIN0004298-M s Century Metal Recycling Private-Century Metal Rceycling Pvt Ltd-SBINR12026033022312110,," 10,000,000.00",, 30/03/2026, SBINR12026033022312110, CMS TF WBO MUMBAI
, RTGS Cr-SBIN0004298-M s Century Metal Recycling Private-Century Metal Rceycling Pvt Ltd-SBINR12026033022312088,," 10,000,000.00",, 30/03/2026, SBINR12026033022312088, CMS TF WBO MUMBAI
, RTGS Cr-SBIN0004298-M s Century Metal Recycling Private-Century Metal Rceycling Pvt Ltd-SBINR12026033022312144,," 10,000,000.00",, 30/03/2026, SBINR12026033022312144, CMS TF WBO MUMBAI
, RTGS Cr-SBIN0004298-M s Century Metal Recycling Private-Century Metal Rceycling Pvt Ltd-SBINR12026033022311397,," 10,000,000.00",, 30/03/2026, SBINR12026033022311397, CMS TF WBO MUMBAI
, RTGS Cr-SBIN0004298-M s Century Metal Recycling Private-Century Metal Rceycling Pvt Ltd-SBINR12026033022311410,," 10,000,000.00",, 30/03/2026, SBINR12026033022311410, CMS TF WBO MUMBAI
, RTGS Cr-SBIN0004298-M s Century Metal Recycling Private-Century Metal Rceycling Pvt Ltd-SBINR12026033022311408,," 10,000,000.00",, 30/03/2026, SBINR12026033022311408, CMS TF WBO MUMBAI
, RTGS Cr-SBIN0004298-M s Century Metal Recycling Private-Century Metal Rceycling Pvt Ltd-SBINR12026033022311418,," 10,000,000.00",, 30/03/2026, SBINR12026033022311418, CMS TF WBO MUMBAI
, RTGS Cr-SBIN0004298-M s Century Metal Recycling Private-Century Metal Rceycling Pvt Ltd-SBINR12026033022311411,," 10,000,000.00",, 30/03/2026, SBINR12026033022311411, CMS TF WBO MUMBAI
, RTGS Cr-SBIN0004298-M s Century Metal Recycling Private-Century Metal Rceycling Pvt Ltd-SBINR12026033022311407,," 10,000,000.00",, 30/03/2026, SBINR12026033022311407, CMS TF WBO MUMBAI
, RTGS Cr-SBIN0004298-M s Century Metal Recycling Private-Century Metal Rceycling Pvt Ltd-SBINR12026033022311405,," 10,000,000.00",, 30/03/2026, SBINR12026033022311405, CMS TF WBO MUMBAI
, RTGS Cr-SBIN0004298-M s Century Metal Recycling Private-Century Metal Rceycling Pvt Ltd-SBINR12026033022311409,," 10,000,000.00",, 30/03/2026, SBINR12026033022311409, CMS TF WBO MUMBAI
, RTGS Cr-SBIN0004298-M s Century Metal Recycling Private-Century Metal Rceycling Pvt Ltd-SBINR12026033022311412,," 10,000,000.00",, 30/03/2026, SBINR12026033022311412, CMS TF WBO MUMBAI
, RTGS Cr-SBIN0004298-M s Century Metal Recycling Private-Century Metal Rceycling Pvt Ltd-SBINR12026033022311349,," 10,000,000.00",, 30/03/2026, SBINR12026033022311349, CMS TF WBO MUMBAI
, RTGS Cr-SBIN0004298-M s Century Metal Recycling Private-Century Metal Rceycling Pvt Ltd-SBINR12026033022311471,," 10,000,000.00",, 30/03/2026, SBINR12026033022311471, CMS TF WBO MUMBAI
, RTGS Cr-SBIN0004298-M s Century Metal Recycling Private-Century Metal Rceycling Pvt Ltd-SBINR12026033022311353,," 10,000,000.00",, 30/03/2026, SBINR12026033022311353, CMS TF WBO MUMBAI
, RTGS Cr-SBIN0004298-M s Century Metal Recycling Private-Century Metal Rceycling Pvt Ltd-SBINR12026033022311486,," 10,000,000.00",, 30/03/2026, SBINR12026033022311486, CMS TF WBO MUMBAI
, RTGS Cr-SBIN0004298-M s Century Metal Recycling Private-Century Metal Rceycling Pvt Ltd-SBINR12026033022311421,," 10,000,000.00",, 30/03/2026, SBINR12026033022311421, CMS TF WBO MUMBAI
, RTGS Cr-SBIN0004298-M s Century Metal Recycling Private-Century Metal Rceycling Pvt Ltd-SBINR12026033022311416,," 10,000,000.00",, 30/03/2026, SBINR12026033022311416, CMS TF WBO MUMBAI
, RTGS Cr ECMS-UTIB0004021-CMRGR1100LCU101986-STAR SCRAPE TRADERS-920020070616728,," 858,200.00",, 30/03/2026, UTIBR52026033000377211, FORT
, CHCE2TC1G1IF8W-CBICICEGATE,,,"-1,006,617.00", 30/03/2026, 603303098522," NETBANK, MUMBAI"
, CHCEHUD1G1IPC7-CBICICEGATE,,,"-9,752,293.00", 30/03/2026, 603303098976," NETBANK, MUMBAI"
, CHCEHAN1G1IKAH-CBICICEGATE,,,"-4,320,390.00", 30/03/2026, 603303098662," NETBANK, MUMBAI"
, RTGS Cr ECMS-UTIB0001602-CMRLTD201LCU100885-BALAJI METAL-919020028918184,," 1,228,000.00",, 30/03/2026, UTIBR72026033000580841, FORT
, Hapag Lloyd In-1100B0226018291,,,"-8,850.00", 30/03/2026, HDFCH00896335999," NETBANK, MUMBAI"
, NEFT Cr ECMS-PUNB0773300-CMRGR1100LCU101714-R B METALS-7733002100001712,," 119,000.00",, 30/03/2026, PUNBW26089535178, FORT
, RTGS Cr-SCBL0036001-SUNBEAM LIGHTWEIGHTING SOLUTIONS PR-CMR GREEN TECHNOLOGIES LIMITED-SCBLR12026033000831140,," 32,645,417.66",, 30/03/2026, SCBLR12026033000831140, FORT
, Anup kumar sin-1100B0226018176,,,"-5,023.59", 30/03/2026, HDFCH00896787626," NETBANK, MUMBAI"
, Tata AIG Gener-1100B0226018346,,,"-1,847,834.00", 30/03/2026, HDFCH00896783598," NETBANK, MUMBAI"
, Sarvesh kumar-1100B0226018143,,,"-24,212.00", 30/03/2026, 603303700736," NETBANK, MUMBAI"
, Sujeet Kumar S-1100B0226018150,,,"-10,024.00", 30/03/2026, 603303700645," NETBANK, MUMBAI"
, Ram Gopal-1100B0226018149,,,"-1,470.69", 30/03/2026, HDFCH00896814263," NETBANK, MUMBAI"
, Anil Kumar Sha-1100B0226018145,,,"-7,068.00", 30/03/2026, HDFCH00896824216," NETBANK, MUMBAI"
, Deen Mohammad-1100B0226018138,,,"-1,264.00", 30/03/2026, HDFCH00896819246," NETBANK, MUMBAI"
, Himanshu Pardh-1100B0226018140,,,-800, 30/03/2026, HDFCH00896817251," NETBANK, MUMBAI"
, Yashwant-1100B0226018148,,,"-2,413.00", 30/03/2026, HDFCH00896823473," NETBANK, MUMBAI"
, Sachin Dudeja-1100B0226018139,,,"-3,857.00", 30/03/2026, HDFCH00896821108," NETBANK, MUMBAI"
, Hemant Yadav-1100B0226018142,,,"-1,600.00", 30/03/2026, HDFCH00896819351," NETBANK, MUMBAI"
, Naresh Kumar-1100B0226018146,,,"-2,015.00", 30/03/2026, HDFCH00896824418," NETBANK, MUMBAI"
, Neeraj Bansal-1100B0226018147,,,"-1,639.07", 30/03/2026, HDFCH00896817440," NETBANK, MUMBAI"
, Mukesh Kumar J-1100B0226018151,,,"-6,572.50", 30/03/2026, HDFCH00896822397," NETBANK, MUMBAI"
, Himanshu Gupta-1100B0226018141,,,"-2,374.50", 30/03/2026, HDFCH00896822480," NETBANK, MUMBAI"
, Jaswant Sharma-1100B0226018137,,,"-3,000.00", 30/03/2026, HDFCH00896822493," NETBANK, MUMBAI"
, Pankaj Gahlot-1100B0226018154,,,"-40,661.00", 30/03/2026, HDFCH00896819623," NETBANK, MUMBAI"
, parth parekh-1100B0226018153,,,-217, 30/03/2026, HDFCH00896823878," NETBANK, MUMBAI"
, Naveen Kumar-1100B0226018144,,,"-6,850.00", 30/03/2026, HDFCH00896819735," NETBANK, MUMBAI"
, Vishal Vairagi-1100B0226018152,,,"-10,200.00", 30/03/2026, HDFCH00896824050," NETBANK, MUMBAI"
, PITECH AUTOMAT-1100B0226018113,,,"-165,082.00", 30/03/2026, 603303240037," NETBANK, MUMBAI"
, FT-HDFC555122767-HAPPAY POOL ACCOUNT CMRG,,,"-161,666.25", 30/03/2026, 603303700633," NETBANK, MUMBAI"
, BIGMINT TECHNO-1100B0226018121,,,"-184,080.00", 30/03/2026, 603303240055," NETBANK, MUMBAI"
, BARODA STEEL A-1100B0226018114,,,"-107,101.54", 30/03/2026, 603303240041," NETBANK, MUMBAI"
, KRISHNA ELECTR-1100B0226018116,,,"-37,047.76", 30/03/2026, 603303240045," NETBANK, MUMBAI"
, PRAKASH PUMPS-1100B0226018094,,,"-63,484.00", 30/03/2026, 603303231476," NETBANK, MUMBAI"
, HOTEL SARVOTTA-1100B0226018103,,,"-20,039.00", 30/03/2026, 603303240069," NETBANK, MUMBAI"
, PREMIER ROAD C-1100B0226018110,,,"-115,502.31", 30/03/2026, 603303240030," NETBANK, MUMBAI"
, LINDE INDIA LI-1100B0226018099,,,"-2,577.80", 30/03/2026, HDFCH00896833066," NETBANK, MUMBAI"
, Allied Refract-1100B0226018091,,,"-801,369.40", 30/03/2026, HDFCH00896835664," NETBANK, MUMBAI"
, MAKE MY TRIP -1100B0226018106,,,"-3,602.00", 30/03/2026, HDFCH00896832091," NETBANK, MUMBAI"
, SKT ENTERPRISE-1100B0226018119,,,"-1,600,115.22", 30/03/2026, HDFCH00896833808," NETBANK, MUMBAI"
, INTEGRATED PER-1100B0226018105,,,"-1,041,260.76", 30/03/2026, HDFCH00896833829," NETBANK, MUMBAI"
, Infor India -1100B0226018095,,,"-49,213.40", 30/03/2026, HDFCH00896836864," NETBANK, MUMBAI"
, JASAWAT INDUST-1100B0226018092,,,"-1,200,000.00", 30/03/2026, HDFCH00896833080," NETBANK, MUMBAI"
, Adroit Control-1100B0226018087,,,"-8,850.00", 30/03/2026, HDFCH00896835865," NETBANK, MUMBAI"
, BABLI ENTERPRI-1100B0226018102,,,"-1,430,017.14", 30/03/2026, HDFCH00896833126," NETBANK, MUMBAI"
, KANUBHAI KHETA-1100B0226018104,,,"-46,698.30", 30/03/2026, HDFCH00896832134," NETBANK, MUMBAI"
, Allied Refract-1100B0226018090,,,"-12,627.09", 30/03/2026, HDFCH00896833183," NETBANK, MUMBAI"
, Hind Terminals-1100B0226018097,,,"-310,852.16", 30/03/2026, HDFCH00896833194," NETBANK, MUMBAI"
, SERVICECOM TEC-1100B0226018109,,,"-1,160.00", 30/03/2026, HDFCH00896833221," NETBANK, MUMBAI"
, ORBIT TECHSOL -1100B0226018115,,,"-90,720.00", 30/03/2026, HDFCH00896833915," NETBANK, MUMBAI"
, Wesman Thermal-1100B0226018096,,,"-4,930.51", 30/03/2026, HDFCH00896830638," NETBANK, MUMBAI"
, FLEET XPRESS P-1100B0226018120,,,"-69,600.00", 30/03/2026, HDFCH00896830653," NETBANK, MUMBAI"
, Ganesh Trading-1100B0226018100,,,"-49,560.00", 30/03/2026, HDFCH00896836013," NETBANK, MUMBAI"
, BAJRANG PAINTS-1100B0226018118,,,"-29,500.00", 30/03/2026, HDFCH00896833948," NETBANK, MUMBAI"
, EURO TECH THER-1100B0226018107,,,"-34,456.00", 30/03/2026, HDFCH00896839126," NETBANK, MUMBAI"
, VIJAY TRADING-1100B0226018098,,,"-1,720.44", 30/03/2026, HDFCH00896838290," NETBANK, MUMBAI"
, BHARAT ASSOCI-1100B0226018112,,,-0.21, 30/03/2026, HDFCH00896836039," NETBANK, MUMBAI"
, AQSA LIGHTING -1100B0226018111,,,"-37,570.50", 30/03/2026, HDFCH00896830748," NETBANK, MUMBAI"
, VRISHTI BEVERA-1100B0226018101,,,"-15,239.85", 30/03/2026, HDFCH00896837091," NETBANK, MUMBAI"
, Pratibha Agarw-1100B0226018052,,,"-36,364.46", 30/03/2026, HDFCH00896838312," NETBANK, MUMBAI"
, S.T.C-1100B0226018203,,,"-242,529.50", 30/03/2026, 603304038632," NETBANK, MUMBAI"
, AV VISHWA ENTE-1100B0226018204,,,"-100,123.00", 30/03/2026, 603304046480," NETBANK, MUMBAI"
, Ravi Kant sing-1100B0226018177,,,"-1,665.00", 30/03/2026, 603303700711," NETBANK, MUMBAI"
, Milap Tyres-1100B0226018196,,,"-34,456.00", 30/03/2026, 603304018053," NETBANK, MUMBAI"
, Rahul Malake-1100B0226018181,,,"-1,502.00", 30/03/2026, 603303700720," NETBANK, MUMBAI"
, Pradeep Chaudh-1100B0226018166,,,"-5,000.00", 30/03/2026, HDFCH00896844400," NETBANK, MUMBAI"
, JADE SOLUTIONS-1100B0226018197,,,"-198,438.24", 30/03/2026, HDFCH00896843286," NETBANK, MUMBAI"
, Sumit Kamalesh-1100B0226018165,,,"-6,999.98", 30/03/2026, HDFCH00896842872," NETBANK, MUMBAI"
, Nitin Kandari-1100B0226018162,,,"-2,860.00", 30/03/2026, HDFCH00896843308," NETBANK, MUMBAI"
, R J ENTERPRISE-1100B0226018205,,,"-14,693.34", 30/03/2026, HDFCH00896844427," NETBANK, MUMBAI"
, ALPHA METALS -1100B0226018208,,,"-2,271,096.28", 30/03/2026, HDFCH00896845535," NETBANK, MUMBAI"
, Ashok Kumar-1100B0226018157,,,"-3,740.00", 30/03/2026, HDFCH00896844442," NETBANK, MUMBAI"
, Abhishek Anand-1100B0226018184,,,"-4,054.00", 30/03/2026, HDFCH00896846279," NETBANK, MUMBAI"
, Rajesh Kumar K-1100B0226018155,,,"-3,946.00", 30/03/2026, HDFCH00896847117," NETBANK, MUMBAI"
, HITECH BEARING-1100B0226018206,,,"-43,367.35", 30/03/2026, HDFCH00896843399," NETBANK, MUMBAI"
, Bharat Pest Co-1100B0226018215,,,"-3,744.00", 30/03/2026, HDFCH00896843453," NETBANK, MUMBAI"
, Rishabh Khalia-1100B0226018175,,,"-1,023.60", 30/03/2026, HDFCH00896848099," NETBANK, MUMBAI"
, Gujarat Enviro-1100B0226018232,,,"-143,067.10", 30/03/2026, HDFCH00896845659," NETBANK, MUMBAI"
, METAL FINISHIN-1100B0226018244,,,"-8,429.50", 30/03/2026, HDFCH00896845662," NETBANK, MUMBAI"
, WORTH OF WASTE-1100B0226018250,,,"-1,777,342.50", 30/03/2026, HDFCH00896844545," NETBANK, MUMBAI"
, Durga Foundry -1100B0226018216,,,"-105,492.00", 30/03/2026, HDFCH00896848141," NETBANK, MUMBAI"
, Baba Body Wor-1100B0226018230,,,"-2,452.00", 30/03/2026, HDFCH00896847433," NETBANK, MUMBAI"
, Chhavi Road Li-1100B0226018225,,,"-172,982.65", 30/03/2026, HDFCH00896848174," NETBANK, MUMBAI"
, HYDRO OIL FILT-1100B0226018238,,,"-84,240.00", 30/03/2026, HDFCH00896847474," NETBANK, MUMBAI"
, Puneesh Lamba-1100B0226018170,,,-630, 30/03/2026, HDFCH00896845825," NETBANK, MUMBAI"
, Lovekesh Kumar-1100B0226018180,,,"-1,348.00", 30/03/2026, HDFCH00896843739," NETBANK, MUMBAI"
, Tetra Tekseal -1100B0226018224,,,"-19,942.00", 30/03/2026, HDFCH00896848238," NETBANK, MUMBAI"
, Harsh Kumar-1100B0226018163,,,"-4,860.00", 30/03/2026, HDFCH00896846711," NETBANK, MUMBAI"
, M S BUG MASTER-1100B0226018245,,,"-2,340.00", 30/03/2026, HDFCH00896844682," NETBANK, MUMBAI"
, MS ENTERPRISES-1100B0226018249,,,"-26,617.50", 30/03/2026, HDFCH00896848318," NETBANK, MUMBAI"
, UTTAM METAL -1100B0226018237,,,"-21,995.20", 30/03/2026, HDFCH00896848326," NETBANK, MUMBAI"
, SIDHSHREE COMP-1100B0226018246,,,"-30,326.00", 30/03/2026, HDFCH00896849117," NETBANK, MUMBAI"
, PASCO EARTHMOV-1100B0226018248,,,"-303,816.83", 30/03/2026, HDFCH00896848416," NETBANK, MUMBAI"
, Pankhi Engg. -1100B0226018217,,,"-34,574.00", 30/03/2026, HDFCH00896849118," NETBANK, MUMBAI"
, Allied Refract-1100B0226018233,,,"-11,259.45", 30/03/2026, HDFCH00896847587," NETBANK, MUMBAI"
, SHRI SHYAM ENT-1100B0226018251,,,"-128,700.00", 30/03/2026, HDFCH00896843861," NETBANK, MUMBAI"
, Ravi Nishad-1100B0226018171,,,"-1,413.00", 30/03/2026, HDFCH00896849122," NETBANK, MUMBAI"
, Linde India Li-1100B0226018227,,,"-6,960.00", 30/03/2026, HDFCH00896846890," NETBANK, MUMBAI"
, NAMO EWASTE MA-1100B0226018194,,,-60, 30/03/2026, HDFCH00896848582," NETBANK, MUMBAI"
, ABHYANSH SHIPP-1100B0226018200,,,"-309,696.73", 30/03/2026, HDFCH00896846925," NETBANK, MUMBAI"
, Watco India P-1100B0226018223,,,"-33,453.00", 30/03/2026, HDFCH00896848588," NETBANK, MUMBAI"
, Vinay Trading -1100B0226018222,,,"-2,194.80", 30/03/2026, HDFCH00896843884," NETBANK, MUMBAI"
, Ashish Jasvant-1100B0226018173,,,"-4,180.00", 30/03/2026, HDFCH00896850124," NETBANK, MUMBAI"
, VICKY TRADERS-1100B0226018239,,,"-2,542.60", 30/03/2026, HDFCH00896843896," NETBANK, MUMBAI"
, STREAM LINE LO-1100B0226018201,,,"-1,500.00", 30/03/2026, HDFCH00896848715," NETBANK, MUMBAI"
, SETH AIR PRODU-1100B0226018243,,,"-2,891.00", 30/03/2026, HDFCH00896848794," NETBANK, MUMBAI"
, Bhabani Sankar-1100B0226018169,,,"-6,395.01", 30/03/2026, HDFCH00896848800," NETBANK, MUMBAI"
, KRISHAN SINGH -1100B0226018207,,,"-10,586.55", 30/03/2026, 603304054815," NETBANK, MUMBAI"
, SANJAY SINGH-1100B0226018161,,,"-5,209.00", 30/03/2026, HDFCH00896848842," NETBANK, MUMBAI"
, National compu-1100B0226018231,,,"-3,127.00", 30/03/2026, HDFCH00896847698," NETBANK, MUMBAI"
, Pawan-1100B0226018158,,,"-7,044.00", 30/03/2026, 603303700664," NETBANK, MUMBAI"
, Deepak Bhardwa-1100B0226018159,,,"-9,601.00", 30/03/2026, HDFCH00896848849," NETBANK, MUMBAI"
, S.P. Decorator-1100B0226018220,,,"-72,416.37", 30/03/2026, HDFCH00896847064," NETBANK, MUMBAI"
, Big Computer S-1100B0226018234,,,"-12,980.00", 30/03/2026, HDFCH00896851148," NETBANK, MUMBAI"
, Rishabh Saini-1100B0226018167,,,"-6,515.00", 30/03/2026, HDFCH00896843982," NETBANK, MUMBAI"
, UTKARSHA METAL-1100B0226018213,,,"-4,389.70", 30/03/2026, 603304167048," NETBANK, MUMBAI"
, STREAMLINE LOG-1100B0226018202,,,"-29,600.00", 30/03/2026, HDFCH00896844036," NETBANK, MUMBAI"
, Bharti Airtel -1100B0226018193,,,"-39,557.10", 30/03/2026, HDFCH00896850293," NETBANK, MUMBAI"
, Prerna Yadav-1100B0226018168,,,"-1,623.00", 30/03/2026, 603303700688," NETBANK, MUMBAI"
, Shivam Gupta-1100B0226018179,,,"-4,487.59", 30/03/2026, HDFCH00896844046," NETBANK, MUMBAI"
, Manas Jana-1100B0226018183,,,"-5,428.00", 30/03/2026, HDFCH00896844048," NETBANK, MUMBAI"
, ALLEGIANCE PET-1100B0226018211,,,"-2,388,500.73", 30/03/2026, 603304054826," NETBANK, MUMBAI"
, MELTWELL LININ-1100B0226018209,,,"-85,550.00", 30/03/2026, 603304054819," NETBANK, MUMBAI"
, Gurusabh Power-1100B0226018195,,,"-27,346.50", 30/03/2026, HDFCH00896847954," NETBANK, MUMBAI"
, Vikas Mishra-1100B0226018182,,,"-1,851.00", 30/03/2026, HDFCH00896852104," NETBANK, MUMBAI"
, K.P.S AND CO-1100B0226018198,,,"-180,888.54", 30/03/2026, HDFCH00896848881," NETBANK, MUMBAI"
, VISHAL CHAUHAN-1100B0226018174,,,"-1,743.00", 30/03/2026, HDFCH00896849179," NETBANK, MUMBAI"
, M.S. Engineeri-1100B0226018228,,,"-83,795.40", 30/03/2026, HDFCH00896851291," NETBANK, MUMBAI"
, Naveen Kumar Y-1100B0226018160,,,"-3,250.00", 30/03/2026, 603303700668," NETBANK, MUMBAI"
, Ankit Sharma-1100B0226018156,,,-139, 30/03/2026, HDFCH00896848920," NETBANK, MUMBAI"
, Utkarsh Nigam-1100B0226018178,,,-774.92, 30/03/2026, HDFCH00896849248," NETBANK, MUMBAI"
, CERA THERMAL T-1100B0226018235,,,"-1,982,478.20", 30/03/2026, HDFCH00896849300," NETBANK, MUMBAI"
, STREAM LINE LO-1100B0226018199,,,"-32,607.58", 30/03/2026, HDFCH00896851312," NETBANK, MUMBAI"
, PROFESSIONAL S-1100B0226018241,,,"-2,131,746.96", 30/03/2026, HDFCH00896849059," NETBANK, MUMBAI"
, KALPIT KUMAR D-1100B0226018164,,,"-3,400.00", 30/03/2026, HDFCH00896854115," NETBANK, MUMBAI"
, Sanjay Dubey-1100B0226018172,,,-575, 30/03/2026, HDFCH00896854117," NETBANK, MUMBAI"
, Krishna Sweets-1100B0226018236,,,"-18,625.99", 30/03/2026, 603304167074," NETBANK, MUMBAI"
, Sunrise Scales-1100B0226018221,,,"-30,934.80", 30/03/2026, HDFCH00896849445," NETBANK, MUMBAI"
, Shib Dass So-1100B0226018229,,,"-40,257.16", 30/03/2026, 603304167037," NETBANK, MUMBAI"
, Ess Ess Cerate-1100B0226018226,,,"-6,195.00", 30/03/2026, 603304167023," NETBANK, MUMBAI"
, Rainbow Paints-1100B0226018218,,,"-21,712.00", 30/03/2026, 603304167318," NETBANK, MUMBAI"
, Samit Sales Pv-1100B0226018219,,,"-35,400.00", 30/03/2026, 603304167322," NETBANK, MUMBAI"
, FINETECH MATER-1100B0226018247,,,"-45,689.60", 30/03/2026, 603304167126," NETBANK, MUMBAI"
, BAWAL STEELS-1100B0226018262,,,"-190,293.86", 30/03/2026, 603304167218," NETBANK, MUMBAI"
, STAR WIRE IND-1100B0226018268,,,"-22,425.73", 30/03/2026, 603304167246," NETBANK, MUMBAI"
, CONTINENTAL FU-1100B0226018265,,,"-23,600.00", 30/03/2026, 603304167232," NETBANK, MUMBAI"
, JAI MAA LOGIST-1100B0226018261,,,"-2,737.60", 30/03/2026, 603304167213," NETBANK, MUMBAI"
, CHAKR INNOVATI-1100B0226018252,,,"-86,400.00", 30/03/2026, 603304167166," NETBANK, MUMBAI"
, VIJBIN BUSINES-1100B0226018267,,,"-102,098.94", 30/03/2026, 603304167241," NETBANK, MUMBAI"
, M P INDUSTRIAL-1100B0226018256,,,"-89,444.00", 30/03/2026, HDFCH00896857301," NETBANK, MUMBAI"
, LOGISNEXT INDI-1100B0226018254,,,"-328,187.20", 30/03/2026, HDFCH00896850069," NETBANK, MUMBAI"
, R J ENTERPRISE-1100B0226018257,,,"-8,049.96", 30/03/2026, HDFCH00896857307," NETBANK, MUMBAI"
, SUPRABHA PROTE-1100B0226018264,,,"-254,152.22", 30/03/2026, HDFCH00896855854," NETBANK, MUMBAI"
, DEVDEEP ENTERP-1100B0226018253,,,"-149,636.57", 30/03/2026, HDFCH00896859280," NETBANK, MUMBAI"
, JAGDAMBA TRADI-1100B0226018258,,,"-57,631.38", 30/03/2026, HDFCH00896859296," NETBANK, MUMBAI"
, M S MITTALICS -1100B0226018260,,,"-2,213,906.09", 30/03/2026, HDFCH00896858546," NETBANK, MUMBAI"
, HITECH BEARING-1100B0226018259,,,"-43,923.20", 30/03/2026, HDFCH00896856862," NETBANK, MUMBAI"
, URBAN METAL -1100B0226018266,,,"-1,512.78", 30/03/2026, HDFCH00896856983," NETBANK, MUMBAI"
, JHARSUGUDA TRA-1100B0226018263,,,"-2,240,875.19", 30/03/2026, HDFCH00896857001," NETBANK, MUMBAI"
, PYROTEK INDIA -1100B0226018255,,,"-1,430,165.70", 30/03/2026, HDFCH00896856035," NETBANK, MUMBAI"
, National compu-1100B0226018317,,,"-1,239.00", 30/03/2026, HDFCH00896866138," NETBANK, MUMBAI"
, Dilshad Khan-1100B0226018310,,,"-21,038.80", 30/03/2026, HDFCH00896861583," NETBANK, MUMBAI"
, GNEXAA INFO SO-1100B0226018269,,,-118, 30/03/2026, HDFCH00896865270," NETBANK, MUMBAI"
, PYROTEK INDIA -1100B0226018338,,,"-163,409.40", 30/03/2026, HDFCH00896866173," NETBANK, MUMBAI"
, NIKSON ENTERPR-1100B0226018276,,,"-21,948.00", 30/03/2026, HDFCH00896863054," NETBANK, MUMBAI"
, MASCOT ALLOYS -1100B0226018280,,,"-24,466.12", 30/03/2026, HDFCH00896863061," NETBANK, MUMBAI"
, SHIV REFRIGERA-1100B0226018337,,,"-64,414.35", 30/03/2026, HDFCH00896867084," NETBANK, MUMBAI"
, Continental Ea-1100B0226018323,,,"-49,778.55", 30/03/2026, HDFCH00896867086," NETBANK, MUMBAI"
, Pacific Electr-1100B0226018320,,,"-2,714.00", 30/03/2026, HDFCH00896867164," NETBANK, MUMBAI"
, M S JAY AMBE M-1100B0226018297,,,"-299,796.11", 30/03/2026, HDFCH00896863561," NETBANK, MUMBAI"
, SK UEM Water P-1100B0226018315,,,"-10,677.00", 30/03/2026, HDFCH00896866317," NETBANK, MUMBAI"
, ICICI CREDIT C-1100B0226018286,,,"-156,615.25", 30/03/2026, HDFCH00896865499," NETBANK, MUMBAI"
, SHREE SHYAM LO-1100B0226018270,,,"-43,065.00", 30/03/2026, 603304167256," NETBANK, MUMBAI"
, Foseco India L-1100B0226018305,,,"-107,993.60", 30/03/2026, HDFCH00896863607," NETBANK, MUMBAI"
, RAJA RADIATOR -1100B0226018334,,,"-9,360.00", 30/03/2026, HDFCH00896866481," NETBANK, MUMBAI"
, FT-HPCINC41077533I211-HINDUSTAN PETROLEUM CORPORATION LIM,,,-129.94, 30/03/2026, 603304571738," NETBANK, MUMBAI"
, Nexus Power Sy-1100B0226018313,,,"-37,120.00", 30/03/2026, 603304571600," NETBANK, MUMBAI"
, Global Calibra-1100B0226018318,,,"-33,148.16", 30/03/2026, HDFCH00896863625," NETBANK, MUMBAI"
, VIKAS HARDWARE-1100B0226018327,,,"-6,832.20", 30/03/2026, 603304571669," NETBANK, MUMBAI"
, Mahesh Agencie-1100B0226018328,,,"-1,718.00", 30/03/2026, HDFCH00896863627," NETBANK, MUMBAI"
, Ankit Enterpri-1100B0226018324,,,"-45,506.00", 30/03/2026, 603304571657," NETBANK, MUMBAI"
, HARASHIVA META-1100B0226018274,,,"-1,495,712.68", 30/03/2026, HDFCH00896865550," NETBANK, MUMBAI"
, Navkar Electri-1100B0226018322,,,"-1,036.04", 30/03/2026, HDFCH00896867258," NETBANK, MUMBAI"
, SUSHIL SINGH -1100B0226018287,,,"-227,124.00", 30/03/2026, 603304183928," NETBANK, MUMBAI"
, Chhavi Road Li-1100B0226018309,,,"-574,151.49", 30/03/2026, HDFCH00896863638," NETBANK, MUMBAI"
, HOTEL NEW CLAS-1100B0226018332,,,"-24,458.00", 30/03/2026, HDFCH00896867317," NETBANK, MUMBAI"
, INSAF PAINTING-1100B0226018329,,,"-150,052.50", 30/03/2026, HDFCH00896861738," NETBANK, MUMBAI"
, Akshara Enterp-1100B0226018302,,,"-35,872.00", 30/03/2026, HDFCH00896865564," NETBANK, MUMBAI"
, As Equipment P-1100B0226018321,,,-533, 30/03/2026, 603304571647," NETBANK, MUMBAI"
, DLF CLUBS AND -1100B0226018285,,,"-599,337.28", 30/03/2026, HDFCH00896866690," NETBANK, MUMBAI"
, PASCO EARTHMOV-1100B0226018336,,,"-95,739.24", 30/03/2026, HDFCH00896864453," NETBANK, MUMBAI"
, WASTE TO ENERG-1100B0226018275,,,"-1,248,737.85", 30/03/2026, 603304167287," NETBANK, MUMBAI"
, SHRI BALA JI F-1100B0226018272,,,"-7,724.93", 30/03/2026, 603304167274," NETBANK, MUMBAI"
, Kalinga Air Ga-1100B0226018311,,,"-5,030.34", 30/03/2026, HDFCH00896866739," NETBANK, MUMBAI"
, Bansal Reprogr-1100B0226018307,,,"-19,662.20", 30/03/2026, HDFCH00896865579," NETBANK, MUMBAI"
, Brahm Rishi En-1100B0226018308,,,"-13,593.60", 30/03/2026, HDFCH00896864462," NETBANK, MUMBAI"
, Everlast Weigh-1100B0226018319,,,"-40,886.00", 30/03/2026, 603304571632," NETBANK, MUMBAI"
, PARAS PETROPLA-1100B0226018273,,,"-975,858.30", 30/03/2026, HDFCH00896865585," NETBANK, MUMBAI"
, AMLINE HOTELS -1100B0226018333,,,"-8,329.00", 30/03/2026, HDFCH00896861787," NETBANK, MUMBAI"
, LIMRA STEELS-1100B0226018335,,,"-17,537.76", 30/03/2026, HDFCH00896867507," NETBANK, MUMBAI"
, Vidya Graphic-1100B0226018316,,,-269.04, 30/03/2026, HDFCH00896863696," NETBANK, MUMBAI"
, SHREE BALAJI C-1100B0226018293,,,"-1,153,372.31", 30/03/2026, 603304546376," NETBANK, MUMBAI"
, FULL MOON ENTE-1100B0226018278,,,"-2,066,162.13", 30/03/2026, 603304167302," NETBANK, MUMBAI"
, PROFESSIONAL M-1100B0226018331,,,"-1,075,513.66", 30/03/2026, HDFCH00896861797," NETBANK, MUMBAI"
, Bharat Pest Co-1100B0226018303,,,"-2,281.50", 30/03/2026, HDFCH00896861812," NETBANK, MUMBAI"
, SONYSALES PACK-1100B0226018330,,,"-11,124.10", 30/03/2026, HDFCH00896865618," NETBANK, MUMBAI"
, Energy Saving -1100B0226018304,,,-108.28, 30/03/2026, 603304571743," NETBANK, MUMBAI"
, Sukhveer Singh-1100B0226018326,,,"-2,220.66", 30/03/2026, HDFCH00896867542," NETBANK, MUMBAI"
, Acryon Enginee-1100B0226018301,,,"-21,417.00", 30/03/2026, HDFCH00896866920," NETBANK, MUMBAI"
, CERA THERMAL T-1100B0226018325,,,"-255,972.90", 30/03/2026, HDFCH00896864583," NETBANK, MUMBAI"
, VISHNU VIHAN F-1100B0226018414,,,"-15,692.09", 30/03/2026, 603304725567," NETBANK, MUMBAI"
, Mohini Industr-1100B0226018382,,,"-18,560.27", 30/03/2026, 603304725599," NETBANK, MUMBAI"
, PRATEEK TRADER-1100B0226018420,,,"-18,309.27", 30/03/2026, 603304725579," NETBANK, MUMBAI"
, MAANYA TRADERS-1100B0226018417,,,"-20,965.72", 30/03/2026, 603304725573," NETBANK, MUMBAI"
, AMIT ALLOYS CO-1100B0226018396,,,"-2,409.75", 30/03/2026, 603304725525," NETBANK, MUMBAI"
, RTGS Cr-SBIN0004298-M s Century Metal Recycling Private-Century Metal Rceycling Pvt Ltd-SBINR12026033022363546,," 10,000,000.00",, 30/03/2026, SBINR12026033022363546, CMS TF WBO MUMBAI
, RTGS Cr-SBIN0004298-M s Century Metal Recycling Private-Century Metal Rceycling Pvt Ltd-SBINR12026033022363379,," 10,000,000.00",, 30/03/2026, SBINR12026033022363379, CMS TF WBO MUMBAI
, RTGS Cr-SBIN0004298-M s Century Metal Recycling Private-Century Metal Rceycling Pvt Ltd-SBINR12026033022363477,," 10,000,000.00",, 30/03/2026, SBINR12026033022363477, CMS TF WBO MUMBAI
, RTGS Cr-SBIN0004298-M s Century Metal Recycling Private-Century Metal Rceycling Pvt Ltd-SBINR12026033022363487,," 10,000,000.00",, 30/03/2026, SBINR12026033022363487, CMS TF WBO MUMBAI
, RTGS Cr-SBIN0004298-M s Century Metal Recycling Private-Century Metal Rceycling Pvt Ltd-SBINR12026033022363442,," 10,000,000.00",, 30/03/2026, SBINR12026033022363442, CMS TF WBO MUMBAI
, RITIKA TRADING-1100B0226018399,,,"-1,036.87", 30/03/2026, HDFCH00896866023," NETBANK, MUMBAI"
, M.S MANUFACTUR-1100B0226018378,,,"-5,879.86", 30/03/2026, HDFCH00896866025," NETBANK, MUMBAI"
, Mohammad Kasim-1100B0226018380,,,"-22,598.72", 30/03/2026, HDFCH00896867908," NETBANK, MUMBAI"
, Om Sai Trading-1100B0226018381,,,"-2,297.81", 30/03/2026, HDFCH00896871081," NETBANK, MUMBAI"
, JAY DWARKADHIS-1100B0226018383,,,"-52,827.77", 30/03/2026, HDFCH00896867918," NETBANK, MUMBAI"
, MOHAN OVERSEAS-1100B0226018402,,,"-3,906.80", 30/03/2026, HDFCH00896867919," NETBANK, MUMBAI"
, VEDANSH TRADIN-1100B0226018404,,,"-11,619.26", 30/03/2026, HDFCH00896869355," NETBANK, MUMBAI"
, R. J. ENTERPRI-1100B0226018429,,,"-4,412.13", 30/03/2026, HDFCH00896869357," NETBANK, MUMBAI"
, NIA METALS-1100B0226018411,,,"-5,477.82", 30/03/2026, HDFCH00896867995," NETBANK, MUMBAI"
, MAHAKALESHWAR -1100B0226018400,,,"-104,949.91", 30/03/2026, HDFCH00896869369," NETBANK, MUMBAI"
, R K TRADERS -1100B0226018405,,,"-36,663.44", 30/03/2026, HDFCH00896864928," NETBANK, MUMBAI"
, KHUSHBU ENTERP-1100B0226018406,,,"-8,810.49", 30/03/2026, HDFCH00896868043," NETBANK, MUMBAI"
, DAUJI METAL IN-1100B0226018407,,,"-6,118.75", 30/03/2026, HDFCH00896868046," NETBANK, MUMBAI"
, ADITYA ENTERPR-1100B0226018397,,,-624.36, 30/03/2026, HDFCH00896868512," NETBANK, MUMBAI"
, N.F. METALS RE-1100B0226018409,,,"-9,958.66", 30/03/2026, HDFCH00896871532," NETBANK, MUMBAI"
, SINGHAL CHEMIC-1100B0226018416,,,"-31,706.46", 30/03/2026, HDFCH00896871536," NETBANK, MUMBAI"
, JATIN INDUSTRI-1100B0226018410,,,"-5,087.85", 30/03/2026, HDFCH00896870717," NETBANK, MUMBAI"
, MANOJ TRADING -1100B0226018413,,,"-157,326.14", 30/03/2026, HDFCH00896868058," NETBANK, MUMBAI"
, OM NAMO METAL-1100B0226018389,,,"-91,230.43", 30/03/2026, HDFCH00896869413," NETBANK, MUMBAI"
, G.M.C Enterpri-1100B0226018379,,,"-27,293.40", 30/03/2026, HDFCH00896868072," NETBANK, MUMBAI"
, KPS PRODUCTS-1100B0226018388,,,"-13,420.55", 30/03/2026, HDFCH00896871629," NETBANK, MUMBAI"
, SHREE VINAYAK -1100B0226018408,,,"-19,074.76", 30/03/2026, HDFCH00896871634," NETBANK, MUMBAI"
, WHITEROCK-1100B0226018392,,,"-43,381.98", 30/03/2026, HDFCH00896871685," NETBANK, MUMBAI"
, BHAWANA ENTERP-1100B0226018387,,,"-38,672.72", 30/03/2026, HDFCH00896869422," NETBANK, MUMBAI"
, SUSHILA ENTERP-1100B0226018391,,,"-10,877.92", 30/03/2026, HDFCH00896868628," NETBANK, MUMBAI"
, PARV ENTERPRIS-1100B0226018401,,,"-15,632.21", 30/03/2026, HDFCH00896868649," NETBANK, MUMBAI"
, GATEWAY DISTRI-1100B0226018364,,,"-29,580.00", 30/03/2026, HDFCH00896869548," NETBANK, MUMBAI"
, SHREE RADHA EN-1100B0226018425,,,"-110,290.68", 30/03/2026, 603304725590," NETBANK, MUMBAI"
, ZOYA METAL-1100B0226018390,,,"-10,647.09", 30/03/2026, HDFCH00896872172," NETBANK, MUMBAI"
, S.M. INTERNATI-1100B0226018386,,,"-53,331.93", 30/03/2026, HDFCH00896865054," NETBANK, MUMBAI"
, HARIHAR METCOR-1100B0226018424,,,"-140,197.67", 30/03/2026, 603304725587," NETBANK, MUMBAI"
, VIPUL TRADERS-1100B0226018415,,,"-51,636.39", 30/03/2026, 603304725569," NETBANK, MUMBAI"
, PRIME RECYCLER-1100B0226018394,,,"-2,193.50", 30/03/2026, HDFCH00896872252," NETBANK, MUMBAI"
, TS ENTERPRISES-1100B0226018421,,,"-69,617.65", 30/03/2026, 603304725581," NETBANK, MUMBAI"
, BANSAL TRADERS-1100B0226018412,,,"-37,224.81", 30/03/2026, HDFCH00896871880," NETBANK, MUMBAI"
, OM TRADING-1100B0226018393,,,"-35,318.92", 30/03/2026, HDFCH00896869577," NETBANK, MUMBAI"
, BAHUBALI NAMO -1100B0226018426,,,"-59,848.90", 30/03/2026, 603304725593," NETBANK, MUMBAI"
, Vinayak Indust-1100B0226018385,,,"-17,194.63", 30/03/2026, HDFCH00896873264," NETBANK, MUMBAI"
, MEHAK TRADING -1100B0226018398,,,"-25,554.11", 30/03/2026, HDFCH00896874103," NETBANK, MUMBAI"
, SAVITA INDUSTR-1100B0226018384,,,"-16,686.46", 30/03/2026, HDFCH00896868873," NETBANK, MUMBAI"
, SHRI SALASAR M-1100B0226018395,,,"-1,977.37", 30/03/2026, HDFCH00896872458," NETBANK, MUMBAI"
, H R PRECISION -1100B0226018423,,,"-27,802.56", 30/03/2026, HDFCH00896873316," NETBANK, MUMBAI"
, S K TRADING CO-1100B0226018428,,,"-87,096.74", 30/03/2026, HDFCH00896874545," NETBANK, MUMBAI"
, MOURYA ENTERPR-1100B0226018431,,,"-134,985.93", 30/03/2026, HDFCH00896876124," NETBANK, MUMBAI"
, Sawa Enterpris-1100B0226018430,,,"-3,431.19", 30/03/2026, HDFCH00896875395," NETBANK, MUMBAI"
, GAURAV ENTERPR-1100B0226018422,,,"-31,107.02", 30/03/2026, HDFCH00896873445," NETBANK, MUMBAI"
, SHREE KRISHANA-1100B0226018418,,,"-4,151.04", 30/03/2026, HDFCH00896891934," NETBANK, MUMBAI"
, RTGS Cr-SBIN0004298-M s Century Metal Recycling Private-Century Metal Rceycling Pvt Ltd-SBINR12026033022363441,," 10,000,000.00",, 30/03/2026, SBINR12026033022363441, CMS TF WBO MUMBAI
, RTGS Cr-SBIN0004298-M s Century Metal Recycling Private-Century Metal Rceycling Pvt Ltd-SBINR12026033022363505,," 10,000,000.00",, 30/03/2026, SBINR12026033022363505, CMS TF WBO MUMBAI
, RTGS Cr-SBIN0004298-M s Century Metal Recycling Private-Century Metal Rceycling Pvt Ltd-SBINR12026033022363486,," 10,000,000.00",, 30/03/2026, SBINR12026033022363486, CMS TF WBO MUMBAI
, RTGS Cr-SBIN0004298-M s Century Metal Recycling Private-Century Metal Rceycling Pvt Ltd-SBINR12026033022363440,," 10,000,000.00",, 30/03/2026, SBINR12026033022363440, CMS TF WBO MUMBAI
, RTGS Cr-SBIN0004298-M s Century Metal Recycling Private-Century Metal Rceycling Pvt Ltd-SBINR12026033022363452,," 10,000,000.00",, 30/03/2026, SBINR12026033022363452, CMS TF WBO MUMBAI
, RTGS Cr-SBIN0004298-M s Century Metal Recycling Private-Century Metal Rceycling Pvt Ltd-SBINR12026033022363381,," 10,000,000.00",, 30/03/2026, SBINR12026033022363381, CMS TF WBO MUMBAI
, RTGS Cr-SBIN0004298-M s Century Metal Recycling Private-Century Metal Rceycling Pvt Ltd-SBINR12026033022363384,," 10,000,000.00",, 30/03/2026, SBINR12026033022363384, CMS TF WBO MUMBAI
, RTGS Cr-SBIN0004298-M s Century Metal Recycling Private-Century Metal Rceycling Pvt Ltd-SBINR12026033022363457,," 10,000,000.00",, 30/03/2026, SBINR12026033022363457, CMS TF WBO MUMBAI
, RTGS Cr-SBIN0004298-M s Century Metal Recycling Private-Century Metal Rceycling Pvt Ltd-SBINR12026033022363507,," 10,000,000.00",, 30/03/2026, SBINR12026033022363507, CMS TF WBO MUMBAI
, RTGS Cr-SBIN0004298-M s Century Metal Recycling Private-Century Metal Rceycling Pvt Ltd-SBINR12026033022363475,," 10,000,000.00",, 30/03/2026, SBINR12026033022363475, CMS TF WBO MUMBAI
, RTGS Cr-UTIB0000039-CMR GREEN TECHNOLOGIES LIMITED FORMERLY-CENTURY METAL RECYCLING LIMITE-UTIBR62026033066991731,," 34,645,000.00",, 30/03/2026, UTIBR62026033066991731, CMS TF WBO MUMBAI
, CHCEG1R1G2WX9P-CBICICEGATE,,,"-9,857,684.00", 30/03/2026, 603304905090," NETBANK, MUMBAI"
, CHCEWLJ1G2WB6T-CBICICEGATE,,,"-9,161,334.00", 30/03/2026, 603304861842," NETBANK, MUMBAI"
, CHCE89X1G2Y5QV-CBICICEGATE,,,"-9,338,125.00", 30/03/2026, 603304979207," NETBANK, MUMBAI"
, CHCEU981G2YBVN-CBICICEGATE,,,"-9,658,449.00", 30/03/2026, 603304984908," NETBANK, MUMBAI"
, CHCEUK01G2XX57-CBICICEGATE,,,"-9,579,967.00", 30/03/2026, 603304968570," NETBANK, MUMBAI"
, CHCEEWF1G2W09V-CBICICEGATE,,,"-1,119,713.00", 30/03/2026, 603304790209," NETBANK, MUMBAI"
, CHCEGIV1G2YT1U-CBICICEGATE,,,"-6,666,351.00", 30/03/2026, 603305002942," NETBANK, MUMBAI"
, CHCE94T1G2ZE31-CBICICEGATE,,,"-2,726,646.00", 30/03/2026, 603305047769," NETBANK, MUMBAI"
, CHCE34F1G2X7DH-CBICICEGATE,,,"-9,900,450.00", 30/03/2026, 603304915932," NETBANK, MUMBAI"
, CHCEFMR1G2WQ8S-CBICICEGATE,,,"-9,853,759.00", 30/03/2026, 603304889202," NETBANK, MUMBAI"
, CHCELQJ1G2ZNL3-CBICICEGATE,,,"-925,610.00", 30/03/2026, 603305057721," NETBANK, MUMBAI"
, NEFT RETURN-CLOSED ACCOUNT NUMBER-URBAN METAL RECYCLING LIMITED-KKBKN62026033041133243,," 1,512.78",, 30/03/2026, HDFCH00896856983, FORT
, RTGS Cr-SCBL0036001-ENDURANCE TECHNOLOGIES LIMITED-CMR GREEN TECHNOLOGIES LIMITED-SCBLR12026033000829586,," 17,630,775.56",, 30/03/2026, SCBLR12026033000829586, FORT
, 603304565896SHINHANAPRIL,,,"-71,782.00", 30/03/2026, HDFCH00897189783," NETBANK, MUMBAI"
, 57500000342857-2857,,,"-155,200,000.00", 30/03/2026, 603304864132," NETBANK, MUMBAI"
," RTGS Dr-SHBK0000004-ShinhanBank-NETBANK, MUM-HDFCR52026033089467264",,,"-1,650,959.00", 30/03/2026, HDFCR52026033089467264," NETBANK, MUMBAI"
," RTGS Dr-RATN0000100-CMRNLMECOALUMINIUMPVTLTD-NETBANK, MUM-HDFCR52026033089463712",,,"-1,400,000.00", 30/03/2026, HDFCR52026033089463712," NETBANK, MUMBAI"
," RTGS Dr-RATN0000990-CMRGreenTechnologiesLimited-NETBANK, MUM-HDFCR52026033089463755",,,"-2,071,235.00", 30/03/2026, HDFCR52026033089463755," NETBANK, MUMBAI"
," RTGS Dr-FDRL0001528-CMRECOALUMINIUMPRIVATELIMITED-NETBANK, MUM-HDFCR52026033089446854",,,"-1,600,000.00", 30/03/2026, HDFCR52026033089446854," NETBANK, MUMBAI"
," RTGS Dr-RATN0000100-CMRTOYOTSUALUMINIUMPVTLTD-NETBANK, MUM-HDFCR52026033089463787",,,"-1,400,000.00", 30/03/2026, HDFCR52026033089463787," NETBANK, MUMBAI"
," RTGS Dr-RATN0000990-CMRGreenTechnologiesLimited-NETBANK, MUM-HDFCR52026033089467297",,,"-948,715.00", 30/03/2026, HDFCR52026033089467297," NETBANK, MUMBAI"
," RTGS Dr-RATN0000990-CMRGreenTechnologiesLimited-NETBANK, MUM-HDFCR52026033089428531",,,"-705,470.00", 30/03/2026, HDFCR52026033089428531," NETBANK, MUMBAI"
," RTGS Dr-FDRL0001914-CENTURYMETALRECYCLINGLIMITED-NETBANK, MUM-HDFCR52026033089428532",,,"-5,200,000.00", 30/03/2026, HDFCR52026033089428532," NETBANK, MUMBAI"
," RTGS Dr-CTCB0000001-CTBCBANKCOLTD-NETBANK, MUM-HDFCR52026033089463894",,,"-1,279,493.00", 30/03/2026, HDFCR52026033089463894," NETBANK, MUMBAI"
, HARASHIVA META-1100B0226018340,,,"-6,184,357.85", 30/03/2026, HDFCH00897265579," NETBANK, MUMBAI"
, Saini Placemen-1100B0226018314,,,"-2,557,274.89", 30/03/2026, HDFCH00897264839," NETBANK, MUMBAI"
, SINGHAL METALL-1100B0226018358,,,"-13,780,637.35", 30/03/2026, HDFCH00897265585," NETBANK, MUMBAI"
, Manmachine Man-1100B0226018312,,,"-2,921,964.79", 30/03/2026, HDFCH00897266450," NETBANK, MUMBAI"
, Anupam Industr-1100B0226018306,,,"-3,442,895.80", 30/03/2026, HDFCH00897268216," NETBANK, MUMBAI"
, RTGS Cr ECMS-ICIC0000011-CMRGR1100LCU101832-MANOJ TRADING CO.-235451000006,," 2,562,370.00",, 30/03/2026, ICICR42026033000649666, FORT
, FULL MOON ENTE-1100B0226018210,,,"-5,139,532.17", 30/03/2026, 603304054822," NETBANK, MUMBAI"
, APPLE MANPOWER-1100B0226018242,,,"-8,287,801.09", 30/03/2026, 603304167103," NETBANK, MUMBAI"
, FT-IOCLMDTA343057-Indian Oil Corporation Ltd Delhi,,,"-2,636,448.91", 30/03/2026, 603303230850," NETBANK, MUMBAI"
, JMD METALS REC-1100B0226018214,,,"-2,889,484.36", 30/03/2026, HDFCH00897368500," NETBANK, MUMBAI"
, BHAGWATI ENTER-1100B0226018277,,,"-6,773,363.56", 30/03/2026, HDFCH00897365875," NETBANK, MUMBAI"
, SHREE KALYAN C-1100B0226018108,,,"-3,847,721.80", 30/03/2026, HDFCH00897367472," NETBANK, MUMBAI"
, FALCON TRADER-1100B0226018279,,,"-11,143,435.52", 30/03/2026, HDFCH00897368519," NETBANK, MUMBAI"
, JHARSUGUDA TRA-1100B0226018117,,,"-3,403,236.55", 30/03/2026, HDFCH00897369400," NETBANK, MUMBAI"
, SHARMA METAL-1100B0226018271,,,"-7,518,041.86", 30/03/2026, HDFCH00897362068," NETBANK, MUMBAI"
, Mascot Recycli-1100B0226018212,,,"-3,249,428.76", 30/03/2026, HDFCH00897369411," NETBANK, MUMBAI"
, PROFESSIONAL M-1100B0226018240,,,"-3,580,610.84", 30/03/2026, HDFCH00897370294," NETBANK, MUMBAI"
, FT Cr ECMS-CMRGR1100LCU101964-SHREE RADHA ENTERPRISE-50200066931940,," 2,085,650.00",, 30/03/2026, NBCJTQDPHPZXDJFN," NETBANK, MUMBAI"
, NEFT Cr ECMS-BKID0000200-CMRGR1100LCU101880-AKHILESH FABRICATOR-673520110000226,," 722,000.00",, 30/03/2026, BKIDP26089314587, FORT
, CHCE5GD1G33E3K-CBICICEGATE,,,"-14,849,435.00", 30/03/2026, 603305266749," NETBANK, MUMBAI"
, FT Cr ECMS-CMRLTD151LCU101331-J B TRADING-50200083168153,," 50,000.00",, 30/03/2026, HDFCCD5960735E9A," NETBANK, MUMBAI"
, RTGS Cr-YESB0000403-TRADE CLEARING ACCOUNT-CMR GREEN TECHNOLOGIES LIMITED-YESBR52026033057464363,," 2,549,387.00",, 30/03/2026, YESBR52026033057464363, FORT
, RTGS Cr-YESB0000403-TRADE CLEARING ACCOUNT-CMR GREEN TECHNOLOGIES LTD-YESBR52026033057464767,," 2,171,041.00",, 30/03/2026, YESBR52026033057464767, FORT
3/31/2026,Opening balance,"-7,458,217.42",,,,,
, AUTO SWEEPOUT TO CMR GREEN TECHNOLOGI 57500000342857,," 573,400.18",, 30/03/2026,, FARIDABAD HARYANA
, RTGS Cr ECMS-KKBK0000958-CMRLTD151LCU101348-VIMAL CROP CARE PVT LTD-2511400867,," 11,589,064.00",, 31/03/2026, KKBKR22026033121959260, FORT
, FT Cr ECMS-CMRGR1100LCU100963-HEAVEN TRADING COMPANY-50200074139709,," 983,500.00",, 31/03/2026, NBCSFKNGXCWGL0ZY," NETBANK, MUMBAI"
, FT Cr ECMS-CMRGR1100LCU100335-REHAN TRADERS-50200087498200,," 343,300.00",, 31/03/2026, NBXUJUESJIL1DSNA," NETBANK, MUMBAI"
, RTGS Cr ECMS-ICIC0000011-CMRLTD201LCU101100-NIDHI METAL CASTING-140105001959,," 716,000.00",, 31/03/2026, ICICR42026033100503299, FORT
, IMPS CR ECMS-9024-CMRLTD201LCU100256-INDIAN METAL SCRAP-08281131002695,," 100,000.00",, 31/03/2026, 609008403993, FARIDABAD HARYANA
, RTGS Cr ECMS-CNRB0019260-CMRGR1100LCU101620-RITIK TRADING COMPAN-120017944599,," 750,000.00",, 31/03/2026, CNRBR52026033181830683, FORT
, RTGS Cr ECMS-YESB0000001-CMRGR1100LCU101972-SUN SHINE ENTERPRISES-048761900000594,," 358,000.00",, 31/03/2026, YESBR12026033100007644, FORT
, NEFT Cr ECMS-KVBL0002101-CMRGR1100LCU100305-SARA METAL-4204280000000512,," 417,000.00",, 31/03/2026, KVBLH00258312193, FORT
, FT Cr ECMS-CMRGR1100LCU100221-NIYAZ MOHD TRADING AND CASTING-59209813362326,," 458,000.00",, 31/03/2026, NBZEMK2AU8AU2GWP," NETBANK, MUMBAI"
, IMPS CR ECMS-9052-CMRGR1100LCU101769-AMAN ENTERPRISES-0667202500004701,," 34,000.00",, 31/03/2026, 609049104506, FARIDABAD HARYANA
, RTGS Cr ECMS-CNRB0019260-CMRGR1100LCU101620-RITIK TRADING COMPANY-120017944599,," 886,000.00",, 31/03/2026, CNRBR52026033181836574, FORT
, RTGS Cr ECMS-UTIB0001331-CMRLTD202LCU100754-M/S R.P. METAL MERCHANT-920030058906721,," 885,000.00",, 31/03/2026, UTIBR62026033167214161, FORT
, RTGS Cr ECMS-UTIB0001331-CMRLTD201LCU100754-M/S R.P. METAL MERCHANT-920030058906721,," 885,000.00",, 31/03/2026, UTIBR62026033167214168, FORT
, FT Cr ECMS-CMRGR1100LCU101936-JK SLIDE FASTNERS PVT LTD-50200112372292,," 2,484,000.00",, 31/03/2026, NB4HE7BMYE9KGAEO," NETBANK, MUMBAI"
, RTGS Cr ECMS-SBIN0030203-CMRGR1100LCU101333-OPTIMA METAL RECYCLERS-43024599494,," 280,073.00",, 31/03/2026, SBINR12026033122477245, FORT
, COMM ON EXPORT COLL BILL,,,-177, 31/03/2026, 612BC73260900013," KUNDLI, SONEPAT"
, COMM ON LIQD OF IMP COLL BILL,,,-177, 31/03/2026, 612BC05260900014," KUNDLI, SONEPAT"
, FT Cr ECMS-CMRGR1100LCU101964-SHREE RADHA ENTERPRISE-50200066931940,," 2,085,650.00",, 31/03/2026, NBHU0SWIWXMOYDWH," NETBANK, MUMBAI"
, RTGS Cr ECMS-ICIC0000011-CMRLTD201LCU100490-M K TRADERS CASTING-661305500712,," 720,000.00",, 31/03/2026, ICICR42026033100568861, FORT
, COMM ON LIQD OF IMP COLL BILL,,,-177, 31/03/2026, 612BC05260900018," KUNDLI, SONEPAT"
, IMPS CR ECMS-9052-CMRGR1100LCU101769-AMAN ENTERPRISES-0667202500004701,," 4,700.00",, 31/03/2026, 609049208686, FARIDABAD HARYANA
, SWASTIK INTERN-1100B0226018495,,,"-4,783,683.13", 31/03/2026, HDFCH00900025230," NETBANK, MUMBAI"
, ATIF TRADING C-1100B0226018498,,,"-2,758,343.99", 31/03/2026, HDFCH00900029391," NETBANK, MUMBAI"
, FT-HDERRC100698844034-HDFC ERGO GENERAL INSURANCE CO. LTD,,,"-8,056,216.00", 31/03/2026, 603316863191," NETBANK, MUMBAI"
, Thirty Six Aut-1100B0226018494,,,"-39,840.00", 31/03/2026, HDFCH00900079150," NETBANK, MUMBAI"
," RTGS Dr-FDRL0001528-CMRECOALUMINIUMPRIVATELIMITED-NETBANK, MUM-HDFCR52026033189983123",,,"-11,600,000.00", 31/03/2026, HDFCR52026033189983123," NETBANK, MUMBAI"
, 603316646387Ranjan Mishra 14743,,,"-25,000.00", 31/03/2026, HDFCH00900178457," NETBANK, MUMBAI"
, 603316655171Anil Tiwari15979 Marrige gif,,,"-39,540.00", 31/03/2026, HDFCH00900176675," NETBANK, MUMBAI"
, 603316638329Premkumar Satish Pimple15551,,,"-54,365.00", 31/03/2026, HDFCH00900176686," NETBANK, MUMBAI"
, 603316651108Har govind 14808,,,"-25,000.00", 31/03/2026, HDFCH00900174139," NETBANK, MUMBAI"
, 603316644393Riya Rawat 15345,,,"-43,864.00", 31/03/2026, HDFCH00900178469," NETBANK, MUMBAI"
, Lotus Integrat-1100B0226018506,,,"-89,764.38", 31/03/2026, 603317304230," NETBANK, MUMBAI"
, ABHYANSH SHIPP-1100B0226018505,,,"-157,300.00", 31/03/2026, 603317298810," NETBANK, MUMBAI"
, RG TRANSPORT S-1100B0226018491,,,"-219,499.02", 31/03/2026, HDFCH00900223019," NETBANK, MUMBAI"
, CHCE8DC1G5EP3K-CBICICEGATE,,,"-15,413,148.00", 31/03/2026, 603316465443," NETBANK, MUMBAI"
, HARE KRISHNA E-1100B0226018490,,,"-46,764.00", 31/03/2026, 603316855994," NETBANK, MUMBAI"
, BRINDA CORPORA-1100B0226018493,,,"-68,528.50", 31/03/2026, HDFCH00900292684," NETBANK, MUMBAI"
, SHIVAY ULTIMAT-1100B0226018497,,,"-1,659,034.04", 31/03/2026, HDFCH00900291695," NETBANK, MUMBAI"
, SHIVDARSH HOSP-1100B0226018492,,,"-51,725.38", 31/03/2026, HDFCH00900291707," NETBANK, MUMBAI"
, JHARSUGUDA TRA-1100B0226018496,,,"-1,985,642.32", 31/03/2026, HDFCH00900292713," NETBANK, MUMBAI"
, 57500000863497-eco,,,"-40,000,000.00", 31/03/2026, 603317434239," NETBANK, MUMBAI"
," RTGS Dr-YESB0000003-YESBANKLTD-NETBANK, MUM-HDFCR52026033190122006",,,"-8,833,874.00", 31/03/2026, HDFCR52026033190122006," NETBANK, MUMBAI"
, RTGS Cr-SBIN0004298-M s Century Metal Recycling Private-Century Metal Rceycling Pvt Ltd-SBINR12026033122570170,," 10,000,000.00",, 31/03/2026, SBINR12026033122570170, CMS TF WBO MUMBAI
, RTGS Cr-SBIN0004298-M s Century Metal Recycling Private-Century Metal Rceycling Pvt Ltd-SBINR12026033122570038,," 10,000,000.00",, 31/03/2026, SBINR12026033122570038, CMS TF WBO MUMBAI
, RTGS Cr-SBIN0004298-M s Century Metal Recycling Private-Century Metal Rceycling Pvt Ltd-SBINR12026033122570173,," 10,000,000.00",, 31/03/2026, SBINR12026033122570173, CMS TF WBO MUMBAI
, RTGS Cr-SBIN0004298-M s Century Metal Recycling Private-Century Metal Rceycling Pvt Ltd-SBINR12026033122570152,," 10,000,000.00",, 31/03/2026, SBINR12026033122570152, CMS TF WBO MUMBAI
, RTGS Cr-SBIN0004298-CMR TOYOTSU ALUMINIUM INDIA PVT LT-Century Metal Recycling Limited-SBINR12026033122595296,," 10,000,000.00",, 31/03/2026, SBINR12026033122595296, CMS TF WBO MUMBAI
, RTGS Cr-SBIN0004298-CMR TOYOTSU ALUMINIUM INDIA PVT LT-Century Metal Recycling Limited-SBINR12026033122595155,," 10,000,000.00",, 31/03/2026, SBINR12026033122595155, CMS TF WBO MUMBAI
, RTGS Cr-SBIN0004298-CMR TOYOTSU ALUMINIUM INDIA PVT LT-Century Metal Recycling Limited-SBINR12026033122595297,," 10,000,000.00",, 31/03/2026, SBINR12026033122595297, CMS TF WBO MUMBAI
, FT Cr ECMS-CMRGR1100LCU101314-HERO MOTOCORP LIMITED 315-00030110000315,," 49,099,014.24",, 31/03/2026, 603317689351," NETBANK, MUMBAI"
, IMPS CR ECMS-9052-CMRGR1100LCU101769-AMAN ENTERPRISES-0667202500004701,," 4,000.00",, 31/03/2026, 609049280121, FARIDABAD HARYANA
, 00930310001274-1274,,,"-20,000,000.00", 31/03/2026, 603318063324," NETBANK, MUMBAI"
, 57500000540028-40028,,,"-10,000,000.00", 31/03/2026, 603318063609," NETBANK, MUMBAI"
, 57500000863497-Eco,,,"-10,000,000.00", 31/03/2026, 603318064307," NETBANK, MUMBAI"
4/1/2026,Opening balance,"245,821.24",,,,,
, Interest debited till 31-MAR-2026,,,"-464,706.00", 31/03/2026,, FARIDABAD HARYANA
4/1/2026,Closing balance,"-218,884.76",,,,,
